nombre,descripcion
categoria1,jugarlos1
categoria2,jugarlos2
categoria3,jugarlos3
categoria4,jugarlos4
categoria5,jugarlos5
categoria6,jugarlos6
categoria7,jugarlos7
categoria8,jugarlos8
categoria9,jugarlos9
categoria10,jugarlos10
categoria11,jugarlos11
categoria12,jugarlos12
categoria13,jugarlos13
categoria14,jugarlos14
categoria15,jugarlos15
categoria16,jugarlos16
categoria17,jugarlos17
categoria18,jugarlos18
categoria19,jugarlos19
categoria20,jugarlos20
categoria21,jugarlos21
categoria22,jugarlos22
categoria23,jugarlos23
categoria24,jugarlos24
categoria25,jugarlos25
categoria26,jugarlos26
categoria27,jugarlos27
categoria28,jugarlos28
categoria29,jugarlos29
categoria30,jugarlos30
categoria31,jugarlos31
categoria32,jugarlos32
categoria33,jugarlos33
categoria34,jugarlos34
categoria35,jugarlos35
categoria36,jugarlos36
categoria37,jugarlos37
categoria38,jugarlos38
categoria39,jugarlos39
categoria40,jugarlos40
categoria41,jugarlos41
categoria42,jugarlos42
categoria43,jugarlos43
categoria44,jugarlos44
categoria45,jugarlos45
categoria46,jugarlos46
categoria47,jugarlos47
categoria48,jugarlos48
categoria49,jugarlos49
categoria50,jugarlos50
categoria51,jugarlos51
categoria52,jugarlos52
categoria53,jugarlos53
categoria54,jugarlos54
categoria55,jugarlos55
categoria56,jugarlos56
categoria57,jugarlos57
categoria58,jugarlos58
categoria59,jugarlos59
categoria60,jugarlos60
categoria61,jugarlos61
categoria62,jugarlos62
categoria63,jugarlos63
categoria64,jugarlos64
categoria65,jugarlos65
categoria66,jugarlos66
categoria67,jugarlos67
categoria68,jugarlos68
categoria69,jugarlos69
categoria70,jugarlos70
categoria71,jugarlos71
categoria72,jugarlos72
categoria73,jugarlos73
categoria74,jugarlos74
categoria75,jugarlos75
categoria76,jugarlos76
categoria77,jugarlos77
categoria78,jugarlos78
categoria79,jugarlos79
categoria80,jugarlos80
categoria81,jugarlos81
categoria82,jugarlos82
categoria83,jugarlos83
categoria84,jugarlos84
categoria85,jugarlos85
categoria86,jugarlos86
categoria87,jugarlos87
categoria88,jugarlos88
categoria89,jugarlos89
categoria90,jugarlos90
categoria91,jugarlos91
categoria92,jugarlos92
categoria93,jugarlos93
categoria94,jugarlos94
categoria95,jugarlos95
categoria96,jugarlos96
categoria97,jugarlos97
categoria98,jugarlos98
categoria99,jugarlos99
categoria100,jugarlos100
categoria101,jugarlos101
categoria102,jugarlos102
categoria103,jugarlos103
categoria104,jugarlos104
categoria105,jugarlos105
categoria106,jugarlos106
categoria107,jugarlos107
categoria108,jugarlos108
categoria109,jugarlos109
categoria110,jugarlos110
categoria111,jugarlos111
categoria112,jugarlos112
categoria113,jugarlos113
categoria114,jugarlos114
categoria115,jugarlos115
categoria116,jugarlos116
categoria117,jugarlos117
categoria118,jugarlos118
categoria119,jugarlos119
categoria120,jugarlos120
categoria121,jugarlos121
categoria122,jugarlos122
categoria123,jugarlos123
categoria124,jugarlos124
categoria125,jugarlos125
categoria126,jugarlos126
categoria127,jugarlos127
categoria128,jugarlos128
categoria129,jugarlos129
categoria130,jugarlos130
categoria131,jugarlos131
categoria132,jugarlos132
categoria133,jugarlos133
categoria134,jugarlos134
categoria135,jugarlos135
categoria136,jugarlos136
categoria137,jugarlos137
categoria138,jugarlos138
categoria139,jugarlos139
categoria140,jugarlos140
categoria141,jugarlos141
categoria142,jugarlos142
categoria143,jugarlos143
categoria144,jugarlos144
categoria145,jugarlos145
categoria146,jugarlos146
categoria147,jugarlos147
categoria148,jugarlos148
categoria149,jugarlos149
categoria150,jugarlos150
categoria151,jugarlos151
categoria152,jugarlos152
categoria153,jugarlos153
categoria154,jugarlos154
categoria155,jugarlos155
categoria156,jugarlos156
categoria157,jugarlos157
categoria158,jugarlos158
categoria159,jugarlos159
categoria160,jugarlos160
categoria161,jugarlos161
categoria162,jugarlos162
categoria163,jugarlos163
categoria164,jugarlos164
categoria165,jugarlos165
categoria166,jugarlos166
categoria167,jugarlos167
categoria168,jugarlos168
categoria169,jugarlos169
categoria170,jugarlos170
categoria171,jugarlos171
categoria172,jugarlos172
categoria173,jugarlos173
categoria174,jugarlos174
categoria175,jugarlos175
categoria176,jugarlos176
categoria177,jugarlos177
categoria178,jugarlos178
categoria179,jugarlos179
categoria180,jugarlos180
categoria181,jugarlos181
categoria182,jugarlos182
categoria183,jugarlos183
categoria184,jugarlos184
categoria185,jugarlos185
categoria186,jugarlos186
categoria187,jugarlos187
categoria188,jugarlos188
categoria189,jugarlos189
categoria190,jugarlos190
categoria191,jugarlos191
categoria192,jugarlos192
categoria193,jugarlos193
categoria194,jugarlos194
categoria195,jugarlos195
categoria196,jugarlos196
categoria197,jugarlos197
categoria198,jugarlos198
categoria199,jugarlos199
categoria200,jugarlos200
categoria201,jugarlos201
categoria202,jugarlos202
categoria203,jugarlos203
categoria204,jugarlos204
categoria205,jugarlos205
categoria206,jugarlos206
categoria207,jugarlos207
categoria208,jugarlos208
categoria209,jugarlos209
categoria210,jugarlos210
categoria211,jugarlos211
categoria212,jugarlos212
categoria213,jugarlos213
categoria214,jugarlos214
categoria215,jugarlos215
categoria216,jugarlos216
categoria217,jugarlos217
categoria218,jugarlos218
categoria219,jugarlos219
categoria220,jugarlos220
categoria221,jugarlos221
categoria222,jugarlos222
categoria223,jugarlos223
categoria224,jugarlos224
categoria225,jugarlos225
categoria226,jugarlos226
categoria227,jugarlos227
categoria228,jugarlos228
categoria229,jugarlos229
categoria230,jugarlos230
categoria231,jugarlos231
categoria232,jugarlos232
categoria233,jugarlos233
categoria234,jugarlos234
categoria235,jugarlos235
categoria236,jugarlos236
categoria237,jugarlos237
categoria238,jugarlos238
categoria239,jugarlos239
categoria240,jugarlos240
categoria241,jugarlos241
categoria242,jugarlos242
categoria243,jugarlos243
categoria244,jugarlos244
categoria245,jugarlos245
categoria246,jugarlos246
categoria247,jugarlos247
categoria248,jugarlos248
categoria249,jugarlos249
categoria250,jugarlos250
categoria251,jugarlos251
categoria252,jugarlos252
categoria253,jugarlos253
categoria254,jugarlos254
categoria255,jugarlos255
categoria256,jugarlos256
categoria257,jugarlos257
categoria258,jugarlos258
categoria259,jugarlos259
categoria260,jugarlos260
categoria261,jugarlos261
categoria262,jugarlos262
categoria263,jugarlos263
categoria264,jugarlos264
categoria265,jugarlos265
categoria266,jugarlos266
categoria267,jugarlos267
categoria268,jugarlos268
categoria269,jugarlos269
categoria270,jugarlos270
categoria271,jugarlos271
categoria272,jugarlos272
categoria273,jugarlos273
categoria274,jugarlos274
categoria275,jugarlos275
categoria276,jugarlos276
categoria277,jugarlos277
categoria278,jugarlos278
categoria279,jugarlos279
categoria280,jugarlos280
categoria281,jugarlos281
categoria282,jugarlos282
categoria283,jugarlos283
categoria284,jugarlos284
categoria285,jugarlos285
categoria286,jugarlos286
categoria287,jugarlos287
categoria288,jugarlos288
categoria289,jugarlos289
categoria290,jugarlos290
categoria291,jugarlos291
categoria292,jugarlos292
categoria293,jugarlos293
categoria294,jugarlos294
categoria295,jugarlos295
categoria296,jugarlos296
categoria297,jugarlos297
categoria298,jugarlos298
categoria299,jugarlos299
categoria300,jugarlos300
categoria301,jugarlos301
categoria302,jugarlos302
categoria303,jugarlos303
categoria304,jugarlos304
categoria305,jugarlos305
categoria306,jugarlos306
categoria307,jugarlos307
categoria308,jugarlos308
categoria309,jugarlos309
categoria310,jugarlos310
categoria311,jugarlos311
categoria312,jugarlos312
categoria313,jugarlos313
categoria314,jugarlos314
categoria315,jugarlos315
categoria316,jugarlos316
categoria317,jugarlos317
categoria318,jugarlos318
categoria319,jugarlos319
categoria320,jugarlos320
categoria321,jugarlos321
categoria322,jugarlos322
categoria323,jugarlos323
categoria324,jugarlos324
categoria325,jugarlos325
categoria326,jugarlos326
categoria327,jugarlos327
categoria328,jugarlos328
categoria329,jugarlos329
categoria330,jugarlos330
categoria331,jugarlos331
categoria332,jugarlos332
categoria333,jugarlos333
categoria334,jugarlos334
categoria335,jugarlos335
categoria336,jugarlos336
categoria337,jugarlos337
categoria338,jugarlos338
categoria339,jugarlos339
categoria340,jugarlos340
categoria341,jugarlos341
categoria342,jugarlos342
categoria343,jugarlos343
categoria344,jugarlos344
categoria345,jugarlos345
categoria346,jugarlos346
categoria347,jugarlos347
categoria348,jugarlos348
categoria349,jugarlos349
categoria350,jugarlos350
categoria351,jugarlos351
categoria352,jugarlos352
categoria353,jugarlos353
categoria354,jugarlos354
categoria355,jugarlos355
categoria356,jugarlos356
categoria357,jugarlos357
categoria358,jugarlos358
categoria359,jugarlos359
categoria360,jugarlos360
categoria361,jugarlos361
categoria362,jugarlos362
categoria363,jugarlos363
categoria364,jugarlos364
categoria365,jugarlos365
categoria366,jugarlos366
categoria367,jugarlos367
categoria368,jugarlos368
categoria369,jugarlos369
categoria370,jugarlos370
categoria371,jugarlos371
categoria372,jugarlos372
categoria373,jugarlos373
categoria374,jugarlos374
categoria375,jugarlos375
categoria376,jugarlos376
categoria377,jugarlos377
categoria378,jugarlos378
categoria379,jugarlos379
categoria380,jugarlos380
categoria381,jugarlos381
categoria382,jugarlos382
categoria383,jugarlos383
categoria384,jugarlos384
categoria385,jugarlos385
categoria386,jugarlos386
categoria387,jugarlos387
categoria388,jugarlos388
categoria389,jugarlos389
categoria390,jugarlos390
categoria391,jugarlos391
categoria392,jugarlos392
categoria393,jugarlos393
categoria394,jugarlos394
categoria395,jugarlos395
categoria396,jugarlos396
categoria397,jugarlos397
categoria398,jugarlos398
categoria399,jugarlos399
categoria400,jugarlos400
categoria401,jugarlos401
categoria402,jugarlos402
categoria403,jugarlos403
categoria404,jugarlos404
categoria405,jugarlos405
categoria406,jugarlos406
categoria407,jugarlos407
categoria408,jugarlos408
categoria409,jugarlos409
categoria410,jugarlos410
categoria411,jugarlos411
categoria412,jugarlos412
categoria413,jugarlos413
categoria414,jugarlos414
categoria415,jugarlos415
categoria416,jugarlos416
categoria417,jugarlos417
categoria418,jugarlos418
categoria419,jugarlos419
categoria420,jugarlos420
categoria421,jugarlos421
categoria422,jugarlos422
categoria423,jugarlos423
categoria424,jugarlos424
categoria425,jugarlos425
categoria426,jugarlos426
categoria427,jugarlos427
categoria428,jugarlos428
categoria429,jugarlos429
categoria430,jugarlos430
categoria431,jugarlos431
categoria432,jugarlos432
categoria433,jugarlos433
categoria434,jugarlos434
categoria435,jugarlos435
categoria436,jugarlos436
categoria437,jugarlos437
categoria438,jugarlos438
categoria439,jugarlos439
categoria440,jugarlos440
categoria441,jugarlos441
categoria442,jugarlos442
categoria443,jugarlos443
categoria444,jugarlos444
categoria445,jugarlos445
categoria446,jugarlos446
categoria447,jugarlos447
categoria448,jugarlos448
categoria449,jugarlos449
categoria450,jugarlos450
categoria451,jugarlos451
categoria452,jugarlos452
categoria453,jugarlos453
categoria454,jugarlos454
categoria455,jugarlos455
categoria456,jugarlos456
categoria457,jugarlos457
categoria458,jugarlos458
categoria459,jugarlos459
categoria460,jugarlos460
categoria461,jugarlos461
categoria462,jugarlos462
categoria463,jugarlos463
categoria464,jugarlos464
categoria465,jugarlos465
categoria466,jugarlos466
categoria467,jugarlos467
categoria468,jugarlos468
categoria469,jugarlos469
categoria470,jugarlos470
categoria471,jugarlos471
categoria472,jugarlos472
categoria473,jugarlos473
categoria474,jugarlos474
categoria475,jugarlos475
categoria476,jugarlos476
categoria477,jugarlos477
categoria478,jugarlos478
categoria479,jugarlos479
categoria480,jugarlos480
categoria481,jugarlos481
categoria482,jugarlos482
categoria483,jugarlos483
categoria484,jugarlos484
categoria485,jugarlos485
categoria486,jugarlos486
categoria487,jugarlos487
categoria488,jugarlos488
categoria489,jugarlos489
categoria490,jugarlos490
categoria491,jugarlos491
categoria492,jugarlos492
categoria493,jugarlos493
categoria494,jugarlos494
categoria495,jugarlos495
categoria496,jugarlos496
categoria497,jugarlos497
categoria498,jugarlos498
categoria499,jugarlos499
categoria500,jugarlos500
categoria501,jugarlos501
categoria502,jugarlos502
categoria503,jugarlos503
categoria504,jugarlos504
categoria505,jugarlos505
categoria506,jugarlos506
categoria507,jugarlos507
categoria508,jugarlos508
categoria509,jugarlos509
categoria510,jugarlos510
categoria511,jugarlos511
categoria512,jugarlos512
categoria513,jugarlos513
categoria514,jugarlos514
categoria515,jugarlos515
categoria516,jugarlos516
categoria517,jugarlos517
categoria518,jugarlos518
categoria519,jugarlos519
categoria520,jugarlos520
categoria521,jugarlos521
categoria522,jugarlos522
categoria523,jugarlos523
categoria524,jugarlos524
categoria525,jugarlos525
categoria526,jugarlos526
categoria527,jugarlos527
categoria528,jugarlos528
categoria529,jugarlos529
categoria530,jugarlos530
categoria531,jugarlos531
categoria532,jugarlos532
categoria533,jugarlos533
categoria534,jugarlos534
categoria535,jugarlos535
categoria536,jugarlos536
categoria537,jugarlos537
categoria538,jugarlos538
categoria539,jugarlos539
categoria540,jugarlos540
categoria541,jugarlos541
categoria542,jugarlos542
categoria543,jugarlos543
categoria544,jugarlos544
categoria545,jugarlos545
categoria546,jugarlos546
categoria547,jugarlos547
categoria548,jugarlos548
categoria549,jugarlos549
categoria550,jugarlos550
categoria551,jugarlos551
categoria552,jugarlos552
categoria553,jugarlos553
categoria554,jugarlos554
categoria555,jugarlos555
categoria556,jugarlos556
categoria557,jugarlos557
categoria558,jugarlos558
categoria559,jugarlos559
categoria560,jugarlos560
categoria561,jugarlos561
categoria562,jugarlos562
categoria563,jugarlos563
categoria564,jugarlos564
categoria565,jugarlos565
categoria566,jugarlos566
categoria567,jugarlos567
categoria568,jugarlos568
categoria569,jugarlos569
categoria570,jugarlos570
categoria571,jugarlos571
categoria572,jugarlos572
categoria573,jugarlos573
categoria574,jugarlos574
categoria575,jugarlos575
categoria576,jugarlos576
categoria577,jugarlos577
categoria578,jugarlos578
categoria579,jugarlos579
categoria580,jugarlos580
categoria581,jugarlos581
categoria582,jugarlos582
categoria583,jugarlos583
categoria584,jugarlos584
categoria585,jugarlos585
categoria586,jugarlos586
categoria587,jugarlos587
categoria588,jugarlos588
categoria589,jugarlos589
categoria590,jugarlos590
categoria591,jugarlos591
categoria592,jugarlos592
categoria593,jugarlos593
categoria594,jugarlos594
categoria595,jugarlos595
categoria596,jugarlos596
categoria597,jugarlos597
categoria598,jugarlos598
categoria599,jugarlos599
categoria600,jugarlos600
categoria601,jugarlos601
categoria602,jugarlos602
categoria603,jugarlos603
categoria604,jugarlos604
categoria605,jugarlos605
categoria606,jugarlos606
categoria607,jugarlos607
categoria608,jugarlos608
categoria609,jugarlos609
categoria610,jugarlos610
categoria611,jugarlos611
categoria612,jugarlos612
categoria613,jugarlos613
categoria614,jugarlos614
categoria615,jugarlos615
categoria616,jugarlos616
categoria617,jugarlos617
categoria618,jugarlos618
categoria619,jugarlos619
categoria620,jugarlos620
categoria621,jugarlos621
categoria622,jugarlos622
categoria623,jugarlos623
categoria624,jugarlos624
categoria625,jugarlos625
categoria626,jugarlos626
categoria627,jugarlos627
categoria628,jugarlos628
categoria629,jugarlos629
categoria630,jugarlos630
categoria631,jugarlos631
categoria632,jugarlos632
categoria633,jugarlos633
categoria634,jugarlos634
categoria635,jugarlos635
categoria636,jugarlos636
categoria637,jugarlos637
categoria638,jugarlos638
categoria639,jugarlos639
categoria640,jugarlos640
categoria641,jugarlos641
categoria642,jugarlos642
categoria643,jugarlos643
categoria644,jugarlos644
categoria645,jugarlos645
categoria646,jugarlos646
categoria647,jugarlos647
categoria648,jugarlos648
categoria649,jugarlos649
categoria650,jugarlos650
categoria651,jugarlos651
categoria652,jugarlos652
categoria653,jugarlos653
categoria654,jugarlos654
categoria655,jugarlos655
categoria656,jugarlos656
categoria657,jugarlos657
categoria658,jugarlos658
categoria659,jugarlos659
categoria660,jugarlos660
categoria661,jugarlos661
categoria662,jugarlos662
categoria663,jugarlos663
categoria664,jugarlos664
categoria665,jugarlos665
categoria666,jugarlos666
categoria667,jugarlos667
categoria668,jugarlos668
categoria669,jugarlos669
categoria670,jugarlos670
categoria671,jugarlos671
categoria672,jugarlos672
categoria673,jugarlos673
categoria674,jugarlos674
categoria675,jugarlos675
categoria676,jugarlos676
categoria677,jugarlos677
categoria678,jugarlos678
categoria679,jugarlos679
categoria680,jugarlos680
categoria681,jugarlos681
categoria682,jugarlos682
categoria683,jugarlos683
categoria684,jugarlos684
categoria685,jugarlos685
categoria686,jugarlos686
categoria687,jugarlos687
categoria688,jugarlos688
categoria689,jugarlos689
categoria690,jugarlos690
categoria691,jugarlos691
categoria692,jugarlos692
categoria693,jugarlos693
categoria694,jugarlos694
categoria695,jugarlos695
categoria696,jugarlos696
categoria697,jugarlos697
categoria698,jugarlos698
categoria699,jugarlos699
categoria700,jugarlos700
categoria701,jugarlos701
categoria702,jugarlos702
categoria703,jugarlos703
categoria704,jugarlos704
categoria705,jugarlos705
categoria706,jugarlos706
categoria707,jugarlos707
categoria708,jugarlos708
categoria709,jugarlos709
categoria710,jugarlos710
categoria711,jugarlos711
categoria712,jugarlos712
categoria713,jugarlos713
categoria714,jugarlos714
categoria715,jugarlos715
categoria716,jugarlos716
categoria717,jugarlos717
categoria718,jugarlos718
categoria719,jugarlos719
categoria720,jugarlos720
categoria721,jugarlos721
categoria722,jugarlos722
categoria723,jugarlos723
categoria724,jugarlos724
categoria725,jugarlos725
categoria726,jugarlos726
categoria727,jugarlos727
categoria728,jugarlos728
categoria729,jugarlos729
categoria730,jugarlos730
categoria731,jugarlos731
categoria732,jugarlos732
categoria733,jugarlos733
categoria734,jugarlos734
categoria735,jugarlos735
categoria736,jugarlos736
categoria737,jugarlos737
categoria738,jugarlos738
categoria739,jugarlos739
categoria740,jugarlos740
categoria741,jugarlos741
categoria742,jugarlos742
categoria743,jugarlos743
categoria744,jugarlos744
categoria745,jugarlos745
categoria746,jugarlos746
categoria747,jugarlos747
categoria748,jugarlos748
categoria749,jugarlos749
categoria750,jugarlos750
categoria751,jugarlos751
categoria752,jugarlos752
categoria753,jugarlos753
categoria754,jugarlos754
categoria755,jugarlos755
categoria756,jugarlos756
categoria757,jugarlos757
categoria758,jugarlos758
categoria759,jugarlos759
categoria760,jugarlos760
categoria761,jugarlos761
categoria762,jugarlos762
categoria763,jugarlos763
categoria764,jugarlos764
categoria765,jugarlos765
categoria766,jugarlos766
categoria767,jugarlos767
categoria768,jugarlos768
categoria769,jugarlos769
categoria770,jugarlos770
categoria771,jugarlos771
categoria772,jugarlos772
categoria773,jugarlos773
categoria774,jugarlos774
categoria775,jugarlos775
categoria776,jugarlos776
categoria777,jugarlos777
categoria778,jugarlos778
categoria779,jugarlos779
categoria780,jugarlos780
categoria781,jugarlos781
categoria782,jugarlos782
categoria783,jugarlos783
categoria784,jugarlos784
categoria785,jugarlos785
categoria786,jugarlos786
categoria787,jugarlos787
categoria788,jugarlos788
categoria789,jugarlos789
categoria790,jugarlos790
categoria791,jugarlos791
categoria792,jugarlos792
categoria793,jugarlos793
categoria794,jugarlos794
categoria795,jugarlos795
categoria796,jugarlos796
categoria797,jugarlos797
categoria798,jugarlos798
categoria799,jugarlos799
categoria800,jugarlos800
categoria801,jugarlos801
categoria802,jugarlos802
categoria803,jugarlos803
categoria804,jugarlos804
categoria805,jugarlos805
categoria806,jugarlos806
categoria807,jugarlos807
categoria808,jugarlos808
categoria809,jugarlos809
categoria810,jugarlos810
categoria811,jugarlos811
categoria812,jugarlos812
categoria813,jugarlos813
categoria814,jugarlos814
categoria815,jugarlos815
categoria816,jugarlos816
categoria817,jugarlos817
categoria818,jugarlos818
categoria819,jugarlos819
categoria820,jugarlos820
categoria821,jugarlos821
categoria822,jugarlos822
categoria823,jugarlos823
categoria824,jugarlos824
categoria825,jugarlos825
categoria826,jugarlos826
categoria827,jugarlos827
categoria828,jugarlos828
categoria829,jugarlos829
categoria830,jugarlos830
categoria831,jugarlos831
categoria832,jugarlos832
categoria833,jugarlos833
categoria834,jugarlos834
categoria835,jugarlos835
categoria836,jugarlos836
categoria837,jugarlos837
categoria838,jugarlos838
categoria839,jugarlos839
categoria840,jugarlos840
categoria841,jugarlos841
categoria842,jugarlos842
categoria843,jugarlos843
categoria844,jugarlos844
categoria845,jugarlos845
categoria846,jugarlos846
categoria847,jugarlos847
categoria848,jugarlos848
categoria849,jugarlos849
categoria850,jugarlos850
categoria851,jugarlos851
categoria852,jugarlos852
categoria853,jugarlos853
categoria854,jugarlos854
categoria855,jugarlos855
categoria856,jugarlos856
categoria857,jugarlos857
categoria858,jugarlos858
categoria859,jugarlos859
categoria860,jugarlos860
categoria861,jugarlos861
categoria862,jugarlos862
categoria863,jugarlos863
categoria864,jugarlos864
categoria865,jugarlos865
categoria866,jugarlos866
categoria867,jugarlos867
categoria868,jugarlos868
categoria869,jugarlos869
categoria870,jugarlos870
categoria871,jugarlos871
categoria872,jugarlos872
categoria873,jugarlos873
categoria874,jugarlos874
categoria875,jugarlos875
categoria876,jugarlos876
categoria877,jugarlos877
categoria878,jugarlos878
categoria879,jugarlos879
categoria880,jugarlos880
categoria881,jugarlos881
categoria882,jugarlos882
categoria883,jugarlos883
categoria884,jugarlos884
categoria885,jugarlos885
categoria886,jugarlos886
categoria887,jugarlos887
categoria888,jugarlos888
categoria889,jugarlos889
categoria890,jugarlos890
categoria891,jugarlos891
categoria892,jugarlos892
categoria893,jugarlos893
categoria894,jugarlos894
categoria895,jugarlos895
categoria896,jugarlos896
categoria897,jugarlos897
categoria898,jugarlos898
categoria899,jugarlos899
categoria900,jugarlos900
categoria901,jugarlos901
categoria902,jugarlos902
categoria903,jugarlos903
categoria904,jugarlos904
categoria905,jugarlos905
categoria906,jugarlos906
categoria907,jugarlos907
categoria908,jugarlos908
categoria909,jugarlos909
categoria910,jugarlos910
categoria911,jugarlos911
categoria912,jugarlos912
categoria913,jugarlos913
categoria914,jugarlos914
categoria915,jugarlos915
categoria916,jugarlos916
categoria917,jugarlos917
categoria918,jugarlos918
categoria919,jugarlos919
categoria920,jugarlos920
categoria921,jugarlos921
categoria922,jugarlos922
categoria923,jugarlos923
categoria924,jugarlos924
categoria925,jugarlos925
categoria926,jugarlos926
categoria927,jugarlos927
categoria928,jugarlos928
categoria929,jugarlos929
categoria930,jugarlos930
categoria931,jugarlos931
categoria932,jugarlos932
categoria933,jugarlos933
categoria934,jugarlos934
categoria935,jugarlos935
categoria936,jugarlos936
categoria937,jugarlos937
categoria938,jugarlos938
categoria939,jugarlos939
categoria940,jugarlos940
categoria941,jugarlos941
categoria942,jugarlos942
categoria943,jugarlos943
categoria944,jugarlos944
categoria945,jugarlos945
categoria946,jugarlos946
categoria947,jugarlos947
categoria948,jugarlos948
categoria949,jugarlos949
categoria950,jugarlos950
categoria951,jugarlos951
categoria952,jugarlos952
categoria953,jugarlos953
categoria954,jugarlos954
categoria955,jugarlos955
categoria956,jugarlos956
categoria957,jugarlos957
categoria958,jugarlos958
categoria959,jugarlos959
categoria960,jugarlos960
categoria961,jugarlos961
categoria962,jugarlos962
categoria963,jugarlos963
categoria964,jugarlos964
categoria965,jugarlos965
categoria966,jugarlos966
categoria967,jugarlos967
categoria968,jugarlos968
categoria969,jugarlos969
categoria970,jugarlos970
categoria971,jugarlos971
categoria972,jugarlos972
categoria973,jugarlos973
categoria974,jugarlos974
categoria975,jugarlos975
categoria976,jugarlos976
categoria977,jugarlos977
categoria978,jugarlos978
categoria979,jugarlos979
categoria980,jugarlos980
categoria981,jugarlos981
categoria982,jugarlos982
categoria983,jugarlos983
categoria984,jugarlos984
categoria985,jugarlos985
categoria986,jugarlos986
categoria987,jugarlos987
categoria988,jugarlos988
categoria989,jugarlos989
categoria990,jugarlos990
categoria991,jugarlos991
categoria992,jugarlos992
categoria993,jugarlos993
categoria994,jugarlos994
categoria995,jugarlos995
categoria996,jugarlos996
categoria997,jugarlos997
categoria998,jugarlos998
categoria999,jugarlos999
categoria1000,jugarlos1000
categoria1001,jugarlos1001
categoria1002,jugarlos1002
categoria1003,jugarlos1003
categoria1004,jugarlos1004
categoria1005,jugarlos1005
categoria1006,jugarlos1006
categoria1007,jugarlos1007
categoria1008,jugarlos1008
categoria1009,jugarlos1009
categoria1010,jugarlos1010
categoria1011,jugarlos1011
categoria1012,jugarlos1012
categoria1013,jugarlos1013
categoria1014,jugarlos1014
categoria1015,jugarlos1015
categoria1016,jugarlos1016
categoria1017,jugarlos1017
categoria1018,jugarlos1018
categoria1019,jugarlos1019
categoria1020,jugarlos1020
categoria1021,jugarlos1021
categoria1022,jugarlos1022
categoria1023,jugarlos1023
categoria1024,jugarlos1024
categoria1025,jugarlos1025
categoria1026,jugarlos1026
categoria1027,jugarlos1027
categoria1028,jugarlos1028
categoria1029,jugarlos1029
categoria1030,jugarlos1030
categoria1031,jugarlos1031
categoria1032,jugarlos1032
categoria1033,jugarlos1033
categoria1034,jugarlos1034
categoria1035,jugarlos1035
categoria1036,jugarlos1036
categoria1037,jugarlos1037
categoria1038,jugarlos1038
categoria1039,jugarlos1039
categoria1040,jugarlos1040
categoria1041,jugarlos1041
categoria1042,jugarlos1042
categoria1043,jugarlos1043
categoria1044,jugarlos1044
categoria1045,jugarlos1045
categoria1046,jugarlos1046
categoria1047,jugarlos1047
categoria1048,jugarlos1048
categoria1049,jugarlos1049
categoria1050,jugarlos1050
categoria1051,jugarlos1051
categoria1052,jugarlos1052
categoria1053,jugarlos1053
categoria1054,jugarlos1054
categoria1055,jugarlos1055
categoria1056,jugarlos1056
categoria1057,jugarlos1057
categoria1058,jugarlos1058
categoria1059,jugarlos1059
categoria1060,jugarlos1060
categoria1061,jugarlos1061
categoria1062,jugarlos1062
categoria1063,jugarlos1063
categoria1064,jugarlos1064
categoria1065,jugarlos1065
categoria1066,jugarlos1066
categoria1067,jugarlos1067
categoria1068,jugarlos1068
categoria1069,jugarlos1069
categoria1070,jugarlos1070
categoria1071,jugarlos1071
categoria1072,jugarlos1072
categoria1073,jugarlos1073
categoria1074,jugarlos1074
categoria1075,jugarlos1075
categoria1076,jugarlos1076
categoria1077,jugarlos1077
categoria1078,jugarlos1078
categoria1079,jugarlos1079
categoria1080,jugarlos1080
categoria1081,jugarlos1081
categoria1082,jugarlos1082
categoria1083,jugarlos1083
categoria1084,jugarlos1084
categoria1085,jugarlos1085
categoria1086,jugarlos1086
categoria1087,jugarlos1087
categoria1088,jugarlos1088
categoria1089,jugarlos1089
categoria1090,jugarlos1090
categoria1091,jugarlos1091
categoria1092,jugarlos1092
categoria1093,jugarlos1093
categoria1094,jugarlos1094
categoria1095,jugarlos1095
categoria1096,jugarlos1096
categoria1097,jugarlos1097
categoria1098,jugarlos1098
categoria1099,jugarlos1099
categoria1100,jugarlos1100
categoria1101,jugarlos1101
categoria1102,jugarlos1102
categoria1103,jugarlos1103
categoria1104,jugarlos1104
categoria1105,jugarlos1105
categoria1106,jugarlos1106
categoria1107,jugarlos1107
categoria1108,jugarlos1108
categoria1109,jugarlos1109
categoria1110,jugarlos1110
categoria1111,jugarlos1111
categoria1112,jugarlos1112
categoria1113,jugarlos1113
categoria1114,jugarlos1114
categoria1115,jugarlos1115
categoria1116,jugarlos1116
categoria1117,jugarlos1117
categoria1118,jugarlos1118
categoria1119,jugarlos1119
categoria1120,jugarlos1120
categoria1121,jugarlos1121
categoria1122,jugarlos1122
categoria1123,jugarlos1123
categoria1124,jugarlos1124
categoria1125,jugarlos1125
categoria1126,jugarlos1126
categoria1127,jugarlos1127
categoria1128,jugarlos1128
categoria1129,jugarlos1129
categoria1130,jugarlos1130
categoria1131,jugarlos1131
categoria1132,jugarlos1132
categoria1133,jugarlos1133
categoria1134,jugarlos1134
categoria1135,jugarlos1135
categoria1136,jugarlos1136
categoria1137,jugarlos1137
categoria1138,jugarlos1138
categoria1139,jugarlos1139
categoria1140,jugarlos1140
categoria1141,jugarlos1141
categoria1142,jugarlos1142
categoria1143,jugarlos1143
categoria1144,jugarlos1144
categoria1145,jugarlos1145
categoria1146,jugarlos1146
categoria1147,jugarlos1147
categoria1148,jugarlos1148
categoria1149,jugarlos1149
categoria1150,jugarlos1150
categoria1151,jugarlos1151
categoria1152,jugarlos1152
categoria1153,jugarlos1153
categoria1154,jugarlos1154
categoria1155,jugarlos1155
categoria1156,jugarlos1156
categoria1157,jugarlos1157
categoria1158,jugarlos1158
categoria1159,jugarlos1159
categoria1160,jugarlos1160
categoria1161,jugarlos1161
categoria1162,jugarlos1162
categoria1163,jugarlos1163
categoria1164,jugarlos1164
categoria1165,jugarlos1165
categoria1166,jugarlos1166
categoria1167,jugarlos1167
categoria1168,jugarlos1168
categoria1169,jugarlos1169
categoria1170,jugarlos1170
categoria1171,jugarlos1171
categoria1172,jugarlos1172
categoria1173,jugarlos1173
categoria1174,jugarlos1174
categoria1175,jugarlos1175
categoria1176,jugarlos1176
categoria1177,jugarlos1177
categoria1178,jugarlos1178
categoria1179,jugarlos1179
categoria1180,jugarlos1180
categoria1181,jugarlos1181
categoria1182,jugarlos1182
categoria1183,jugarlos1183
categoria1184,jugarlos1184
categoria1185,jugarlos1185
categoria1186,jugarlos1186
categoria1187,jugarlos1187
categoria1188,jugarlos1188
categoria1189,jugarlos1189
categoria1190,jugarlos1190
categoria1191,jugarlos1191
categoria1192,jugarlos1192
categoria1193,jugarlos1193
categoria1194,jugarlos1194
categoria1195,jugarlos1195
categoria1196,jugarlos1196
categoria1197,jugarlos1197
categoria1198,jugarlos1198
categoria1199,jugarlos1199
categoria1200,jugarlos1200
categoria1201,jugarlos1201
categoria1202,jugarlos1202
categoria1203,jugarlos1203
categoria1204,jugarlos1204
categoria1205,jugarlos1205
categoria1206,jugarlos1206
categoria1207,jugarlos1207
categoria1208,jugarlos1208
categoria1209,jugarlos1209
categoria1210,jugarlos1210
categoria1211,jugarlos1211
categoria1212,jugarlos1212
categoria1213,jugarlos1213
categoria1214,jugarlos1214
categoria1215,jugarlos1215
categoria1216,jugarlos1216
categoria1217,jugarlos1217
categoria1218,jugarlos1218
categoria1219,jugarlos1219
categoria1220,jugarlos1220
categoria1221,jugarlos1221
categoria1222,jugarlos1222
categoria1223,jugarlos1223
categoria1224,jugarlos1224
categoria1225,jugarlos1225
categoria1226,jugarlos1226
categoria1227,jugarlos1227
categoria1228,jugarlos1228
categoria1229,jugarlos1229
categoria1230,jugarlos1230
categoria1231,jugarlos1231
categoria1232,jugarlos1232
categoria1233,jugarlos1233
categoria1234,jugarlos1234
categoria1235,jugarlos1235
categoria1236,jugarlos1236
categoria1237,jugarlos1237
categoria1238,jugarlos1238
categoria1239,jugarlos1239
categoria1240,jugarlos1240
categoria1241,jugarlos1241
categoria1242,jugarlos1242
categoria1243,jugarlos1243
categoria1244,jugarlos1244
categoria1245,jugarlos1245
categoria1246,jugarlos1246
categoria1247,jugarlos1247
categoria1248,jugarlos1248
categoria1249,jugarlos1249
categoria1250,jugarlos1250
categoria1251,jugarlos1251
categoria1252,jugarlos1252
categoria1253,jugarlos1253
categoria1254,jugarlos1254
categoria1255,jugarlos1255
categoria1256,jugarlos1256
categoria1257,jugarlos1257
categoria1258,jugarlos1258
categoria1259,jugarlos1259
categoria1260,jugarlos1260
categoria1261,jugarlos1261
categoria1262,jugarlos1262
categoria1263,jugarlos1263
categoria1264,jugarlos1264
categoria1265,jugarlos1265
categoria1266,jugarlos1266
categoria1267,jugarlos1267
categoria1268,jugarlos1268
categoria1269,jugarlos1269
categoria1270,jugarlos1270
categoria1271,jugarlos1271
categoria1272,jugarlos1272
categoria1273,jugarlos1273
categoria1274,jugarlos1274
categoria1275,jugarlos1275
categoria1276,jugarlos1276
categoria1277,jugarlos1277
categoria1278,jugarlos1278
categoria1279,jugarlos1279
categoria1280,jugarlos1280
categoria1281,jugarlos1281
categoria1282,jugarlos1282
categoria1283,jugarlos1283
categoria1284,jugarlos1284
categoria1285,jugarlos1285
categoria1286,jugarlos1286
categoria1287,jugarlos1287
categoria1288,jugarlos1288
categoria1289,jugarlos1289
categoria1290,jugarlos1290
categoria1291,jugarlos1291
categoria1292,jugarlos1292
categoria1293,jugarlos1293
categoria1294,jugarlos1294
categoria1295,jugarlos1295
categoria1296,jugarlos1296
categoria1297,jugarlos1297
categoria1298,jugarlos1298
categoria1299,jugarlos1299
categoria1300,jugarlos1300
categoria1301,jugarlos1301
categoria1302,jugarlos1302
categoria1303,jugarlos1303
categoria1304,jugarlos1304
categoria1305,jugarlos1305
categoria1306,jugarlos1306
categoria1307,jugarlos1307
categoria1308,jugarlos1308
categoria1309,jugarlos1309
categoria1310,jugarlos1310
categoria1311,jugarlos1311
categoria1312,jugarlos1312
categoria1313,jugarlos1313
categoria1314,jugarlos1314
categoria1315,jugarlos1315
categoria1316,jugarlos1316
categoria1317,jugarlos1317
categoria1318,jugarlos1318
categoria1319,jugarlos1319
categoria1320,jugarlos1320
categoria1321,jugarlos1321
categoria1322,jugarlos1322
categoria1323,jugarlos1323
categoria1324,jugarlos1324
categoria1325,jugarlos1325
categoria1326,jugarlos1326
categoria1327,jugarlos1327
categoria1328,jugarlos1328
categoria1329,jugarlos1329
categoria1330,jugarlos1330
categoria1331,jugarlos1331
categoria1332,jugarlos1332
categoria1333,jugarlos1333
categoria1334,jugarlos1334
categoria1335,jugarlos1335
categoria1336,jugarlos1336
categoria1337,jugarlos1337
categoria1338,jugarlos1338
categoria1339,jugarlos1339
categoria1340,jugarlos1340
categoria1341,jugarlos1341
categoria1342,jugarlos1342
categoria1343,jugarlos1343
categoria1344,jugarlos1344
categoria1345,jugarlos1345
categoria1346,jugarlos1346
categoria1347,jugarlos1347
categoria1348,jugarlos1348
categoria1349,jugarlos1349
categoria1350,jugarlos1350
categoria1351,jugarlos1351
categoria1352,jugarlos1352
categoria1353,jugarlos1353
categoria1354,jugarlos1354
categoria1355,jugarlos1355
categoria1356,jugarlos1356
categoria1357,jugarlos1357
categoria1358,jugarlos1358
categoria1359,jugarlos1359
categoria1360,jugarlos1360
categoria1361,jugarlos1361
categoria1362,jugarlos1362
categoria1363,jugarlos1363
categoria1364,jugarlos1364
categoria1365,jugarlos1365
categoria1366,jugarlos1366
categoria1367,jugarlos1367
categoria1368,jugarlos1368
categoria1369,jugarlos1369
categoria1370,jugarlos1370
categoria1371,jugarlos1371
categoria1372,jugarlos1372
categoria1373,jugarlos1373
categoria1374,jugarlos1374
categoria1375,jugarlos1375
categoria1376,jugarlos1376
categoria1377,jugarlos1377
categoria1378,jugarlos1378
categoria1379,jugarlos1379
categoria1380,jugarlos1380
categoria1381,jugarlos1381
categoria1382,jugarlos1382
categoria1383,jugarlos1383
categoria1384,jugarlos1384
categoria1385,jugarlos1385
categoria1386,jugarlos1386
categoria1387,jugarlos1387
categoria1388,jugarlos1388
categoria1389,jugarlos1389
categoria1390,jugarlos1390
categoria1391,jugarlos1391
categoria1392,jugarlos1392
categoria1393,jugarlos1393
categoria1394,jugarlos1394
categoria1395,jugarlos1395
categoria1396,jugarlos1396
categoria1397,jugarlos1397
categoria1398,jugarlos1398
categoria1399,jugarlos1399
categoria1400,jugarlos1400
categoria1401,jugarlos1401
categoria1402,jugarlos1402
categoria1403,jugarlos1403
categoria1404,jugarlos1404
categoria1405,jugarlos1405
categoria1406,jugarlos1406
categoria1407,jugarlos1407
categoria1408,jugarlos1408
categoria1409,jugarlos1409
categoria1410,jugarlos1410
categoria1411,jugarlos1411
categoria1412,jugarlos1412
categoria1413,jugarlos1413
categoria1414,jugarlos1414
categoria1415,jugarlos1415
categoria1416,jugarlos1416
categoria1417,jugarlos1417
categoria1418,jugarlos1418
categoria1419,jugarlos1419
categoria1420,jugarlos1420
categoria1421,jugarlos1421
categoria1422,jugarlos1422
categoria1423,jugarlos1423
categoria1424,jugarlos1424
categoria1425,jugarlos1425
categoria1426,jugarlos1426
categoria1427,jugarlos1427
categoria1428,jugarlos1428
categoria1429,jugarlos1429
categoria1430,jugarlos1430
categoria1431,jugarlos1431
categoria1432,jugarlos1432
categoria1433,jugarlos1433
categoria1434,jugarlos1434
categoria1435,jugarlos1435
categoria1436,jugarlos1436
categoria1437,jugarlos1437
categoria1438,jugarlos1438
categoria1439,jugarlos1439
categoria1440,jugarlos1440
categoria1441,jugarlos1441
categoria1442,jugarlos1442
categoria1443,jugarlos1443
categoria1444,jugarlos1444
categoria1445,jugarlos1445
categoria1446,jugarlos1446
categoria1447,jugarlos1447
categoria1448,jugarlos1448
categoria1449,jugarlos1449
categoria1450,jugarlos1450
categoria1451,jugarlos1451
categoria1452,jugarlos1452
categoria1453,jugarlos1453
categoria1454,jugarlos1454
categoria1455,jugarlos1455
categoria1456,jugarlos1456
categoria1457,jugarlos1457
categoria1458,jugarlos1458
categoria1459,jugarlos1459
categoria1460,jugarlos1460
categoria1461,jugarlos1461
categoria1462,jugarlos1462
categoria1463,jugarlos1463
categoria1464,jugarlos1464
categoria1465,jugarlos1465
categoria1466,jugarlos1466
categoria1467,jugarlos1467
categoria1468,jugarlos1468
categoria1469,jugarlos1469
categoria1470,jugarlos1470
categoria1471,jugarlos1471
categoria1472,jugarlos1472
categoria1473,jugarlos1473
categoria1474,jugarlos1474
categoria1475,jugarlos1475
categoria1476,jugarlos1476
categoria1477,jugarlos1477
categoria1478,jugarlos1478
categoria1479,jugarlos1479
categoria1480,jugarlos1480
categoria1481,jugarlos1481
categoria1482,jugarlos1482
categoria1483,jugarlos1483
categoria1484,jugarlos1484
categoria1485,jugarlos1485
categoria1486,jugarlos1486
categoria1487,jugarlos1487
categoria1488,jugarlos1488
categoria1489,jugarlos1489
categoria1490,jugarlos1490
categoria1491,jugarlos1491
categoria1492,jugarlos1492
categoria1493,jugarlos1493
categoria1494,jugarlos1494
categoria1495,jugarlos1495
categoria1496,jugarlos1496
categoria1497,jugarlos1497
categoria1498,jugarlos1498
categoria1499,jugarlos1499
categoria1500,jugarlos1500
categoria1501,jugarlos1501
categoria1502,jugarlos1502
categoria1503,jugarlos1503
categoria1504,jugarlos1504
categoria1505,jugarlos1505
categoria1506,jugarlos1506
categoria1507,jugarlos1507
categoria1508,jugarlos1508
categoria1509,jugarlos1509
categoria1510,jugarlos1510
categoria1511,jugarlos1511
categoria1512,jugarlos1512
categoria1513,jugarlos1513
categoria1514,jugarlos1514
categoria1515,jugarlos1515
categoria1516,jugarlos1516
categoria1517,jugarlos1517
categoria1518,jugarlos1518
categoria1519,jugarlos1519
categoria1520,jugarlos1520
categoria1521,jugarlos1521
categoria1522,jugarlos1522
categoria1523,jugarlos1523
categoria1524,jugarlos1524
categoria1525,jugarlos1525
categoria1526,jugarlos1526
categoria1527,jugarlos1527
categoria1528,jugarlos1528
categoria1529,jugarlos1529
categoria1530,jugarlos1530
categoria1531,jugarlos1531
categoria1532,jugarlos1532
categoria1533,jugarlos1533
categoria1534,jugarlos1534
categoria1535,jugarlos1535
categoria1536,jugarlos1536
categoria1537,jugarlos1537
categoria1538,jugarlos1538
categoria1539,jugarlos1539
categoria1540,jugarlos1540
categoria1541,jugarlos1541
categoria1542,jugarlos1542
categoria1543,jugarlos1543
categoria1544,jugarlos1544
categoria1545,jugarlos1545
categoria1546,jugarlos1546
categoria1547,jugarlos1547
categoria1548,jugarlos1548
categoria1549,jugarlos1549
categoria1550,jugarlos1550
categoria1551,jugarlos1551
categoria1552,jugarlos1552
categoria1553,jugarlos1553
categoria1554,jugarlos1554
categoria1555,jugarlos1555
categoria1556,jugarlos1556
categoria1557,jugarlos1557
categoria1558,jugarlos1558
categoria1559,jugarlos1559
categoria1560,jugarlos1560
categoria1561,jugarlos1561
categoria1562,jugarlos1562
categoria1563,jugarlos1563
categoria1564,jugarlos1564
categoria1565,jugarlos1565
categoria1566,jugarlos1566
categoria1567,jugarlos1567
categoria1568,jugarlos1568
categoria1569,jugarlos1569
categoria1570,jugarlos1570
categoria1571,jugarlos1571
categoria1572,jugarlos1572
categoria1573,jugarlos1573
categoria1574,jugarlos1574
categoria1575,jugarlos1575
categoria1576,jugarlos1576
categoria1577,jugarlos1577
categoria1578,jugarlos1578
categoria1579,jugarlos1579
categoria1580,jugarlos1580
categoria1581,jugarlos1581
categoria1582,jugarlos1582
categoria1583,jugarlos1583
categoria1584,jugarlos1584
categoria1585,jugarlos1585
categoria1586,jugarlos1586
categoria1587,jugarlos1587
categoria1588,jugarlos1588
categoria1589,jugarlos1589
categoria1590,jugarlos1590
categoria1591,jugarlos1591
categoria1592,jugarlos1592
categoria1593,jugarlos1593
categoria1594,jugarlos1594
categoria1595,jugarlos1595
categoria1596,jugarlos1596
categoria1597,jugarlos1597
categoria1598,jugarlos1598
categoria1599,jugarlos1599
categoria1600,jugarlos1600
categoria1601,jugarlos1601
categoria1602,jugarlos1602
categoria1603,jugarlos1603
categoria1604,jugarlos1604
categoria1605,jugarlos1605
categoria1606,jugarlos1606
categoria1607,jugarlos1607
categoria1608,jugarlos1608
categoria1609,jugarlos1609
categoria1610,jugarlos1610
categoria1611,jugarlos1611
categoria1612,jugarlos1612
categoria1613,jugarlos1613
categoria1614,jugarlos1614
categoria1615,jugarlos1615
categoria1616,jugarlos1616
categoria1617,jugarlos1617
categoria1618,jugarlos1618
categoria1619,jugarlos1619
categoria1620,jugarlos1620
categoria1621,jugarlos1621
categoria1622,jugarlos1622
categoria1623,jugarlos1623
categoria1624,jugarlos1624
categoria1625,jugarlos1625
categoria1626,jugarlos1626
categoria1627,jugarlos1627
categoria1628,jugarlos1628
categoria1629,jugarlos1629
categoria1630,jugarlos1630
categoria1631,jugarlos1631
categoria1632,jugarlos1632
categoria1633,jugarlos1633
categoria1634,jugarlos1634
categoria1635,jugarlos1635
categoria1636,jugarlos1636
categoria1637,jugarlos1637
categoria1638,jugarlos1638
categoria1639,jugarlos1639
categoria1640,jugarlos1640
categoria1641,jugarlos1641
categoria1642,jugarlos1642
categoria1643,jugarlos1643
categoria1644,jugarlos1644
categoria1645,jugarlos1645
categoria1646,jugarlos1646
categoria1647,jugarlos1647
categoria1648,jugarlos1648
categoria1649,jugarlos1649
categoria1650,jugarlos1650
categoria1651,jugarlos1651
categoria1652,jugarlos1652
categoria1653,jugarlos1653
categoria1654,jugarlos1654
categoria1655,jugarlos1655
categoria1656,jugarlos1656
categoria1657,jugarlos1657
categoria1658,jugarlos1658
categoria1659,jugarlos1659
categoria1660,jugarlos1660
categoria1661,jugarlos1661
categoria1662,jugarlos1662
categoria1663,jugarlos1663
categoria1664,jugarlos1664
categoria1665,jugarlos1665
categoria1666,jugarlos1666
categoria1667,jugarlos1667
categoria1668,jugarlos1668
categoria1669,jugarlos1669
categoria1670,jugarlos1670
categoria1671,jugarlos1671
categoria1672,jugarlos1672
categoria1673,jugarlos1673
categoria1674,jugarlos1674
categoria1675,jugarlos1675
categoria1676,jugarlos1676
categoria1677,jugarlos1677
categoria1678,jugarlos1678
categoria1679,jugarlos1679
categoria1680,jugarlos1680
categoria1681,jugarlos1681
categoria1682,jugarlos1682
categoria1683,jugarlos1683
categoria1684,jugarlos1684
categoria1685,jugarlos1685
categoria1686,jugarlos1686
categoria1687,jugarlos1687
categoria1688,jugarlos1688
categoria1689,jugarlos1689
categoria1690,jugarlos1690
categoria1691,jugarlos1691
categoria1692,jugarlos1692
categoria1693,jugarlos1693
categoria1694,jugarlos1694
categoria1695,jugarlos1695
categoria1696,jugarlos1696
categoria1697,jugarlos1697
categoria1698,jugarlos1698
categoria1699,jugarlos1699
categoria1700,jugarlos1700
categoria1701,jugarlos1701
categoria1702,jugarlos1702
categoria1703,jugarlos1703
categoria1704,jugarlos1704
categoria1705,jugarlos1705
categoria1706,jugarlos1706
categoria1707,jugarlos1707
categoria1708,jugarlos1708
categoria1709,jugarlos1709
categoria1710,jugarlos1710
categoria1711,jugarlos1711
categoria1712,jugarlos1712
categoria1713,jugarlos1713
categoria1714,jugarlos1714
categoria1715,jugarlos1715
categoria1716,jugarlos1716
categoria1717,jugarlos1717
categoria1718,jugarlos1718
categoria1719,jugarlos1719
categoria1720,jugarlos1720
categoria1721,jugarlos1721
categoria1722,jugarlos1722
categoria1723,jugarlos1723
categoria1724,jugarlos1724
categoria1725,jugarlos1725
categoria1726,jugarlos1726
categoria1727,jugarlos1727
categoria1728,jugarlos1728
categoria1729,jugarlos1729
categoria1730,jugarlos1730
categoria1731,jugarlos1731
categoria1732,jugarlos1732
categoria1733,jugarlos1733
categoria1734,jugarlos1734
categoria1735,jugarlos1735
categoria1736,jugarlos1736
categoria1737,jugarlos1737
categoria1738,jugarlos1738
categoria1739,jugarlos1739
categoria1740,jugarlos1740
categoria1741,jugarlos1741
categoria1742,jugarlos1742
categoria1743,jugarlos1743
categoria1744,jugarlos1744
categoria1745,jugarlos1745
categoria1746,jugarlos1746
categoria1747,jugarlos1747
categoria1748,jugarlos1748
categoria1749,jugarlos1749
categoria1750,jugarlos1750
categoria1751,jugarlos1751
categoria1752,jugarlos1752
categoria1753,jugarlos1753
categoria1754,jugarlos1754
categoria1755,jugarlos1755
categoria1756,jugarlos1756
categoria1757,jugarlos1757
categoria1758,jugarlos1758
categoria1759,jugarlos1759
categoria1760,jugarlos1760
categoria1761,jugarlos1761
categoria1762,jugarlos1762
categoria1763,jugarlos1763
categoria1764,jugarlos1764
categoria1765,jugarlos1765
categoria1766,jugarlos1766
categoria1767,jugarlos1767
categoria1768,jugarlos1768
categoria1769,jugarlos1769
categoria1770,jugarlos1770
categoria1771,jugarlos1771
categoria1772,jugarlos1772
categoria1773,jugarlos1773
categoria1774,jugarlos1774
categoria1775,jugarlos1775
categoria1776,jugarlos1776
categoria1777,jugarlos1777
categoria1778,jugarlos1778
categoria1779,jugarlos1779
categoria1780,jugarlos1780
categoria1781,jugarlos1781
categoria1782,jugarlos1782
categoria1783,jugarlos1783
categoria1784,jugarlos1784
categoria1785,jugarlos1785
categoria1786,jugarlos1786
categoria1787,jugarlos1787
categoria1788,jugarlos1788
categoria1789,jugarlos1789
categoria1790,jugarlos1790
categoria1791,jugarlos1791
categoria1792,jugarlos1792
categoria1793,jugarlos1793
categoria1794,jugarlos1794
categoria1795,jugarlos1795
categoria1796,jugarlos1796
categoria1797,jugarlos1797
categoria1798,jugarlos1798
categoria1799,jugarlos1799
categoria1800,jugarlos1800
categoria1801,jugarlos1801
categoria1802,jugarlos1802
categoria1803,jugarlos1803
categoria1804,jugarlos1804
categoria1805,jugarlos1805
categoria1806,jugarlos1806
categoria1807,jugarlos1807
categoria1808,jugarlos1808
categoria1809,jugarlos1809
categoria1810,jugarlos1810
categoria1811,jugarlos1811
categoria1812,jugarlos1812
categoria1813,jugarlos1813
categoria1814,jugarlos1814
categoria1815,jugarlos1815
categoria1816,jugarlos1816
categoria1817,jugarlos1817
categoria1818,jugarlos1818
categoria1819,jugarlos1819
categoria1820,jugarlos1820
categoria1821,jugarlos1821
categoria1822,jugarlos1822
categoria1823,jugarlos1823
categoria1824,jugarlos1824
categoria1825,jugarlos1825
categoria1826,jugarlos1826
categoria1827,jugarlos1827
categoria1828,jugarlos1828
categoria1829,jugarlos1829
categoria1830,jugarlos1830
categoria1831,jugarlos1831
categoria1832,jugarlos1832
categoria1833,jugarlos1833
categoria1834,jugarlos1834
categoria1835,jugarlos1835
categoria1836,jugarlos1836
categoria1837,jugarlos1837
categoria1838,jugarlos1838
categoria1839,jugarlos1839
categoria1840,jugarlos1840
categoria1841,jugarlos1841
categoria1842,jugarlos1842
categoria1843,jugarlos1843
categoria1844,jugarlos1844
categoria1845,jugarlos1845
categoria1846,jugarlos1846
categoria1847,jugarlos1847
categoria1848,jugarlos1848
categoria1849,jugarlos1849
categoria1850,jugarlos1850
categoria1851,jugarlos1851
categoria1852,jugarlos1852
categoria1853,jugarlos1853
categoria1854,jugarlos1854
categoria1855,jugarlos1855
categoria1856,jugarlos1856
categoria1857,jugarlos1857
categoria1858,jugarlos1858
categoria1859,jugarlos1859
categoria1860,jugarlos1860
categoria1861,jugarlos1861
categoria1862,jugarlos1862
categoria1863,jugarlos1863
categoria1864,jugarlos1864
categoria1865,jugarlos1865
categoria1866,jugarlos1866
categoria1867,jugarlos1867
categoria1868,jugarlos1868
categoria1869,jugarlos1869
categoria1870,jugarlos1870
categoria1871,jugarlos1871
categoria1872,jugarlos1872
categoria1873,jugarlos1873
categoria1874,jugarlos1874
categoria1875,jugarlos1875
categoria1876,jugarlos1876
categoria1877,jugarlos1877
categoria1878,jugarlos1878
categoria1879,jugarlos1879
categoria1880,jugarlos1880
categoria1881,jugarlos1881
categoria1882,jugarlos1882
categoria1883,jugarlos1883
categoria1884,jugarlos1884
categoria1885,jugarlos1885
categoria1886,jugarlos1886
categoria1887,jugarlos1887
categoria1888,jugarlos1888
categoria1889,jugarlos1889
categoria1890,jugarlos1890
categoria1891,jugarlos1891
categoria1892,jugarlos1892
categoria1893,jugarlos1893
categoria1894,jugarlos1894
categoria1895,jugarlos1895
categoria1896,jugarlos1896
categoria1897,jugarlos1897
categoria1898,jugarlos1898
categoria1899,jugarlos1899
categoria1900,jugarlos1900
categoria1901,jugarlos1901
categoria1902,jugarlos1902
categoria1903,jugarlos1903
categoria1904,jugarlos1904
categoria1905,jugarlos1905
categoria1906,jugarlos1906
categoria1907,jugarlos1907
categoria1908,jugarlos1908
categoria1909,jugarlos1909
categoria1910,jugarlos1910
categoria1911,jugarlos1911
categoria1912,jugarlos1912
categoria1913,jugarlos1913
categoria1914,jugarlos1914
categoria1915,jugarlos1915
categoria1916,jugarlos1916
categoria1917,jugarlos1917
categoria1918,jugarlos1918
categoria1919,jugarlos1919
categoria1920,jugarlos1920
categoria1921,jugarlos1921
categoria1922,jugarlos1922
categoria1923,jugarlos1923
categoria1924,jugarlos1924
categoria1925,jugarlos1925
categoria1926,jugarlos1926
categoria1927,jugarlos1927
categoria1928,jugarlos1928
categoria1929,jugarlos1929
categoria1930,jugarlos1930
categoria1931,jugarlos1931
categoria1932,jugarlos1932
categoria1933,jugarlos1933
categoria1934,jugarlos1934
categoria1935,jugarlos1935
categoria1936,jugarlos1936
categoria1937,jugarlos1937
categoria1938,jugarlos1938
categoria1939,jugarlos1939
categoria1940,jugarlos1940
categoria1941,jugarlos1941
categoria1942,jugarlos1942
categoria1943,jugarlos1943
categoria1944,jugarlos1944
categoria1945,jugarlos1945
categoria1946,jugarlos1946
categoria1947,jugarlos1947
categoria1948,jugarlos1948
categoria1949,jugarlos1949
categoria1950,jugarlos1950
categoria1951,jugarlos1951
categoria1952,jugarlos1952
categoria1953,jugarlos1953
categoria1954,jugarlos1954
categoria1955,jugarlos1955
categoria1956,jugarlos1956
categoria1957,jugarlos1957
categoria1958,jugarlos1958
categoria1959,jugarlos1959
categoria1960,jugarlos1960
categoria1961,jugarlos1961
categoria1962,jugarlos1962
categoria1963,jugarlos1963
categoria1964,jugarlos1964
categoria1965,jugarlos1965
categoria1966,jugarlos1966
categoria1967,jugarlos1967
categoria1968,jugarlos1968
categoria1969,jugarlos1969
categoria1970,jugarlos1970
categoria1971,jugarlos1971
categoria1972,jugarlos1972
categoria1973,jugarlos1973
categoria1974,jugarlos1974
categoria1975,jugarlos1975
categoria1976,jugarlos1976
categoria1977,jugarlos1977
categoria1978,jugarlos1978
categoria1979,jugarlos1979
categoria1980,jugarlos1980
categoria1981,jugarlos1981
categoria1982,jugarlos1982
categoria1983,jugarlos1983
categoria1984,jugarlos1984
categoria1985,jugarlos1985
categoria1986,jugarlos1986
categoria1987,jugarlos1987
categoria1988,jugarlos1988
categoria1989,jugarlos1989
categoria1990,jugarlos1990
categoria1991,jugarlos1991
categoria1992,jugarlos1992
categoria1993,jugarlos1993
categoria1994,jugarlos1994
categoria1995,jugarlos1995
categoria1996,jugarlos1996
categoria1997,jugarlos1997
categoria1998,jugarlos1998
categoria1999,jugarlos1999
categoria2000,jugarlos2000
