idD,nombre
1000000001,Dyanne Finlan
1000000002,Joni Oliveto
1000000003,Travis Ricardot
1000000004,Pancho Jancy
1000000005,Wenda Monshall
1000000006,Chicky Biaggiotti
1000000007,Yorgo McMorran
1000000008,Elna Edsall
1000000009,Joella Shea
1000000010,Alisa Crisell
1000000011,Scottie Cullabine
1000000012,Alexandrina Alloisi
1000000013,Doretta Worge
1000000014,Cleve Adamec
1000000015,Alexandros Coleson
1000000016,Bliss Byart
1000000017,Perceval Ackerley
1000000018,Kassi Durdle
1000000019,Idell Stammer
1000000020,Evangelin Bellhanger
1000000021,Rosita Tretwell
1000000022,Brad Rawcliffe
1000000023,Gwenora Van Geffen
1000000024,Emmy Brookfield
1000000025,Jedd Argyle
1000000026,Marty Pepler
1000000027,Phebe Lippitt
1000000028,Yoshiko Amorine
1000000029,Keene Lergan
1000000030,Loralee McArdle
1000000031,Noah Chicchetto
1000000032,Rodrigo Hayer
1000000033,Merrie MacLaverty
1000000034,Sallee Swannell
1000000035,Loy Moxon
1000000036,Fidelity Rojahn
1000000037,Eddy Espada
1000000038,Monah Carvilla
1000000039,Stace Stit
1000000040,Cordie Montacute
1000000041,Arny Grayham
1000000042,Ollie Jagg
1000000043,Delinda Cartmell
1000000044,Joelynn Zupa
1000000045,Fredrika Spofforth
1000000046,Wilmar Kirkby
1000000047,Brenna Mawtus
1000000048,Debor Hargess
1000000049,Mike McNevin
1000000050,Krystalle Jekyll
1000000051,Xymenes Enterle
1000000052,Brocky Rooms
1000000053,Augustina MacTerrelly
1000000054,Lillian Maddyson
1000000055,Deeann Paulin
1000000056,Gaby Innes
1000000057,Myrah Gaine
1000000058,Danica Blankley
1000000059,Kevon Southward
1000000060,Lydon Kitt
1000000061,Anneliese Halbert
1000000062,Sheri Lightwing
1000000063,Constantino Hanaford
1000000064,Ernie Josephov
1000000065,Kiel Ebhardt
1000000066,Athena Chable
1000000067,Gloriane Bohea
1000000068,Car Yarnton
1000000069,Vyky Deakins
1000000070,Karlens Clevely
1000000071,Prescott Ianson
1000000072,Leon Mantram
1000000073,Wynne Lewcock
1000000074,Reynold Danzig
1000000075,Alyss Snalham
1000000076,Junina Doonican
1000000077,Barbette Janusz
1000000078,Bastian Deabill
1000000079,Jolynn Rathjen
1000000080,Chase Whitsun
1000000081,Whitaker McMichael
1000000082,Ariana Sertin
1000000083,Willard Budleigh
1000000084,Sophey Banasiak
1000000085,Devinne Beaver
1000000086,Rosemary Deave
1000000087,Kermit Crosio
1000000088,Lloyd Golbourn
1000000089,Dixie Bordone
1000000090,Veriee Riccetti
1000000091,Evaleen Maseyk
1000000092,Darlene Remington
1000000093,Gabey Stirland
1000000094,Barbette Poure
1000000095,Benedikt Lodemann
1000000096,Amie Minget
1000000097,Wright Olenchenko
1000000098,Karola Standish
1000000099,Libbi McShea
1000000100,Arden Cumesky
1000000101,Diandra Neljes
1000000102,Jaquelyn Frenzl
1000000103,Dorrie Prudham
1000000104,Shauna Blackie
1000000105,Dianna Dougary
1000000106,Orion Dennehy
1000000107,Lindi Cino
1000000108,Port Burne
1000000109,Malvin Pitson
1000000110,Jeffie Salomon
1000000111,Rozelle Antosik
1000000112,Bonnibelle Gratten
1000000113,Tarrance Petracek
1000000114,Ted Colerick
1000000115,Antonia Townley
1000000116,Gilly Barkly
1000000117,Angelina Risbridge
1000000118,Valdemar Gantley
1000000119,Esdras Dhenin
1000000120,Raynard Looks
1000000121,Hayyim Furman
1000000122,Lauree Ride
1000000123,Cristabel Kenington
1000000124,Gage Hodinton
1000000125,Anallese Tatlowe
1000000126,Della Mc Gee
1000000127,Ella Coxhell
1000000128,Tyrone Lomas
1000000129,Brit Brunnstein
1000000130,Amber Easterfield
1000000131,Lelah Hazlewood
1000000132,Aldwin Halworth
1000000133,Stormie Levene
1000000134,Emmeline Allcoat
1000000135,Emily Cutress
1000000136,Vail Dillingstone
1000000137,Verla Sayles
1000000138,Reginauld Cowl
1000000139,Dede Perritt
1000000140,Shelley Pruvost
1000000141,Anastasia Pinn
1000000142,Connie Fassbender
1000000143,Tobe Stadden
1000000144,Walden Reimer
1000000145,Janifer Wrigglesworth
1000000146,Mose Geydon
1000000147,Zulema Jelleman
1000000148,Bill Moyler
1000000149,Laurence Armitage
1000000150,Terese Manie
1000000151,Talbert Tibald
1000000152,Alameda Espinel
1000000153,Nessie Afield
1000000154,Dayle Jarritt
1000000155,Saleem Attaway
1000000156,Jacquetta Maudlin
1000000157,Skylar Cuttelar
1000000158,Cello Dreamer
1000000159,Sidney Udey
1000000160,Ashlee Combe
1000000161,Wilhelm Seavers
1000000162,Luke Terrell
1000000163,Car Farris
1000000164,Mose Lohden
1000000165,Nathalie Waistall
1000000166,Godart Winsper
1000000167,Eloisa Tonn
1000000168,Roxy Trevett
1000000169,Randie Southerns
1000000170,Berkley Flay
1000000171,Tim Ortzen
1000000172,Stephanie Esposita
1000000173,Jaquith Steenson
1000000174,Rooney Docherty
1000000175,Uta Harbach
1000000176,Greta Romans
1000000177,Kevyn Goodlife
1000000178,Kamilah Jaquemar
1000000179,Dareen Bradden
1000000180,Wade Pocknoll
1000000181,Merrily Pancost
1000000182,Erwin Anstice
1000000183,Winona Brandel
1000000184,Adriane Crayton
1000000185,Leeanne Fargher
1000000186,Michail Stembridge
1000000187,Marcello Niese
1000000188,Beatriz Scoterbosh
1000000189,Lydon Matzl
1000000190,Sherri Mattiacci
1000000191,Olivero Girardet
1000000192,Sonnnie Livingstone
1000000193,Nathaniel Fairhead
1000000194,Jedediah Kasper
1000000195,Nikos Gauford
1000000196,Aurelia Fearney
1000000197,Ignacio Hanaford
1000000198,Dov Punter
1000000199,Bert Chasmor
1000000200,Ilaire Rigden
1000000201,Ebenezer Witson
1000000202,Sky Strowlger
1000000203,Natka Corrao
1000000204,Benedetta Danielkiewicz
1000000205,Helenelizabeth MacLeod
1000000206,Daron McCrudden
1000000207,Jemimah Henkens
1000000208,Benito Yurevich
1000000209,Alexa Yukhnev
1000000210,Silva Verty
1000000211,Mellicent Ghelardoni
1000000212,Joli Jaxon
1000000213,Bastien Filyashin
1000000214,Luther Gait
1000000215,Bent Jeandeau
1000000216,Ulberto Dumbarton
1000000217,Jefferson Bridgwater
1000000218,Minerva Dobrowolny
1000000219,Sonni Bellow
1000000220,Allyn Simmance
1000000221,Cecilia Renshall
1000000222,Frieda Lenox
1000000223,Fan Rubenovic
1000000224,Konstance Skillen
1000000225,Gayel Bloxsum
1000000226,Giulietta Yurkin
1000000227,Lea Kyffin
1000000228,Gertruda Shernock
1000000229,Rog Purves
1000000230,Shana Fallanche
1000000231,Oona Andrea
1000000232,Abel Copcutt
1000000233,Daloris Buttwell
1000000234,Kaile Fernihough
1000000235,Michaella Webberley
1000000236,Lyell Comazzo
1000000237,Maurie Hinchon
1000000238,Tammy Lavielle
1000000239,Brew Grady
1000000240,Kalvin Byart
1000000241,Ranice Hollingshead
1000000242,Lucine Murrthum
1000000243,Angelica Quarrington
1000000244,Alastair Haselgrove
1000000245,Estelle Abels
1000000246,Nathalie Dudgeon
1000000247,Ara Mortimer
1000000248,Winston Pinckard
1000000249,Claudina Brecknall
1000000250,Devonna Holby
1000000251,Clywd Blasius
1000000252,Wolfgang Playfair
1000000253,Shirline Tetlow
1000000254,Xerxes Farryan
1000000255,Gaye Ausiello
1000000256,Phillipp Whear
1000000257,Brendin Gley
1000000258,Melba Wickstead
1000000259,Collen Lerner
1000000260,Devan Rieflin
1000000261,Asher Salaman
1000000262,Andie Vasyagin
1000000263,Candie Hinkens
1000000264,Ronda Dentith
1000000265,Danie Wortt
1000000266,Gaye O' Markey
1000000267,Web Hammill
1000000268,Brendan Connerly
1000000269,Kellen Jasiak
1000000270,Jared Matessian
1000000271,Denice Ebbles
1000000272,Selena Tedahl
1000000273,Frederic Graalmans
1000000274,Hadley Vitall
1000000275,Rosaline Cosham
1000000276,Judye MacKeig
1000000277,Marge Muehler
1000000278,Kizzie Ballentime
1000000279,Juan Sellstrom
1000000280,Sorcha Faunch
1000000281,Ameline Uttermare
1000000282,Marnie Rosario
1000000283,Shirline Sawart
1000000284,Benyamin Dubble
1000000285,Angelico Witch
1000000286,Chickie Radford
1000000287,Den Gland
1000000288,Raeann Skentelbury
1000000289,Hal Riceards
1000000290,King Parzis
1000000291,Antonia Jozwicki
1000000292,Luciana Briers
1000000293,Luis Burbridge
1000000294,Grissel Perritt
1000000295,Gloriana Baglan
1000000296,Zelig Pritchard
1000000297,Aldon Goodbarr
1000000298,Donnell Watkiss
1000000299,Randa Aliman
1000000300,Rickie Maddie
1000000301,Tybalt Dogerty
1000000302,Trixie Comiskey
1000000303,Luelle Inns
1000000304,Tristan Noon
1000000305,Toni De Blasiis
1000000306,Bryn Overal
1000000307,Carol Cornock
1000000308,Arlette Veevers
1000000309,Quincey Woodus
1000000310,Laurene Branthwaite
1000000311,Berty Gofforth
1000000312,Jerrylee Mallia
1000000313,Britt Maciejewski
1000000314,Terrell Bonds
1000000315,Rana Woolward
1000000316,Aila Slyme
1000000317,Modesta Coughtrey
1000000318,Ynez Sturney
1000000319,Brennan Holme
1000000320,Tracee Lippett
1000000321,Pooh Methingam
1000000322,Scott Farndell
1000000323,Halley Allicock
1000000324,Elise McClarence
1000000325,Phylis Montague
1000000326,Susanna Bockh
1000000327,Heddi Blackborough
1000000328,Pearla Zanetello
1000000329,Blondy Rzehor
1000000330,Lorain Pleavin
1000000331,Tonnie Jorgesen
1000000332,Viv Abbys
1000000333,Jodee MacVicar
1000000334,Balduin Tilbrook
1000000335,Nedda Castellaccio
1000000336,Jenna Kerin
1000000337,Hunt Santon
1000000338,Deedee Buckthought
1000000339,Emlyn Guynemer
1000000340,Maire Faveryear
1000000341,Dennie Ruppele
1000000342,Thadeus Van der Beken
1000000343,Merissa Eckert
1000000344,Joell Eccleshare
1000000345,Ania Filipovic
1000000346,Susie Daldan
1000000347,Sherye Maciak
1000000348,Corine Macallam
1000000349,Niccolo Mattisson
1000000350,Dorrie Kuzma
1000000351,Christiana Paudin
1000000352,Aloisia Skarin
1000000353,Carole Kee
1000000354,Rennie Thorneywork
1000000355,Ritchie Dowles
1000000356,Gwenora Lambregts
1000000357,Junia Scamerden
1000000358,Dimitri Heads
1000000359,Marlane Rapa
1000000360,Thatch Room
1000000361,Donn Baine
1000000362,Judd Zuan
1000000363,Ally Vedeshkin
1000000364,Alexandrina Grestie
1000000365,Kiri Higford
1000000366,Micaela Whithalgh
1000000367,Etty Glading
1000000368,Merrick MacVicar
1000000369,Gianina Bake
1000000370,Kennedy Palethorpe
1000000371,Marylee Pow
1000000372,Kaitlynn Batchelour
1000000373,Netty Abbitt
1000000374,Christiana Sheards
1000000375,Jorey O'Hanley
1000000376,Fleurette Yegorov
1000000377,Branden Dobie
1000000378,Barton Houlworth
1000000379,Mace Duerden
1000000380,Emanuel Tredwell
1000000381,Rudyard Gass
1000000382,Elladine Spensley
1000000383,Baxy Caunce
1000000384,Arney De Leek
1000000385,Flemming Fortnam
1000000386,Angelo Escalera
1000000387,Margeaux Gurg
1000000388,Mercedes Benardeau
1000000389,Barrie Pawlaczyk
1000000390,Gilda Simmance
1000000391,Katrine Chesley
1000000392,Hallsy Gladbach
1000000393,Henrietta Bachs
1000000394,Kelbee Winchurst
1000000395,Morlee Couser
1000000396,Kristian Lyokhin
1000000397,Tymothy Caldero
1000000398,Sheeree Boulton
1000000399,Cookie MacGillreich
1000000400,Jenelle Asey
1000000401,Tamma Lockhart
1000000402,Godiva Ridsdole
1000000403,Denis Jellicorse
1000000404,Jasmine Millbank
1000000405,Gwennie Garthshore
1000000406,Sharity Saterweyte
1000000407,Amie Westwell
1000000408,Donia Penzer
1000000409,Kenneth Morfell
1000000410,Elna Alleyne
1000000411,Jacquelynn Ewenson
1000000412,Allyn Cremins
1000000413,Devondra Lodwig
1000000414,Clary Dodle
1000000415,Rickie Witty
1000000416,Mickey St. John
1000000417,Cammi Flett
1000000418,Kimberly Strover
1000000419,Lanna Iczokvitz
1000000420,Penni Steade
1000000421,Mathias Cagan
1000000422,Lettie Caltera
1000000423,Xylia Pranger
1000000424,Norby Gulley
1000000425,Petronille Skett
1000000426,Meggy Charette
1000000427,Arin Lasselle
1000000428,Concordia Wickey
1000000429,Gaven Beausang
1000000430,Berkley Vannucci
1000000431,Elisabetta Blizard
1000000432,Cara Alessandrini
1000000433,Andres Siddens
1000000434,Sheba Skym
1000000435,Shelia Gilhool
1000000436,Demetri Sellar
1000000437,Carlye Mogford
1000000438,Prue Heakins
1000000439,Sheffie Beamiss
1000000440,Trumaine Alu
1000000441,Riordan Cope
1000000442,Marlena Soggee
1000000443,Jenny Fibbitts
1000000444,Giustino Hartegan
1000000445,Serene Greeding
1000000446,Starla Dowsett
1000000447,Barty Wollrauch
1000000448,Dominga Brandacci
1000000449,Mathilde Kincaid
1000000450,Sinclare Baigrie
1000000451,Dolf Pury
1000000452,Dody Edyson
1000000453,Dorena Late
1000000454,Llywellyn Fritz
1000000455,Caz Dennis
1000000456,Rhoda Lepick
1000000457,Allison Faunt
1000000458,Zaria Lohden
1000000459,Tillie Brandacci
1000000460,Hildagarde Treby
1000000461,Ray Vidineev
1000000462,Orsola Jime
1000000463,Joli Barbara
1000000464,Ricki Roylance
1000000465,Sandra Ambroz
1000000466,Karilynn Dobsons
1000000467,Cecile Joontjes
1000000468,Anatollo Eatttok
1000000469,Tatiana Coryndon
1000000470,Marguerite Stooke
1000000471,Marney Camidge
1000000472,Emmy McKilroe
1000000473,Loydie Andryushin
1000000474,Erasmus Danielou
1000000475,Joline Vinden
1000000476,Chickie Davidman
1000000477,Rab Gosby
1000000478,Audre McIlwain
1000000479,Marlena Samweyes
1000000480,Greta Corryer
1000000481,Obidiah Merricks
1000000482,Meredithe Delgaty
1000000483,Craggie Rosen
1000000484,Calla Winley
1000000485,Nicolais Braiden
1000000486,Alis Rimbault
1000000487,Aubrette Pucker
1000000488,Merry Kerfoot
1000000489,Christie Cox
1000000490,Joy Kunze
1000000491,Bondie Normanville
1000000492,Cad Gillebert
1000000493,Sully Tabord
1000000494,Orin Chopin
1000000495,Alistair Astie
1000000496,Ruperto Papez
1000000497,Ofelia Nicol
1000000498,Ricky Lapish
1000000499,Agretha Goodsall
1000000500,Pauly Paget
1000000501,Gradeigh Pude
1000000502,Rania Woolway
1000000503,Chrissie Hebborn
1000000504,Barry Neesham
1000000505,Cassie Vale
1000000506,Laverne Hadny
1000000507,Trisha Philbrook
1000000508,Dallas Licari
1000000509,Ilka Blackham
1000000510,Katee Welsh
1000000511,Tull Litherborough
1000000512,Clarinda Hackley
1000000513,Babs Balasin
1000000514,Laetitia Abbet
1000000515,Cchaddie Hesey
1000000516,Dorothee Blore
1000000517,Chaim Benedettini
1000000518,Gilly Storrier
1000000519,Merv Friman
1000000520,Catherina Vogel
1000000521,Dudley Sesser
1000000522,Odelle Alentyev
1000000523,Karna MacRannell
1000000524,Alard Gianneschi
1000000525,Zack Voller
1000000526,Mackenzie Spellsworth
1000000527,Florenza Carnaman
1000000528,Horatio Derye-Barrett
1000000529,Sinclare Masterson
1000000530,Nelle Bromilow
1000000531,Jonathan Chamberlayne
1000000532,Luciana Ellesworthe
1000000533,Tally Grills
1000000534,York Beelby
1000000535,Siegfried Strete
1000000536,Livvie Garfirth
1000000537,Biddie Wreiford
1000000538,Jocelyn Pantridge
1000000539,Jacqueline Caslane
1000000540,Nehemiah Darwen
1000000541,Rabi Swainger
1000000542,Isahella Boutton
1000000543,Pooh Jorczyk
1000000544,Lurleen O'Corr
1000000545,Chloe Wickie
1000000546,Magnum Simoncelli
1000000547,Caralie Wrout
1000000548,D'arcy Odams
1000000549,Stinky Djekovic
1000000550,Sarene Sackey
1000000551,Marabel Downes
1000000552,Bambi Pagden
1000000553,Kienan Fratson
1000000554,Harbert Dove
1000000555,Lilllie Surgeoner
1000000556,Linnea Muddle
1000000557,Lisle Clyburn
1000000558,Randolf Huyton
1000000559,Mikol Thornton-Dewhirst
1000000560,Hailey Binns
1000000561,Liuka Abba
1000000562,Carter Ruddiforth
1000000563,Duncan Bourrel
1000000564,Weider Symson
1000000565,Aveline Borrington
1000000566,Pearl Finch
1000000567,Lorenza Skipperbottom
1000000568,Violetta Hewins
1000000569,Guenevere Szubert
1000000570,Spike MacAvddy
1000000571,Ardenia Biaggioni
1000000572,Natassia Langsdon
1000000573,Bekki Pulman
1000000574,Gaylene Marchington
1000000575,Binky Edlestone
1000000576,Sax Edelheit
1000000577,Cicily Button
1000000578,Mildred Deekes
1000000579,Gan Coltherd
1000000580,Alyda Cottom
1000000581,Layton Flasby
1000000582,Di Kilrow
1000000583,Alexandrina Tibbs
1000000584,Anderson Charopen
1000000585,Gerhard Shead
1000000586,Hobard Springthorpe
1000000587,Alisander Handyside
1000000588,Erinn Butteris
1000000589,Prisca Constance
1000000590,Karylin Whitney
1000000591,Jacenta Paiton
1000000592,Sheryl Sanches
1000000593,Marjy Chastel
1000000594,Quinlan Doey
1000000595,Ulrich Truckell
1000000596,Ileane Sermin
1000000597,Remington Rajchert
1000000598,Modesta Valintine
1000000599,Sianna Verney
1000000600,Jephthah Hyde
1000000601,Rudolfo Vader
1000000602,Jo-anne Baynam
1000000603,Rina Lafrentz
1000000604,Donelle Copcutt
1000000605,Brad Narup
1000000606,Sophia MacCarlich
1000000607,Haven Denton
1000000608,Felita Cleworth
1000000609,Rahal Compton
1000000610,Yolane Kilrow
1000000611,Shina Beagrie
1000000612,Kalindi Rimour
1000000613,Corella Pinnigar
1000000614,Lindsay Harnes
1000000615,Rivi Bowness
1000000616,Diane-marie Uttridge
1000000617,Cindee Curzey
1000000618,Torrin Paybody
1000000619,Lida Scotts
1000000620,Matty Aberchirder
1000000621,Starlin Ruzicka
1000000622,Leeanne Mathes
1000000623,Karoly Beldum
1000000624,Minor De Andreis
1000000625,Opal Buttler
1000000626,Kevon Cummungs
1000000627,Abraham Leyre
1000000628,Raye McNay
1000000629,Sibbie Spyby
1000000630,Stella Kealy
1000000631,Spense Bowness
1000000632,Lance Heinz
1000000633,Joline McMurdo
1000000634,Mechelle Tuckey
1000000635,Daffi Laws
1000000636,Maressa Lamprecht
1000000637,Madelene Gasker
1000000638,Tanhya Jarmaine
1000000639,Reynard Tudge
1000000640,Renie Stiven
1000000641,Flin Walkden
1000000642,Curcio Hebblewhite
1000000643,Nina Austin
1000000644,Marsh Grimes
1000000645,Thomasine Gilleson
1000000646,Koo Custard
1000000647,Marlow Le Merchant
1000000648,Kacie Bearfoot
1000000649,Salomon Clavey
1000000650,Carola Hainey`
1000000651,Daryn Cordaroy
1000000652,Dorey Keyhoe
1000000653,Ernaline Monte
1000000654,Derek Blandford
1000000655,Theresita Lehr
1000000656,Bryn Aujouanet
1000000657,Johnathon Prendergast
1000000658,Sasha Nossent
1000000659,Felicity Llewhellin
1000000660,Sherwynd Montez
1000000661,Garvey Marchello
1000000662,Gardener Dionisii
1000000663,Gav Fader
1000000664,Jermain Thoma
1000000665,Jorrie Blayd
1000000666,Devlen Seeman
1000000667,Katha Currell
1000000668,Carree Babst
1000000669,Ban Copins
1000000670,Rees Glusby
1000000671,Norris Kilty
1000000672,Agneta Goudie
1000000673,Gibby Gentsch
1000000674,Lorrin Rushmare
1000000675,Adi Giacubbo
1000000676,Roxie Clemitt
1000000677,Ibrahim Croson
1000000678,Law Dawson
1000000679,Shermie Taft
1000000680,Sibyl Radborne
1000000681,Roland Novak
1000000682,Yovonnda Eary
1000000683,Lovell Lindeboom
1000000684,Eleni Lantaff
1000000685,Maxim Addyman
1000000686,Shelden Bletso
1000000687,Iolande Halleybone
1000000688,Conn Morillas
1000000689,Rochette Rump
1000000690,Rudolfo Aleavy
1000000691,Alissa Hawe
1000000692,Gratiana Restieaux
1000000693,Devin Danshin
1000000694,Manny Abels
1000000695,Suzy Creed
1000000696,Sher Mitchenson
1000000697,Rowland Prator
1000000698,Verile Downage
1000000699,Marlo Ciotto
1000000700,Rubetta Bethell
1000000701,Alec Chapellow
1000000702,Roobbie Lavers
1000000703,Tracee Harfoot
1000000704,Doug Gladman
1000000705,Helaine Kohrt
1000000706,Arluene Smallsman
1000000707,Beaufort Munnis
1000000708,Langston Giroldo
1000000709,Florance Pittway
1000000710,Graig Seif
1000000711,Karoly Tours
1000000712,Robbert Whiston
1000000713,Bekki Robbins
1000000714,Rena Curlis
1000000715,Travers Waite
1000000716,Salomone Jarry
1000000717,Arlette Burness
1000000718,Rube Parnall
1000000719,Madelle Ebunoluwa
1000000720,Ronica Barnett
1000000721,Beverlie Brandin
1000000722,Leia Rollo
1000000723,Latrina Durtnel
1000000724,Pinchas Ivimy
1000000725,Sorcha McCullouch
1000000726,Sanford Bedburrow
1000000727,Elinor Sidney
1000000728,Ansley Burwell
1000000729,Carleen McGarry
1000000730,Hazel Petty
1000000731,Ryon Broadbear
1000000732,Jayson Habin
1000000733,Alyssa Drewett
1000000734,Sib Ortsmann
1000000735,Charlene Lynett
1000000736,Yuma Seilmann
1000000737,Anson Looney
1000000738,Loleta McKiernan
1000000739,Ruben Burgum
1000000740,Delmer Bramsen
1000000741,Quentin Francomb
1000000742,Florencia Furzey
1000000743,Josepha MacIlurick
1000000744,Marne Barrott
1000000745,Neysa Strathern
1000000746,Cesya Ackenson
1000000747,Xena Tourne
1000000748,Cleavland Marvin
1000000749,Stacia Glanville
1000000750,Dalia McNamara
1000000751,Avery Greatorex
1000000752,Krista Lambird
1000000753,Fred Gentsch
1000000754,Cinderella Harness
1000000755,Niels Fulton
1000000756,Kalila Giacopetti
1000000757,Lorette Halgarth
1000000758,Don McMurthy
1000000759,Reeta Hilldrop
1000000760,Davida Marcoolyn
1000000761,Ric Quigg
1000000762,Romeo Larver
1000000763,Chrystel Lampe
1000000764,Luigi Paske
1000000765,Dwain Stirtle
1000000766,Leonid Haffner
1000000767,Giustino Gammie
1000000768,Korney Andreini
1000000769,Abbe Pinchon
1000000770,Kerr Winston
1000000771,Humfrid Odegaard
1000000772,Lucien Strevens
1000000773,Waneta M'Chirrie
1000000774,Krista Wharfe
1000000775,Zea Posselwhite
1000000776,Mayne Gurge
1000000777,Cosimo Cullotey
1000000778,Bryn Philbrick
1000000779,Jimmie Millington
1000000780,Ginevra Prosek
1000000781,Loraine Ballendine
1000000782,Chrissy Barnhill
1000000783,Wald Sword
1000000784,Petr Goodbarne
1000000785,Emmett Mather
1000000786,Arleen Dockrill
1000000787,Judi Ovens
1000000788,Marley Bremner
1000000789,Thorn Roalfe
1000000790,Darcy Pavitt
1000000791,Amil Ivashchenko
1000000792,Grace Eaglesham
1000000793,Ivory Speare
1000000794,Reamonn Peaple
1000000795,Tybalt Carroll
1000000796,Rosaline Hutton
1000000797,Dona Nesbeth
1000000798,Cynthea Doles
1000000799,Zulema Casper
1000000800,Chaim Pitkethly
1000000801,Gregoire Gerger
1000000802,Sheila-kathryn Clell
1000000803,Keir Breffit
1000000804,Rurik Gibbie
1000000805,Vivia Elderkin
1000000806,Lowrance Florentine
1000000807,Corabella Emanuele
1000000808,Malva Golda
1000000809,Ware Vaissiere
1000000810,Inglis De Filippi
1000000811,Celinka Todarini
1000000812,Rozanna Pirolini
1000000813,Jeana Zipsell
1000000814,Sal Tippell
1000000815,Clo Bardwall
1000000816,Amery Hiskey
1000000817,Sela Lambkin
1000000818,Mab Sineath
1000000819,Sallyann Halgarth
1000000820,Jane Alyukin
1000000821,Lilyan Wankling
1000000822,Chucho Stubbeley
1000000823,Bennie Barde
1000000824,Ardath Avison
1000000825,Prue Lovewell
1000000826,Jonah Ogger
1000000827,Merwin Zanardii
1000000828,Fawnia Sewill
1000000829,Devland Symington
1000000830,Mendel Diprose
1000000831,Zitella Roylance
1000000832,Sheilakathryn Prue
1000000833,Daniela Shields
1000000834,Osgood Mac Giolla Pheadair
1000000835,Butch Collcott
1000000836,Helene Schulz
1000000837,Benita Darycott
1000000838,Dorisa Titchen
1000000839,Julee Stoller
1000000840,Oliviero Fearenside
1000000841,Holden Lubbock
1000000842,Merrill Lord
1000000843,Billie Easson
1000000844,Ron Ablitt
1000000845,Fey Cornfield
1000000846,Phillipe Spur
1000000847,Stan Fordham
1000000848,Bernarr Menichi
1000000849,Curran Suller
1000000850,Legra Tesoe
1000000851,Gordie Gasnoll
1000000852,Emile Taborre
1000000853,Jobi Jeschner
1000000854,Tabbi Baldacco
1000000855,Nikki Brocklebank
1000000856,Grant Duckitt
1000000857,Lyell Costigan
1000000858,Angelo Sykora
1000000859,Pepita Riccelli
1000000860,Cinderella Burgill
1000000861,Mitchael Shirrell
1000000862,Claire Seys
1000000863,Jeana Marr
1000000864,Celia Bucham
1000000865,Liane Livingstone
1000000866,Odilia Costain
1000000867,Kacy Tosney
1000000868,Carlota Kemmet
1000000869,Corinna Kerry
1000000870,Krishna Pargeter
1000000871,Walliw Chatelet
1000000872,Stern Hutchings
1000000873,Murdoch Tomich
1000000874,Michaelina Lintott
1000000875,Grace How
1000000876,Haskel Facey
1000000877,Zelma Gilyatt
1000000878,Dinnie Cosyns
1000000879,Arliene Coatham
1000000880,Ingeborg Anfrey
1000000881,Nealy Hablot
1000000882,Hadley Monnoyer
1000000883,Kimmie Sartain
1000000884,Saleem Patron
1000000885,Ermengarde Gosswell
1000000886,Sebastien Karppi
1000000887,Richmound Treagus
1000000888,Brandais Roakes
1000000889,Analise Attree
1000000890,Gerta Caddell
1000000891,Reginald Herrero
1000000892,Rosamond Lyptrit
1000000893,Hamil Skelhorne
1000000894,Nikolaos Harcourt
1000000895,Cati Lemerle
1000000896,Lotte Jamot
1000000897,Freemon Shafe
1000000898,Georgiana Bucktharp
1000000899,Manya Nelsen
1000000900,Dorree Wolseley
1000000901,Corny Salazar
1000000902,Dodi Chatelot
1000000903,Yul Noades
1000000904,Kim Blague
1000000905,Alair Grosier
1000000906,Orsa Smout
1000000907,Quinton Stubs
1000000908,Priscella Coldicott
1000000909,Ana Wanek
1000000910,Tam enzley
1000000911,Brynn Chadband
1000000912,Godfry Rubert
1000000913,Suzanna Devorill
1000000914,Lesli Bichard
1000000915,Rod Spiteri
1000000916,Creighton Deval
1000000917,Peadar McNeely
1000000918,Jessi Fielding
1000000919,Arlie Clark
1000000920,Humberto Spensly
1000000921,Artair Pidgen
1000000922,Grace Weine
1000000923,Burnaby Barkworth
1000000924,Roderigo Mardee
1000000925,Jo Durrance
1000000926,Cary Hickenbottom
1000000927,Milly Nouch
1000000928,Barrie Youell
1000000929,Joyce de Vaen
1000000930,Beatriz Sywell
1000000931,Golda Fochs
1000000932,Caron Hellcat
1000000933,Elwin Cope
1000000934,Vilma Padillo
1000000935,Tania Elix
1000000936,Rita Edmed
1000000937,Lorene Mosedall
1000000938,Blane Minico
1000000939,Alfred Lomasna
1000000940,Adrian Salmons
1000000941,Kathleen Ivakin
1000000942,Wynnie Tolwood
1000000943,Kaylee Jakoubek
1000000944,Phillida Daft
1000000945,Melany Kollatsch
1000000946,Rutherford Lympany
1000000947,Tiffie Joburn
1000000948,Lucho Piel
1000000949,Broddie Bende
1000000950,Massimo Hanselmann
1000000951,Suzy Mounsey
1000000952,Gilberta Brosio
1000000953,Kellie Pack
1000000954,Torrence Fishley
1000000955,Lock McMurraya
1000000956,Celestina Fawson
1000000957,Denney Puddle
1000000958,Lib Shellsheere
1000000959,Modestine Bainton
1000000960,Mordy Millom
1000000961,Ginny Fontenot
1000000962,Bab Gillebride
1000000963,Brooks Codd
1000000964,Brander Von Welldun
1000000965,Leila Templar
1000000966,Brandise Packe
1000000967,Calla Puckey
1000000968,Ariela Biaggetti
1000000969,Jany Drohane
1000000970,Aundrea Budcock
1000000971,Deedee Hawkeswood
1000000972,Adela Atyea
1000000973,Urbain Elland
1000000974,Courtnay Offen
1000000975,Katy Waddup
1000000976,Garek Oakhill
1000000977,Darci Causton
1000000978,Vivyanne Goggen
1000000979,Benyamin Forbes
1000000980,Colman Fergie
1000000981,Jane Thornally
1000000982,Guenevere Brayfield
1000000983,Queenie Cutchee
1000000984,Iormina Limerick
1000000985,Temple MacAirt
1000000986,Dyanna Kingescot
1000000987,Sharla Girt
1000000988,Shannon Creasy
1000000989,Den Lowers
1000000990,Elmore Dunsmuir
1000000991,Corbett Aizik
1000000992,Sabina Childs
1000000993,Evey Leggat
1000000994,Marten Dehn
1000000995,Fay Haney`
1000000996,Eilis Yelding
1000000997,Malchy Coyte
1000000998,Hy Cranke
1000000999,Shem Pointer
1000001000,Guillemette Harwin
1000001001,Baracaldo
1000001002,Dyanne Finlan
1000001003,Joni Oliveto
1000001004,Travis Ricardot
1000001005,Pancho Jancy
1000001006,Wenda Monshall
1000001007,Chicky Biaggiotti
1000001008,Yorgo McMorran
1000001009,Elna Edsall
1000001010,Joella Shea
1000001011,Alisa Crisell
1000001012,Scottie Cullabine
1000001013,Alexandrina Alloisi
1000001014,Doretta Worge
1000001015,Cleve Adamec
1000001016,Alexandros Coleson
1000001017,Bliss Byart
1000001018,Perceval Ackerley
1000001019,Kassi Durdle
1000001020,Idell Stammer
1000001021,Evangelin Bellhanger
1000001022,Rosita Tretwell
1000001023,Brad Rawcliffe
1000001024,Gwenora Van Geffen
1000001025,Emmy Brookfield
1000001026,Jedd Argyle
1000001027,Marty Pepler
1000001028,Phebe Lippitt
1000001029,Yoshiko Amorine
1000001030,Keene Lergan
1000001031,Loralee McArdle
1000001032,Noah Chicchetto
1000001033,Rodrigo Hayer
1000001034,Merrie MacLaverty
1000001035,Sallee Swannell
1000001036,Loy Moxon
1000001037,Fidelity Rojahn
1000001038,Eddy Espada
1000001039,Monah Carvilla
1000001040,Stace Stit
1000001041,Cordie Montacute
1000001042,Arny Grayham
1000001043,Ollie Jagg
1000001044,Delinda Cartmell
1000001045,Joelynn Zupa
1000001046,Fredrika Spofforth
1000001047,Wilmar Kirkby
1000001048,Brenna Mawtus
1000001049,Debor Hargess
1000001050,Mike McNevin
1000001051,Krystalle Jekyll
1000001052,Xymenes Enterle
1000001053,Brocky Rooms
1000001054,Augustina MacTerrelly
1000001055,Lillian Maddyson
1000001056,Deeann Paulin
1000001057,Gaby Innes
1000001058,Myrah Gaine
1000001059,Danica Blankley
1000001060,Kevon Southward
1000001061,Lydon Kitt
1000001062,Anneliese Halbert
1000001063,Sheri Lightwing
1000001064,Constantino Hanaford
1000001065,Ernie Josephov
1000001066,Kiel Ebhardt
1000001067,Athena Chable
1000001068,Gloriane Bohea
1000001069,Car Yarnton
1000001070,Vyky Deakins
1000001071,Karlens Clevely
1000001072,Prescott Ianson
1000001073,Leon Mantram
1000001074,Wynne Lewcock
1000001075,Reynold Danzig
1000001076,Alyss Snalham
1000001077,Junina Doonican
1000001078,Barbette Janusz
1000001079,Bastian Deabill
1000001080,Jolynn Rathjen
1000001081,Chase Whitsun
1000001082,Whitaker McMichael
1000001083,Ariana Sertin
1000001084,Willard Budleigh
1000001085,Sophey Banasiak
1000001086,Devinne Beaver
1000001087,Rosemary Deave
1000001088,Kermit Crosio
1000001089,Lloyd Golbourn
1000001090,Dixie Bordone
1000001091,Veriee Riccetti
1000001092,Evaleen Maseyk
1000001093,Darlene Remington
1000001094,Gabey Stirland
1000001095,Barbette Poure
1000001096,Benedikt Lodemann
1000001097,Amie Minget
1000001098,Wright Olenchenko
1000001099,Karola Standish
1000001100,Libbi McShea
1000001101,Arden Cumesky
1000001102,Diandra Neljes
1000001103,Jaquelyn Frenzl
1000001104,Dorrie Prudham
1000001105,Shauna Blackie
1000001106,Dianna Dougary
1000001107,Orion Dennehy
1000001108,Lindi Cino
1000001109,Port Burne
1000001110,Malvin Pitson
1000001111,Jeffie Salomon
1000001112,Rozelle Antosik
1000001113,Bonnibelle Gratten
1000001114,Tarrance Petracek
1000001115,Ted Colerick
1000001116,Antonia Townley
1000001117,Gilly Barkly
1000001118,Angelina Risbridge
1000001119,Valdemar Gantley
1000001120,Esdras Dhenin
1000001121,Raynard Looks
1000001122,Hayyim Furman
1000001123,Lauree Ride
1000001124,Cristabel Kenington
1000001125,Gage Hodinton
1000001126,Anallese Tatlowe
1000001127,Della Mc Gee
1000001128,Ella Coxhell
1000001129,Tyrone Lomas
1000001130,Brit Brunnstein
1000001131,Amber Easterfield
1000001132,Lelah Hazlewood
1000001133,Aldwin Halworth
1000001134,Stormie Levene
1000001135,Emmeline Allcoat
1000001136,Emily Cutress
1000001137,Vail Dillingstone
1000001138,Verla Sayles
1000001139,Reginauld Cowl
1000001140,Dede Perritt
1000001141,Shelley Pruvost
1000001142,Anastasia Pinn
1000001143,Connie Fassbender
1000001144,Tobe Stadden
1000001145,Walden Reimer
1000001146,Janifer Wrigglesworth
1000001147,Mose Geydon
1000001148,Zulema Jelleman
1000001149,Bill Moyler
1000001150,Laurence Armitage
1000001151,Terese Manie
1000001152,Talbert Tibald
1000001153,Alameda Espinel
1000001154,Nessie Afield
1000001155,Dayle Jarritt
1000001156,Saleem Attaway
1000001157,Jacquetta Maudlin
1000001158,Skylar Cuttelar
1000001159,Cello Dreamer
1000001160,Sidney Udey
1000001161,Ashlee Combe
1000001162,Wilhelm Seavers
1000001163,Luke Terrell
1000001164,Car Farris
1000001165,Mose Lohden
1000001166,Nathalie Waistall
1000001167,Godart Winsper
1000001168,Eloisa Tonn
1000001169,Roxy Trevett
1000001170,Randie Southerns
1000001171,Berkley Flay
1000001172,Tim Ortzen
1000001173,Stephanie Esposita
1000001174,Jaquith Steenson
1000001175,Rooney Docherty
1000001176,Uta Harbach
1000001177,Greta Romans
1000001178,Kevyn Goodlife
1000001179,Kamilah Jaquemar
1000001180,Dareen Bradden
1000001181,Wade Pocknoll
1000001182,Merrily Pancost
1000001183,Erwin Anstice
1000001184,Winona Brandel
1000001185,Adriane Crayton
1000001186,Leeanne Fargher
1000001187,Michail Stembridge
1000001188,Marcello Niese
1000001189,Beatriz Scoterbosh
1000001190,Lydon Matzl
1000001191,Sherri Mattiacci
1000001192,Olivero Girardet
1000001193,Sonnnie Livingstone
1000001194,Nathaniel Fairhead
1000001195,Jedediah Kasper
1000001196,Nikos Gauford
1000001197,Aurelia Fearney
1000001198,Ignacio Hanaford
1000001199,Dov Punter
1000001200,Bert Chasmor
1000001201,Ilaire Rigden
1000001202,Ebenezer Witson
1000001203,Sky Strowlger
1000001204,Natka Corrao
1000001205,Benedetta Danielkiewicz
1000001206,Helenelizabeth MacLeod
1000001207,Daron McCrudden
1000001208,Jemimah Henkens
1000001209,Benito Yurevich
1000001210,Alexa Yukhnev
1000001211,Silva Verty
1000001212,Mellicent Ghelardoni
1000001213,Joli Jaxon
1000001214,Bastien Filyashin
1000001215,Luther Gait
1000001216,Bent Jeandeau
1000001217,Ulberto Dumbarton
1000001218,Jefferson Bridgwater
1000001219,Minerva Dobrowolny
1000001220,Sonni Bellow
1000001221,Allyn Simmance
1000001222,Cecilia Renshall
1000001223,Frieda Lenox
1000001224,Fan Rubenovic
1000001225,Konstance Skillen
1000001226,Gayel Bloxsum
1000001227,Giulietta Yurkin
1000001228,Lea Kyffin
1000001229,Gertruda Shernock
1000001230,Rog Purves
1000001231,Shana Fallanche
1000001232,Oona Andrea
1000001233,Abel Copcutt
1000001234,Daloris Buttwell
1000001235,Kaile Fernihough
1000001236,Michaella Webberley
1000001237,Lyell Comazzo
1000001238,Maurie Hinchon
1000001239,Tammy Lavielle
1000001240,Brew Grady
1000001241,Kalvin Byart
1000001242,Ranice Hollingshead
1000001243,Lucine Murrthum
1000001244,Angelica Quarrington
1000001245,Alastair Haselgrove
1000001246,Estelle Abels
1000001247,Nathalie Dudgeon
1000001248,Ara Mortimer
1000001249,Winston Pinckard
1000001250,Claudina Brecknall
1000001251,Devonna Holby
1000001252,Clywd Blasius
1000001253,Wolfgang Playfair
1000001254,Shirline Tetlow
1000001255,Xerxes Farryan
1000001256,Gaye Ausiello
1000001257,Phillipp Whear
1000001258,Brendin Gley
1000001259,Melba Wickstead
1000001260,Collen Lerner
1000001261,Devan Rieflin
1000001262,Asher Salaman
1000001263,Andie Vasyagin
1000001264,Candie Hinkens
1000001265,Ronda Dentith
1000001266,Danie Wortt
1000001267,Gaye O' Markey
1000001268,Web Hammill
1000001269,Brendan Connerly
1000001270,Kellen Jasiak
1000001271,Jared Matessian
1000001272,Denice Ebbles
1000001273,Selena Tedahl
1000001274,Frederic Graalmans
1000001275,Hadley Vitall
1000001276,Rosaline Cosham
1000001277,Judye MacKeig
1000001278,Marge Muehler
1000001279,Kizzie Ballentime
1000001280,Juan Sellstrom
1000001281,Sorcha Faunch
1000001282,Ameline Uttermare
1000001283,Marnie Rosario
1000001284,Shirline Sawart
1000001285,Benyamin Dubble
1000001286,Angelico Witch
1000001287,Chickie Radford
1000001288,Den Gland
1000001289,Raeann Skentelbury
1000001290,Hal Riceards
1000001291,King Parzis
1000001292,Antonia Jozwicki
1000001293,Luciana Briers
1000001294,Luis Burbridge
1000001295,Grissel Perritt
1000001296,Gloriana Baglan
1000001297,Zelig Pritchard
1000001298,Aldon Goodbarr
1000001299,Donnell Watkiss
1000001300,Randa Aliman
1000001301,Rickie Maddie
1000001302,Tybalt Dogerty
1000001303,Trixie Comiskey
1000001304,Luelle Inns
1000001305,Tristan Noon
1000001306,Toni De Blasiis
1000001307,Bryn Overal
1000001308,Carol Cornock
1000001309,Arlette Veevers
1000001310,Quincey Woodus
1000001311,Laurene Branthwaite
1000001312,Berty Gofforth
1000001313,Jerrylee Mallia
1000001314,Britt Maciejewski
1000001315,Terrell Bonds
1000001316,Rana Woolward
1000001317,Aila Slyme
1000001318,Modesta Coughtrey
1000001319,Ynez Sturney
1000001320,Brennan Holme
1000001321,Tracee Lippett
1000001322,Pooh Methingam
1000001323,Scott Farndell
1000001324,Halley Allicock
1000001325,Elise McClarence
1000001326,Phylis Montague
1000001327,Susanna Bockh
1000001328,Heddi Blackborough
1000001329,Pearla Zanetello
1000001330,Blondy Rzehor
1000001331,Lorain Pleavin
1000001332,Tonnie Jorgesen
1000001333,Viv Abbys
1000001334,Jodee MacVicar
1000001335,Balduin Tilbrook
1000001336,Nedda Castellaccio
1000001337,Jenna Kerin
1000001338,Hunt Santon
1000001339,Deedee Buckthought
1000001340,Emlyn Guynemer
1000001341,Maire Faveryear
1000001342,Dennie Ruppele
1000001343,Thadeus Van der Beken
1000001344,Merissa Eckert
1000001345,Joell Eccleshare
1000001346,Ania Filipovic
1000001347,Susie Daldan
1000001348,Sherye Maciak
1000001349,Corine Macallam
1000001350,Niccolo Mattisson
1000001351,Dorrie Kuzma
1000001352,Christiana Paudin
1000001353,Aloisia Skarin
1000001354,Carole Kee
1000001355,Rennie Thorneywork
1000001356,Ritchie Dowles
1000001357,Gwenora Lambregts
1000001358,Junia Scamerden
1000001359,Dimitri Heads
1000001360,Marlane Rapa
1000001361,Thatch Room
1000001362,Donn Baine
1000001363,Judd Zuan
1000001364,Ally Vedeshkin
1000001365,Alexandrina Grestie
1000001366,Kiri Higford
1000001367,Micaela Whithalgh
1000001368,Etty Glading
1000001369,Merrick MacVicar
1000001370,Gianina Bake
1000001371,Kennedy Palethorpe
1000001372,Marylee Pow
1000001373,Kaitlynn Batchelour
1000001374,Netty Abbitt
1000001375,Christiana Sheards
1000001376,Jorey O'Hanley
1000001377,Fleurette Yegorov
1000001378,Branden Dobie
1000001379,Barton Houlworth
1000001380,Mace Duerden
1000001381,Emanuel Tredwell
1000001382,Rudyard Gass
1000001383,Elladine Spensley
1000001384,Baxy Caunce
1000001385,Arney De Leek
1000001386,Flemming Fortnam
1000001387,Angelo Escalera
1000001388,Margeaux Gurg
1000001389,Mercedes Benardeau
1000001390,Barrie Pawlaczyk
1000001391,Gilda Simmance
1000001392,Katrine Chesley
1000001393,Hallsy Gladbach
1000001394,Henrietta Bachs
1000001395,Kelbee Winchurst
1000001396,Morlee Couser
1000001397,Kristian Lyokhin
1000001398,Tymothy Caldero
1000001399,Sheeree Boulton
1000001400,Cookie MacGillreich
1000001401,Jenelle Asey
1000001402,Tamma Lockhart
1000001403,Godiva Ridsdole
1000001404,Denis Jellicorse
1000001405,Jasmine Millbank
1000001406,Gwennie Garthshore
1000001407,Sharity Saterweyte
1000001408,Amie Westwell
1000001409,Donia Penzer
1000001410,Kenneth Morfell
1000001411,Elna Alleyne
1000001412,Jacquelynn Ewenson
1000001413,Allyn Cremins
1000001414,Devondra Lodwig
1000001415,Clary Dodle
1000001416,Rickie Witty
1000001417,Mickey St. John
1000001418,Cammi Flett
1000001419,Kimberly Strover
1000001420,Lanna Iczokvitz
1000001421,Penni Steade
1000001422,Mathias Cagan
1000001423,Lettie Caltera
1000001424,Xylia Pranger
1000001425,Norby Gulley
1000001426,Petronille Skett
1000001427,Meggy Charette
1000001428,Arin Lasselle
1000001429,Concordia Wickey
1000001430,Gaven Beausang
1000001431,Berkley Vannucci
1000001432,Elisabetta Blizard
1000001433,Cara Alessandrini
1000001434,Andres Siddens
1000001435,Sheba Skym
1000001436,Shelia Gilhool
1000001437,Demetri Sellar
1000001438,Carlye Mogford
1000001439,Prue Heakins
1000001440,Sheffie Beamiss
1000001441,Trumaine Alu
1000001442,Riordan Cope
1000001443,Marlena Soggee
1000001444,Jenny Fibbitts
1000001445,Giustino Hartegan
1000001446,Serene Greeding
1000001447,Starla Dowsett
1000001448,Barty Wollrauch
1000001449,Dominga Brandacci
1000001450,Mathilde Kincaid
1000001451,Sinclare Baigrie
1000001452,Dolf Pury
1000001453,Dody Edyson
1000001454,Dorena Late
1000001455,Llywellyn Fritz
1000001456,Caz Dennis
1000001457,Rhoda Lepick
1000001458,Allison Faunt
1000001459,Zaria Lohden
1000001460,Tillie Brandacci
1000001461,Hildagarde Treby
1000001462,Ray Vidineev
1000001463,Orsola Jime
1000001464,Joli Barbara
1000001465,Ricki Roylance
1000001466,Sandra Ambroz
1000001467,Karilynn Dobsons
1000001468,Cecile Joontjes
1000001469,Anatollo Eatttok
1000001470,Tatiana Coryndon
1000001471,Marguerite Stooke
1000001472,Marney Camidge
1000001473,Emmy McKilroe
1000001474,Loydie Andryushin
1000001475,Erasmus Danielou
1000001476,Joline Vinden
1000001477,Chickie Davidman
1000001478,Rab Gosby
1000001479,Audre McIlwain
1000001480,Marlena Samweyes
1000001481,Greta Corryer
1000001482,Obidiah Merricks
1000001483,Meredithe Delgaty
1000001484,Craggie Rosen
1000001485,Calla Winley
1000001486,Nicolais Braiden
1000001487,Alis Rimbault
1000001488,Aubrette Pucker
1000001489,Merry Kerfoot
1000001490,Christie Cox
1000001491,Joy Kunze
1000001492,Bondie Normanville
1000001493,Cad Gillebert
1000001494,Sully Tabord
1000001495,Orin Chopin
1000001496,Alistair Astie
1000001497,Ruperto Papez
1000001498,Ofelia Nicol
1000001499,Ricky Lapish
1000001500,Agretha Goodsall
1000001501,Pauly Paget
1000001502,Marquitos
1000001503,Dyanne Finlan
1000001504,Joni Oliveto
1000001505,Travis Ricardot
1000001506,Pancho Jancy
1000001507,Wenda Monshall
1000001508,Chicky Biaggiotti
1000001509,Yorgo McMorran
1000001510,Elna Edsall
1000001511,Joella Shea
1000001512,Alisa Crisell
1000001513,Scottie Cullabine
1000001514,Alexandrina Alloisi
1000001515,Doretta Worge
1000001516,Cleve Adamec
1000001517,Alexandros Coleson
1000001518,Bliss Byart
1000001519,Perceval Ackerley
1000001520,Kassi Durdle
1000001521,Idell Stammer
1000001522,Evangelin Bellhanger
1000001523,Rosita Tretwell
1000001524,Brad Rawcliffe
1000001525,Gwenora Van Geffen
1000001526,Emmy Brookfield
1000001527,Jedd Argyle
1000001528,Marty Pepler
1000001529,Phebe Lippitt
1000001530,Yoshiko Amorine
1000001531,Keene Lergan
1000001532,Loralee McArdle
1000001533,Noah Chicchetto
1000001534,Rodrigo Hayer
1000001535,Merrie MacLaverty
1000001536,Sallee Swannell
1000001537,Loy Moxon
1000001538,Fidelity Rojahn
1000001539,Eddy Espada
1000001540,Monah Carvilla
1000001541,Stace Stit
1000001542,Cordie Montacute
1000001543,Arny Grayham
1000001544,Ollie Jagg
1000001545,Delinda Cartmell
1000001546,Joelynn Zupa
1000001547,Fredrika Spofforth
1000001548,Wilmar Kirkby
1000001549,Brenna Mawtus
1000001550,Debor Hargess
1000001551,Mike McNevin
1000001552,Krystalle Jekyll
1000001553,Xymenes Enterle
1000001554,Brocky Rooms
1000001555,Augustina MacTerrelly
1000001556,Lillian Maddyson
1000001557,Deeann Paulin
1000001558,Gaby Innes
1000001559,Myrah Gaine
1000001560,Danica Blankley
1000001561,Kevon Southward
1000001562,Lydon Kitt
1000001563,Anneliese Halbert
1000001564,Sheri Lightwing
1000001565,Constantino Hanaford
1000001566,Ernie Josephov
1000001567,Kiel Ebhardt
1000001568,Athena Chable
1000001569,Gloriane Bohea
1000001570,Car Yarnton
1000001571,Vyky Deakins
1000001572,Karlens Clevely
1000001573,Prescott Ianson
1000001574,Leon Mantram
1000001575,Wynne Lewcock
1000001576,Reynold Danzig
1000001577,Alyss Snalham
1000001578,Junina Doonican
1000001579,Barbette Janusz
1000001580,Bastian Deabill
1000001581,Jolynn Rathjen
1000001582,Chase Whitsun
1000001583,Whitaker McMichael
1000001584,Ariana Sertin
1000001585,Willard Budleigh
1000001586,Sophey Banasiak
1000001587,Devinne Beaver
1000001588,Rosemary Deave
1000001589,Kermit Crosio
1000001590,Lloyd Golbourn
1000001591,Dixie Bordone
1000001592,Veriee Riccetti
1000001593,Evaleen Maseyk
1000001594,Darlene Remington
1000001595,Gabey Stirland
1000001596,Barbette Poure
1000001597,Benedikt Lodemann
1000001598,Amie Minget
1000001599,Wright Olenchenko
1000001600,Karola Standish
1000001601,Libbi McShea
1000001602,Arden Cumesky
1000001603,Diandra Neljes
1000001604,Jaquelyn Frenzl
1000001605,Dorrie Prudham
1000001606,Shauna Blackie
1000001607,Dianna Dougary
1000001608,Orion Dennehy
1000001609,Lindi Cino
1000001610,Port Burne
1000001611,Malvin Pitson
1000001612,Jeffie Salomon
1000001613,Rozelle Antosik
1000001614,Bonnibelle Gratten
1000001615,Tarrance Petracek
1000001616,Ted Colerick
1000001617,Antonia Townley
1000001618,Gilly Barkly
1000001619,Angelina Risbridge
1000001620,Valdemar Gantley
1000001621,Esdras Dhenin
1000001622,Raynard Looks
1000001623,Hayyim Furman
1000001624,Lauree Ride
1000001625,Cristabel Kenington
1000001626,Gage Hodinton
1000001627,Anallese Tatlowe
1000001628,Della Mc Gee
1000001629,Ella Coxhell
1000001630,Tyrone Lomas
1000001631,Brit Brunnstein
1000001632,Amber Easterfield
1000001633,Lelah Hazlewood
1000001634,Aldwin Halworth
1000001635,Stormie Levene
1000001636,Emmeline Allcoat
1000001637,Emily Cutress
1000001638,Vail Dillingstone
1000001639,Verla Sayles
1000001640,Reginauld Cowl
1000001641,Dede Perritt
1000001642,Shelley Pruvost
1000001643,Anastasia Pinn
1000001644,Connie Fassbender
1000001645,Tobe Stadden
1000001646,Walden Reimer
1000001647,Janifer Wrigglesworth
1000001648,Mose Geydon
1000001649,Zulema Jelleman
1000001650,Bill Moyler
1000001651,Laurence Armitage
1000001652,Terese Manie
1000001653,Talbert Tibald
1000001654,Alameda Espinel
1000001655,Nessie Afield
1000001656,Dayle Jarritt
1000001657,Saleem Attaway
1000001658,Jacquetta Maudlin
1000001659,Skylar Cuttelar
1000001660,Cello Dreamer
1000001661,Sidney Udey
1000001662,Ashlee Combe
1000001663,Wilhelm Seavers
1000001664,Luke Terrell
1000001665,Car Farris
1000001666,Mose Lohden
1000001667,Nathalie Waistall
1000001668,Godart Winsper
1000001669,Eloisa Tonn
1000001670,Roxy Trevett
1000001671,Randie Southerns
1000001672,Berkley Flay
1000001673,Tim Ortzen
1000001674,Stephanie Esposita
1000001675,Jaquith Steenson
1000001676,Rooney Docherty
1000001677,Uta Harbach
1000001678,Greta Romans
1000001679,Kevyn Goodlife
1000001680,Kamilah Jaquemar
1000001681,Dareen Bradden
1000001682,Wade Pocknoll
1000001683,Merrily Pancost
1000001684,Erwin Anstice
1000001685,Winona Brandel
1000001686,Adriane Crayton
1000001687,Leeanne Fargher
1000001688,Michail Stembridge
1000001689,Marcello Niese
1000001690,Beatriz Scoterbosh
1000001691,Lydon Matzl
1000001692,Sherri Mattiacci
1000001693,Olivero Girardet
1000001694,Sonnnie Livingstone
1000001695,Nathaniel Fairhead
1000001696,Jedediah Kasper
1000001697,Nikos Gauford
1000001698,Aurelia Fearney
1000001699,Ignacio Hanaford
1000001700,Dov Punter
1000001701,Bert Chasmor
1000001702,Ilaire Rigden
1000001703,Ebenezer Witson
1000001704,Sky Strowlger
1000001705,Natka Corrao
1000001706,Benedetta Danielkiewicz
1000001707,Helenelizabeth MacLeod
1000001708,Daron McCrudden
1000001709,Jemimah Henkens
1000001710,Benito Yurevich
1000001711,Alexa Yukhnev
1000001712,Silva Verty
1000001713,Mellicent Ghelardoni
1000001714,Joli Jaxon
1000001715,Bastien Filyashin
1000001716,Luther Gait
1000001717,Bent Jeandeau
1000001718,Ulberto Dumbarton
1000001719,Jefferson Bridgwater
1000001720,Minerva Dobrowolny
1000001721,Sonni Bellow
1000001722,Allyn Simmance
1000001723,Cecilia Renshall
1000001724,Frieda Lenox
1000001725,Fan Rubenovic
1000001726,Konstance Skillen
1000001727,Gayel Bloxsum
1000001728,Giulietta Yurkin
1000001729,Lea Kyffin
1000001730,Gertruda Shernock
1000001731,Rog Purves
1000001732,Shana Fallanche
1000001733,Oona Andrea
1000001734,Abel Copcutt
1000001735,Daloris Buttwell
1000001736,Kaile Fernihough
1000001737,Michaella Webberley
1000001738,Lyell Comazzo
1000001739,Maurie Hinchon
1000001740,Tammy Lavielle
1000001741,Brew Grady
1000001742,Kalvin Byart
1000001743,Ranice Hollingshead
1000001744,Lucine Murrthum
1000001745,Angelica Quarrington
1000001746,Alastair Haselgrove
1000001747,Estelle Abels
1000001748,Nathalie Dudgeon
1000001749,Ara Mortimer
1000001750,Winston Pinckard
1000001751,Claudina Brecknall
1000001752,Devonna Holby
1000001753,Clywd Blasius
1000001754,Wolfgang Playfair
1000001755,Shirline Tetlow
1000001756,Xerxes Farryan
1000001757,Gaye Ausiello
1000001758,Phillipp Whear
1000001759,Brendin Gley
1000001760,Melba Wickstead
1000001761,Collen Lerner
1000001762,Devan Rieflin
1000001763,Asher Salaman
1000001764,Andie Vasyagin
1000001765,Candie Hinkens
1000001766,Ronda Dentith
1000001767,Danie Wortt
1000001768,Gaye O' Markey
1000001769,Web Hammill
1000001770,Brendan Connerly
1000001771,Kellen Jasiak
1000001772,Jared Matessian
1000001773,Denice Ebbles
1000001774,Selena Tedahl
1000001775,Frederic Graalmans
1000001776,Hadley Vitall
1000001777,Rosaline Cosham
1000001778,Judye MacKeig
1000001779,Marge Muehler
1000001780,Kizzie Ballentime
1000001781,Juan Sellstrom
1000001782,Sorcha Faunch
1000001783,Ameline Uttermare
1000001784,Marnie Rosario
1000001785,Shirline Sawart
1000001786,Benyamin Dubble
1000001787,Angelico Witch
1000001788,Chickie Radford
1000001789,Den Gland
1000001790,Raeann Skentelbury
1000001791,Hal Riceards
1000001792,King Parzis
1000001793,Antonia Jozwicki
1000001794,Luciana Briers
1000001795,Luis Burbridge
1000001796,Grissel Perritt
1000001797,Gloriana Baglan
1000001798,Zelig Pritchard
1000001799,Aldon Goodbarr
1000001800,Donnell Watkiss
1000001801,Randa Aliman
1000001802,Rickie Maddie
1000001803,Tybalt Dogerty
1000001804,Trixie Comiskey
1000001805,Luelle Inns
1000001806,Tristan Noon
1000001807,Toni De Blasiis
1000001808,Bryn Overal
1000001809,Carol Cornock
1000001810,Arlette Veevers
1000001811,Quincey Woodus
1000001812,Laurene Branthwaite
1000001813,Berty Gofforth
1000001814,Jerrylee Mallia
1000001815,Britt Maciejewski
1000001816,Terrell Bonds
1000001817,Rana Woolward
1000001818,Aila Slyme
1000001819,Modesta Coughtrey
1000001820,Ynez Sturney
1000001821,Brennan Holme
1000001822,Tracee Lippett
1000001823,Pooh Methingam
1000001824,Scott Farndell
1000001825,Halley Allicock
1000001826,Elise McClarence
1000001827,Phylis Montague
1000001828,Susanna Bockh
1000001829,Heddi Blackborough
1000001830,Pearla Zanetello
1000001831,Blondy Rzehor
1000001832,Lorain Pleavin
1000001833,Tonnie Jorgesen
1000001834,Viv Abbys
1000001835,Jodee MacVicar
1000001836,Balduin Tilbrook
1000001837,Nedda Castellaccio
1000001838,Jenna Kerin
1000001839,Hunt Santon
1000001840,Deedee Buckthought
1000001841,Emlyn Guynemer
1000001842,Maire Faveryear
1000001843,Dennie Ruppele
1000001844,Thadeus Van der Beken
1000001845,Merissa Eckert
1000001846,Joell Eccleshare
1000001847,Ania Filipovic
1000001848,Susie Daldan
1000001849,Sherye Maciak
1000001850,Corine Macallam
1000001851,Niccolo Mattisson
1000001852,Dorrie Kuzma
1000001853,Christiana Paudin
1000001854,Aloisia Skarin
1000001855,Carole Kee
1000001856,Rennie Thorneywork
1000001857,Ritchie Dowles
1000001858,Gwenora Lambregts
1000001859,Junia Scamerden
1000001860,Dimitri Heads
1000001861,Marlane Rapa
1000001862,Thatch Room
1000001863,Donn Baine
1000001864,Judd Zuan
1000001865,Ally Vedeshkin
1000001866,Alexandrina Grestie
1000001867,Kiri Higford
1000001868,Micaela Whithalgh
1000001869,Etty Glading
1000001870,Merrick MacVicar
1000001871,Gianina Bake
1000001872,Kennedy Palethorpe
1000001873,Marylee Pow
1000001874,Kaitlynn Batchelour
1000001875,Netty Abbitt
1000001876,Christiana Sheards
1000001877,Jorey O'Hanley
1000001878,Fleurette Yegorov
1000001879,Branden Dobie
1000001880,Barton Houlworth
1000001881,Mace Duerden
1000001882,Emanuel Tredwell
1000001883,Rudyard Gass
1000001884,Elladine Spensley
1000001885,Baxy Caunce
1000001886,Arney De Leek
1000001887,Flemming Fortnam
1000001888,Angelo Escalera
1000001889,Margeaux Gurg
1000001890,Mercedes Benardeau
1000001891,Barrie Pawlaczyk
1000001892,Gilda Simmance
1000001893,Katrine Chesley
1000001894,Hallsy Gladbach
1000001895,Henrietta Bachs
1000001896,Kelbee Winchurst
1000001897,Morlee Couser
1000001898,Kristian Lyokhin
1000001899,Tymothy Caldero
1000001900,Sheeree Boulton
1000001901,Cookie MacGillreich
1000001902,Jenelle Asey
1000001903,Tamma Lockhart
1000001904,Godiva Ridsdole
1000001905,Denis Jellicorse
1000001906,Jasmine Millbank
1000001907,Gwennie Garthshore
1000001908,Sharity Saterweyte
1000001909,Amie Westwell
1000001910,Donia Penzer
1000001911,Kenneth Morfell
1000001912,Elna Alleyne
1000001913,Jacquelynn Ewenson
1000001914,Allyn Cremins
1000001915,Devondra Lodwig
1000001916,Clary Dodle
1000001917,Rickie Witty
1000001918,Mickey St. John
1000001919,Cammi Flett
1000001920,Kimberly Strover
1000001921,Lanna Iczokvitz
1000001922,Penni Steade
1000001923,Mathias Cagan
1000001924,Lettie Caltera
1000001925,Xylia Pranger
1000001926,Norby Gulley
1000001927,Petronille Skett
1000001928,Meggy Charette
1000001929,Arin Lasselle
1000001930,Concordia Wickey
1000001931,Gaven Beausang
1000001932,Berkley Vannucci
1000001933,Elisabetta Blizard
1000001934,Cara Alessandrini
1000001935,Andres Siddens
1000001936,Sheba Skym
1000001937,Shelia Gilhool
1000001938,Demetri Sellar
1000001939,Carlye Mogford
1000001940,Prue Heakins
1000001941,Sheffie Beamiss
1000001942,Trumaine Alu
1000001943,Riordan Cope
1000001944,Marlena Soggee
1000001945,Jenny Fibbitts
1000001946,Giustino Hartegan
1000001947,Serene Greeding
1000001948,Starla Dowsett
1000001949,Barty Wollrauch
1000001950,Dominga Brandacci
1000001951,Mathilde Kincaid
1000001952,Sinclare Baigrie
1000001953,Dolf Pury
1000001954,Dody Edyson
1000001955,Dorena Late
1000001956,Llywellyn Fritz
1000001957,Caz Dennis
1000001958,Rhoda Lepick
1000001959,Allison Faunt
1000001960,Zaria Lohden
1000001961,Tillie Brandacci
1000001962,Hildagarde Treby
1000001963,Ray Vidineev
1000001964,Orsola Jime
1000001965,Joli Barbara
1000001966,Ricki Roylance
1000001967,Sandra Ambroz
1000001968,Karilynn Dobsons
1000001969,Cecile Joontjes
1000001970,Anatollo Eatttok
1000001971,Tatiana Coryndon
1000001972,Marguerite Stooke
1000001973,Marney Camidge
1000001974,Emmy McKilroe
1000001975,Loydie Andryushin
1000001976,Erasmus Danielou
1000001977,Joline Vinden
1000001978,Chickie Davidman
1000001979,Rab Gosby
1000001980,Audre McIlwain
1000001981,Marlena Samweyes
1000001982,Greta Corryer
1000001983,Obidiah Merricks
1000001984,Meredithe Delgaty
1000001985,Craggie Rosen
1000001986,Calla Winley
1000001987,Nicolais Braiden
1000001988,Alis Rimbault
1000001989,Aubrette Pucker
1000001990,Merry Kerfoot
1000001991,Christie Cox
1000001992,Joy Kunze
1000001993,Bondie Normanville
1000001994,Cad Gillebert
1000001995,Sully Tabord
1000001996,Orin Chopin
1000001997,Alistair Astie
1000001998,Ruperto Papez
1000001999,Ofelia Nicol
1000002000,Ricky Lapish
