duns,nombre,cede_principal,email_representante,,
10-100-1001,editorial1,DE,1@gmail.com,,
10-100-1002,editorial2,TH,2@gmail.com,,
10-100-1003,editorial3,DO,3@gmail.com,,
10-100-1004,editorial4,AU,4@gmail.com,,
10-100-1005,editorial5,JP,5@gmail.com,,
10-100-1006,editorial6,CO,6@gmail.com,,
10-100-1007,editorial7,CN,7@gmail.com,,
10-100-1008,editorial8,IE,8@gmail.com,,
10-100-1009,editorial9,BS,9@gmail.com,,
10-100-1010,editorial10,PL,10@gmail.com,,
10-100-1011,editorial11,SE,11@gmail.com,,
10-100-1012,editorial12,US,12@gmail.com,,
10-100-1013,editorial13,MX,13@gmail.com,,
10-100-1014,editorial14,JP,14@gmail.com,,
10-100-1015,editorial15,MG,15@gmail.com,,
10-100-1016,editorial16,GB,16@gmail.com,,
10-100-1017,editorial17,US,17@gmail.com,,
10-100-1018,editorial18,AO,18@gmail.com,,
10-100-1019,editorial19,AU,19@gmail.com,,
10-100-1020,editorial20,PE,20@gmail.com,,
10-100-1021,editorial21,US,21@gmail.com,,
10-100-1022,editorial22,EC,22@gmail.com,,
10-100-1023,editorial23,BR,23@gmail.com,hdh,23
10-100-1024,editorial24,PG,24@gmail.com,fgdfg,24
10-100-1025,editorial25,CN,25@gmail.com,dhdh,25
10-100-1026,editorial26,MY,26@gmail.com,,26
10-100-1027,editorial27,US,27@gmail.com,,27
10-100-1028,editorial28,ES,28@gmail.com,,28
10-100-1029,editorial29,US,29@gmail.com,,29
10-100-1030,editorial30,AU,30@gmail.com,,30
10-100-1031,editorial31,CA,31@gmail.com,,31
10-100-1032,editorial32,AU,32@gmail.com,,32
10-100-1033,editorial33,AU,33@gmail.com,,33
10-100-1034,editorial34,US,34@gmail.com,,34
10-100-1035,editorial35,IN,35@gmail.com,,35
10-100-1036,editorial36,DE,36@gmail.com,,36
10-100-1037,editorial37,IN,37@gmail.com,,37
10-100-1038,editorial38,KE,38@gmail.com,,38
10-100-1039,editorial39,US,39@gmail.com,,39
10-100-1040,editorial40,US,40@gmail.com,,40
10-100-1041,editorial41,US,41@gmail.com,,41
10-100-1042,editorial42,IR,42@gmail.com,,42
10-100-1043,editorial43,US,43@gmail.com,,43
10-100-1044,editorial44,OM,44@gmail.com,,44
10-100-1045,editorial45,US,45@gmail.com,,45
10-100-1046,editorial46,SE,46@gmail.com,,46
10-100-1047,editorial47,MY,47@gmail.com,,47
10-100-1048,editorial48,AU,48@gmail.com,,48
10-100-1049,editorial49,CA,49@gmail.com,,49
10-100-1050,editorial50,TH,50@gmail.com,,50
10-100-1051,editorial51,RU,51@gmail.com,,51
10-100-1052,editorial52,PG,52@gmail.com,,52
10-100-1053,editorial53,VE,53@gmail.com,,53
10-100-1054,editorial54,ZM,54@gmail.com,,54
10-100-1055,editorial55,CN,55@gmail.com,,55
10-100-1056,editorial56,CN,56@gmail.com,,56
10-100-1057,editorial57,AU,57@gmail.com,,57
10-100-1058,editorial58,US,58@gmail.com,,58
10-100-1059,editorial59,AO,59@gmail.com,,59
10-100-1060,editorial60,US,60@gmail.com,,60
10-100-1061,editorial61,US,61@gmail.com,,61
10-100-1062,editorial62,EH,62@gmail.com,,62
10-100-1063,editorial63,CL,63@gmail.com,,63
10-100-1064,editorial64,PK,64@gmail.com,,64
10-100-1065,editorial65,PH,65@gmail.com,,65
10-100-1066,editorial66,US,66@gmail.com,,66
10-100-1067,editorial67,PH,67@gmail.com,,67
10-100-1068,editorial68,CO,68@gmail.com,,68
10-100-1069,editorial69,BR,69@gmail.com,,69
10-100-1070,editorial70,US,70@gmail.com,,70
10-100-1071,editorial71,AU,71@gmail.com,,71
10-100-1072,editorial72,US,72@gmail.com,,72
10-100-1073,editorial73,RU,73@gmail.com,,73
10-100-1074,editorial74,RU,74@gmail.com,,74
10-100-1075,editorial75,PF,75@gmail.com,,75
10-100-1076,editorial76,KR,76@gmail.com,,76
10-100-1077,editorial77,US,77@gmail.com,,77
10-100-1078,editorial78,IN,78@gmail.com,,78
10-100-1079,editorial79,AU,79@gmail.com,,79
10-100-1080,editorial80,EG,80@gmail.com,,80
10-100-1081,editorial81,IT,81@gmail.com,,81
10-100-1082,editorial82,DO,82@gmail.com,,82
10-100-1083,editorial83,ID,83@gmail.com,,83
10-100-1084,editorial84,CA,84@gmail.com,,84
10-100-1085,editorial85,MY,85@gmail.com,,85
10-100-1086,editorial86,US,86@gmail.com,,86
10-100-1087,editorial87,US,87@gmail.com,,87
10-100-1088,editorial88,SR,88@gmail.com,,88
10-100-1089,editorial89,VE,89@gmail.com,,89
10-100-1090,editorial90,AU,90@gmail.com,,90
10-100-1091,editorial91,CA,91@gmail.com,,91
10-100-1092,editorial92,US,92@gmail.com,,92
10-100-1093,editorial93,HN,93@gmail.com,,93
10-100-1094,editorial94,CL,94@gmail.com,,94
10-100-1095,editorial95,CO,95@gmail.com,,95
10-100-1096,editorial96,AU,96@gmail.com,,96
10-100-1097,editorial97,FR,97@gmail.com,,97
10-100-1098,editorial98,CR,98@gmail.com,,98
10-100-1099,editorial99,ID,99@gmail.com,,99
10-100-1100,editorial100,CA,100@gmail.com,,100
10-100-1101,editorial101,SA,101@gmail.com,,101
10-100-1102,editorial102,NZ,102@gmail.com,,102
10-100-1103,editorial103,BG,103@gmail.com,,103
10-100-1104,editorial104,US,104@gmail.com,,104
10-100-1105,editorial105,IT,105@gmail.com,,105
10-100-1106,editorial106,US,106@gmail.com,,106
10-100-1107,editorial107,US,107@gmail.com,,107
10-100-1108,editorial108,VC,108@gmail.com,,108
10-100-1109,editorial109,BR,109@gmail.com,,109
10-100-1110,editorial110,MX,110@gmail.com,,110
10-100-1111,editorial111,MX,111@gmail.com,,111
10-100-1112,editorial112,US,112@gmail.com,,112
10-100-1113,editorial113,AE,113@gmail.com,,113
10-100-1114,editorial114,US,114@gmail.com,,114
10-100-1115,editorial115,DE,115@gmail.com,,115
10-100-1116,editorial116,SA,116@gmail.com,,116
10-100-1117,editorial117,US,117@gmail.com,,117
10-100-1118,editorial118,TH,118@gmail.com,,118
10-100-1119,editorial119,NL,119@gmail.com,,119
10-100-1120,editorial120,US,120@gmail.com,,120
10-100-1121,editorial121,AU,121@gmail.com,,121
10-100-1122,editorial122,SD,122@gmail.com,,122
10-100-1123,editorial123,US,123@gmail.com,,123
10-100-1124,editorial124,AU,124@gmail.com,,124
10-100-1125,editorial125,MM,125@gmail.com,,125
10-100-1126,editorial126,CK,126@gmail.com,,126
10-100-1127,editorial127,CA,127@gmail.com,,127
10-100-1128,editorial128,CA,128@gmail.com,,128
10-100-1129,editorial129,US,129@gmail.com,,129
10-100-1130,editorial130,CA,130@gmail.com,,130
10-100-1131,editorial131,CN,131@gmail.com,,131
10-100-1132,editorial132,IN,132@gmail.com,,132
10-100-1133,editorial133,IR,133@gmail.com,,133
10-100-1134,editorial134,BR,134@gmail.com,,134
10-100-1135,editorial135,CL,135@gmail.com,,135
10-100-1136,editorial136,OM,136@gmail.com,,136
10-100-1137,editorial137,CA,137@gmail.com,,137
10-100-1138,editorial138,JP,138@gmail.com,,138
10-100-1139,editorial139,VI,139@gmail.com,,139
10-100-1140,editorial140,GB,140@gmail.com,,140
10-100-1141,editorial141,US,141@gmail.com,,141
10-100-1142,editorial142,US,142@gmail.com,,142
10-100-1143,editorial143,PH,143@gmail.com,,143
10-100-1144,editorial144,SY,144@gmail.com,,144
10-100-1145,editorial145,DZ,145@gmail.com,,145
10-100-1146,editorial146,VN,146@gmail.com,,146
10-100-1147,editorial147,AO,147@gmail.com,,147
10-100-1148,editorial148,ZA,148@gmail.com,,148
10-100-1149,editorial149,ZW,149@gmail.com,,149
10-100-1150,editorial150,CN,150@gmail.com,,150
10-100-1151,editorial151,BR,151@gmail.com,,151
10-100-1152,editorial152,MG,152@gmail.com,,152
10-100-1153,editorial153,US,153@gmail.com,,153
10-100-1154,editorial154,CU,154@gmail.com,,154
10-100-1155,editorial155,US,155@gmail.com,,155
10-100-1156,editorial156,MX,156@gmail.com,,156
10-100-1157,editorial157,ET,157@gmail.com,,157
10-100-1158,editorial158,GA,158@gmail.com,,158
10-100-1159,editorial159,CM,159@gmail.com,,159
10-100-1160,editorial160,US,160@gmail.com,,160
10-100-1161,editorial161,BO,161@gmail.com,,161
10-100-1162,editorial162,PY,162@gmail.com,,162
10-100-1163,editorial163,CA,163@gmail.com,,163
10-100-1164,editorial164,BR,164@gmail.com,,164
10-100-1165,editorial165,CN,165@gmail.com,,165
10-100-1166,editorial166,US,166@gmail.com,,166
10-100-1167,editorial167,DE,167@gmail.com,,167
10-100-1168,editorial168,KE,168@gmail.com,,168
10-100-1169,editorial169,BY,169@gmail.com,,169
10-100-1170,editorial170,JP,170@gmail.com,,170
10-100-1171,editorial171,CO,171@gmail.com,,171
10-100-1172,editorial172,US,172@gmail.com,,172
10-100-1173,editorial173,US,173@gmail.com,,173
10-100-1174,editorial174,CD,174@gmail.com,,174
10-100-1175,editorial175,ET,175@gmail.com,,175
10-100-1176,editorial176,AU,176@gmail.com,,176
10-100-1177,editorial177,BR,177@gmail.com,,177
10-100-1178,editorial178,MM,178@gmail.com,,178
10-100-1179,editorial179,US,179@gmail.com,,179
10-100-1180,editorial180,AU,180@gmail.com,,180
10-100-1181,editorial181,AZ,181@gmail.com,,181
10-100-1182,editorial182,US,182@gmail.com,,182
10-100-1183,editorial183,NZ,183@gmail.com,,183
10-100-1184,editorial184,MZ,184@gmail.com,,184
10-100-1185,editorial185,AU,185@gmail.com,,185
10-100-1186,editorial186,CN,186@gmail.com,,186
10-100-1187,editorial187,VE,187@gmail.com,,187
10-100-1188,editorial188,NZ,188@gmail.com,,188
10-100-1189,editorial189,BJ,189@gmail.com,,189
10-100-1190,editorial190,PG,190@gmail.com,,190
10-100-1191,editorial191,US,191@gmail.com,,191
10-100-1192,editorial192,AU,192@gmail.com,,192
10-100-1193,editorial193,AU,193@gmail.com,,193
10-100-1194,editorial194,BE,194@gmail.com,,194
10-100-1195,editorial195,CN,195@gmail.com,,195
10-100-1196,editorial196,ID,196@gmail.com,,196
10-100-1197,editorial197,DE,197@gmail.com,,197
10-100-1198,editorial198,US,198@gmail.com,,198
10-100-1199,editorial199,US,199@gmail.com,,199
10-100-1200,editorial200,NO,200@gmail.com,,200
10-100-1201,editorial201,TH,201@gmail.com,,201
10-100-1202,editorial202,BR,202@gmail.com,,202
10-100-1203,editorial203,BR,203@gmail.com,,203
10-100-1204,editorial204,VE,204@gmail.com,,204
10-100-1205,editorial205,CA,205@gmail.com,,205
10-100-1206,editorial206,ID,206@gmail.com,,206
10-100-1207,editorial207,US,207@gmail.com,,207
10-100-1208,editorial208,FI,208@gmail.com,,208
10-100-1209,editorial209,CA,209@gmail.com,,209
10-100-1210,editorial210,AU,210@gmail.com,,210
10-100-1211,editorial211,DE,211@gmail.com,,211
10-100-1212,editorial212,PA,212@gmail.com,,212
10-100-1213,editorial213,MX,213@gmail.com,,213
10-100-1214,editorial214,PK,214@gmail.com,,214
10-100-1215,editorial215,AU,215@gmail.com,,215
10-100-1216,editorial216,EG,216@gmail.com,,216
10-100-1217,editorial217,TD,217@gmail.com,,217
10-100-1218,editorial218,SB,218@gmail.com,,218
10-100-1219,editorial219,DO,219@gmail.com,,219
10-100-1220,editorial220,AU,220@gmail.com,,220
10-100-1221,editorial221,US,221@gmail.com,,221
10-100-1222,editorial222,US,222@gmail.com,,222
10-100-1223,editorial223,PG,223@gmail.com,,223
10-100-1224,editorial224,CN,224@gmail.com,,224
10-100-1225,editorial225,MG,225@gmail.com,,225
10-100-1226,editorial226,US,226@gmail.com,,226
10-100-1227,editorial227,EE,227@gmail.com,,227
10-100-1228,editorial228,MG,228@gmail.com,,228
10-100-1229,editorial229,CN,229@gmail.com,,229
10-100-1230,editorial230,US,230@gmail.com,,230
10-100-1231,editorial231,BR,231@gmail.com,,231
10-100-1232,editorial232,PG,232@gmail.com,,232
10-100-1233,editorial233,US,233@gmail.com,,233
10-100-1234,editorial234,CH,234@gmail.com,,234
10-100-1235,editorial235,TR,235@gmail.com,,235
10-100-1236,editorial236,AU,236@gmail.com,,236
10-100-1237,editorial237,US,237@gmail.com,,237
10-100-1238,editorial238,CV,238@gmail.com,,238
10-100-1239,editorial239,FR,239@gmail.com,,239
10-100-1240,editorial240,RU,240@gmail.com,,240
10-100-1241,editorial241,DZ,241@gmail.com,,241
10-100-1242,editorial242,BR,242@gmail.com,,242
10-100-1243,editorial243,KH,243@gmail.com,,243
10-100-1244,editorial244,ZW,244@gmail.com,,244
10-100-1245,editorial245,ZA,245@gmail.com,,245
10-100-1246,editorial246,BR,246@gmail.com,,246
10-100-1247,editorial247,CA,247@gmail.com,,247
10-100-1248,editorial248,PG,248@gmail.com,,248
10-100-1249,editorial249,MX,249@gmail.com,,249
10-100-1250,editorial250,CA,250@gmail.com,,250
10-100-1251,editorial251,IR,251@gmail.com,,251
10-100-1252,editorial252,PG,252@gmail.com,,252
10-100-1253,editorial253,EH,253@gmail.com,,253
10-100-1254,editorial254,US,254@gmail.com,,254
10-100-1255,editorial255,ID,255@gmail.com,,255
10-100-1256,editorial256,US,256@gmail.com,,256
10-100-1257,editorial257,BR,257@gmail.com,,257
10-100-1258,editorial258,US,258@gmail.com,,258
10-100-1259,editorial259,MG,259@gmail.com,,259
10-100-1260,editorial260,AR,260@gmail.com,,260
10-100-1261,editorial261,US,261@gmail.com,,261
10-100-1262,editorial262,CA,262@gmail.com,,262
10-100-1263,editorial263,DE,263@gmail.com,,263
10-100-1264,editorial264,US,264@gmail.com,,264
10-100-1265,editorial265,AU,265@gmail.com,,265
10-100-1266,editorial266,US,266@gmail.com,,266
10-100-1267,editorial267,US,267@gmail.com,,267
10-100-1268,editorial268,MG,268@gmail.com,,268
10-100-1269,editorial269,US,269@gmail.com,,269
10-100-1270,editorial270,US,270@gmail.com,,270
10-100-1271,editorial271,US,271@gmail.com,,271
10-100-1272,editorial272,FR,272@gmail.com,,272
10-100-1273,editorial273,TH,273@gmail.com,,273
10-100-1274,editorial274,PG,274@gmail.com,,274
10-100-1275,editorial275,VE,275@gmail.com,,275
10-100-1276,editorial276,NZ,276@gmail.com,,276
10-100-1277,editorial277,PG,277@gmail.com,,277
10-100-1278,editorial278,ET,278@gmail.com,,278
10-100-1279,editorial279,US,279@gmail.com,,279
10-100-1280,editorial280,US,280@gmail.com,,280
10-100-1281,editorial281,NG,281@gmail.com,,281
10-100-1282,editorial282,CA,282@gmail.com,,282
10-100-1283,editorial283,SD,283@gmail.com,,283
10-100-1284,editorial284,GB,284@gmail.com,,284
10-100-1285,editorial285,MX,285@gmail.com,,285
10-100-1286,editorial286,GB,286@gmail.com,,286
10-100-1287,editorial287,PK,287@gmail.com,,287
10-100-1288,editorial288,US,288@gmail.com,,288
10-100-1289,editorial289,AR,289@gmail.com,,289
10-100-1290,editorial290,CN,290@gmail.com,,290
10-100-1291,editorial291,CO,291@gmail.com,,291
10-100-1292,editorial292,MA,292@gmail.com,,292
10-100-1293,editorial293,AU,293@gmail.com,,293
10-100-1294,editorial294,ET,294@gmail.com,,294
10-100-1295,editorial295,SD,295@gmail.com,,295
10-100-1296,editorial296,BY,296@gmail.com,,296
10-100-1297,editorial297,US,297@gmail.com,,297
10-100-1298,editorial298,US,298@gmail.com,,298
10-100-1299,editorial299,TZ,299@gmail.com,,299
10-100-1300,editorial300,US,300@gmail.com,,300
10-100-1301,editorial301,GE,301@gmail.com,,301
10-100-1302,editorial302,AU,302@gmail.com,,302
10-100-1303,editorial303,CO,303@gmail.com,,303
10-100-1304,editorial304,US,304@gmail.com,,304
10-100-1305,editorial305,CA,305@gmail.com,,305
10-100-1306,editorial306,FR,306@gmail.com,,306
10-100-1307,editorial307,US,307@gmail.com,,307
10-100-1308,editorial308,US,308@gmail.com,,308
10-100-1309,editorial309,BR,309@gmail.com,,309
10-100-1310,editorial310,SE,310@gmail.com,,310
10-100-1311,editorial311,US,311@gmail.com,,311
10-100-1312,editorial312,US,312@gmail.com,,312
10-100-1313,editorial313,US,313@gmail.com,,313
10-100-1314,editorial314,US,314@gmail.com,,314
10-100-1315,editorial315,CM,315@gmail.com,,315
10-100-1316,editorial316,PA,316@gmail.com,,316
10-100-1317,editorial317,BR,317@gmail.com,,317
10-100-1318,editorial318,CA,318@gmail.com,,318
10-100-1319,editorial319,IR,319@gmail.com,,319
10-100-1320,editorial320,ES,320@gmail.com,,320
10-100-1321,editorial321,US,321@gmail.com,,321
10-100-1322,editorial322,US,322@gmail.com,,322
10-100-1323,editorial323,KI,323@gmail.com,,323
10-100-1324,editorial324,US,324@gmail.com,,324
10-100-1325,editorial325,AU,325@gmail.com,,325
10-100-1326,editorial326,CA,326@gmail.com,,326
10-100-1327,editorial327,PT,327@gmail.com,,327
10-100-1328,editorial328,ID,328@gmail.com,,328
10-100-1329,editorial329,AU,329@gmail.com,,329
10-100-1330,editorial330,HR,330@gmail.com,,330
10-100-1331,editorial331,PG,331@gmail.com,,331
10-100-1332,editorial332,GB,332@gmail.com,,332
10-100-1333,editorial333,BR,333@gmail.com,,333
10-100-1334,editorial334,CF,334@gmail.com,,334
10-100-1335,editorial335,NI,335@gmail.com,,335
10-100-1336,editorial336,AU,336@gmail.com,,336
10-100-1337,editorial337,GQ,337@gmail.com,,337
10-100-1338,editorial338,MX,338@gmail.com,,338
10-100-1339,editorial339,US,339@gmail.com,,339
10-100-1340,editorial340,US,340@gmail.com,,340
10-100-1341,editorial341,US,341@gmail.com,,341
10-100-1342,editorial342,ID,342@gmail.com,,342
10-100-1343,editorial343,MM,343@gmail.com,,343
10-100-1344,editorial344,PH,344@gmail.com,,344
10-100-1345,editorial345,US,345@gmail.com,,345
10-100-1346,editorial346,CR,346@gmail.com,,346
10-100-1347,editorial347,US,347@gmail.com,,347
10-100-1348,editorial348,RU,348@gmail.com,,348
10-100-1349,editorial349,EC,349@gmail.com,,349
10-100-1350,editorial350,RU,350@gmail.com,,350
10-100-1351,editorial351,CN,351@gmail.com,,351
10-100-1352,editorial352,GL,352@gmail.com,,352
10-100-1353,editorial353,CN,353@gmail.com,,353
10-100-1354,editorial354,FR,354@gmail.com,,354
10-100-1355,editorial355,AU,355@gmail.com,,355
10-100-1356,editorial356,FR,356@gmail.com,,356
10-100-1357,editorial357,US,357@gmail.com,,357
10-100-1358,editorial358,EG,358@gmail.com,,358
10-100-1359,editorial359,MM,359@gmail.com,,359
10-100-1360,editorial360,ES,360@gmail.com,,360
10-100-1361,editorial361,AR,361@gmail.com,,361
10-100-1362,editorial362,BR,362@gmail.com,,362
10-100-1363,editorial363,JP,363@gmail.com,,363
10-100-1364,editorial364,US,364@gmail.com,,364
10-100-1365,editorial365,GL,365@gmail.com,,365
10-100-1366,editorial366,ID,366@gmail.com,,366
10-100-1367,editorial367,MY,367@gmail.com,,367
10-100-1368,editorial368,CN,368@gmail.com,,368
10-100-1369,editorial369,MM,369@gmail.com,,369
10-100-1370,editorial370,NZ,370@gmail.com,,370
10-100-1371,editorial371,FI,371@gmail.com,,371
10-100-1372,editorial372,US,372@gmail.com,,372
10-100-1373,editorial373,NZ,373@gmail.com,,373
10-100-1374,editorial374,CA,374@gmail.com,,374
10-100-1375,editorial375,CD,375@gmail.com,,375
10-100-1376,editorial376,JP,376@gmail.com,,376
10-100-1377,editorial377,CA,377@gmail.com,,377
10-100-1378,editorial378,GE,378@gmail.com,,378
10-100-1379,editorial379,PG,379@gmail.com,,379
10-100-1380,editorial380,KI,380@gmail.com,,380
10-100-1381,editorial381,CA,381@gmail.com,,381
10-100-1382,editorial382,PH,382@gmail.com,,382
10-100-1383,editorial383,PY,383@gmail.com,,383
10-100-1384,editorial384,US,384@gmail.com,,384
10-100-1385,editorial385,MV,385@gmail.com,,385
10-100-1386,editorial386,BR,386@gmail.com,,386
10-100-1387,editorial387,PG,387@gmail.com,,387
10-100-1388,editorial388,US,388@gmail.com,,388
10-100-1389,editorial389,SB,389@gmail.com,,389
10-100-1390,editorial390,ZM,390@gmail.com,,390
10-100-1391,editorial391,CN,391@gmail.com,,391
10-100-1392,editorial392,AU,392@gmail.com,,392
10-100-1393,editorial393,CG,393@gmail.com,,393
10-100-1394,editorial394,KR,394@gmail.com,,394
10-100-1395,editorial395,AU,395@gmail.com,,395
10-100-1396,editorial396,VU,396@gmail.com,,396
10-100-1397,editorial397,PK,397@gmail.com,,397
10-100-1398,editorial398,IN,398@gmail.com,,398
10-100-1399,editorial399,US,399@gmail.com,,399
10-100-1400,editorial400,MX,400@gmail.com,,400
10-100-1401,editorial401,CU,401@gmail.com,,401
10-100-1402,editorial402,FR,402@gmail.com,,402
10-100-1403,editorial403,PG,403@gmail.com,,403
10-100-1404,editorial404,CA,404@gmail.com,,404
10-100-1405,editorial405,US,405@gmail.com,,405
10-100-1406,editorial406,US,406@gmail.com,,406
10-100-1407,editorial407,RU,407@gmail.com,,407
10-100-1408,editorial408,RE,408@gmail.com,,408
10-100-1409,editorial409,NO,409@gmail.com,,409
10-100-1410,editorial410,LK,410@gmail.com,,410
10-100-1411,editorial411,DE,411@gmail.com,,411
10-100-1412,editorial412,US,412@gmail.com,,412
10-100-1413,editorial413,ID,413@gmail.com,,413
10-100-1414,editorial414,BR,414@gmail.com,,414
10-100-1415,editorial415,CA,415@gmail.com,,415
10-100-1416,editorial416,AU,416@gmail.com,,416
10-100-1417,editorial417,PH,417@gmail.com,,417
10-100-1418,editorial418,US,418@gmail.com,,418
10-100-1419,editorial419,US,419@gmail.com,,419
10-100-1420,editorial420,MG,420@gmail.com,,420
10-100-1421,editorial421,PE,421@gmail.com,,421
10-100-1422,editorial422,CH,422@gmail.com,,422
10-100-1423,editorial423,VE,423@gmail.com,,423
10-100-1424,editorial424,BD,424@gmail.com,,424
10-100-1425,editorial425,US,425@gmail.com,,425
10-100-1426,editorial426,BR,426@gmail.com,,426
10-100-1427,editorial427,RW,427@gmail.com,,427
10-100-1428,editorial428,BR,428@gmail.com,,428
10-100-1429,editorial429,MX,429@gmail.com,,429
10-100-1430,editorial430,US,430@gmail.com,,430
10-100-1431,editorial431,US,431@gmail.com,,431
10-100-1432,editorial432,DE,432@gmail.com,,432
10-100-1433,editorial433,US,433@gmail.com,,433
10-100-1434,editorial434,US,434@gmail.com,,434
10-100-1435,editorial435,US,435@gmail.com,,435
10-100-1436,editorial436,IN,436@gmail.com,,436
10-100-1437,editorial437,IS,437@gmail.com,,437
10-100-1438,editorial438,PG,438@gmail.com,,438
10-100-1439,editorial439,BR,439@gmail.com,,439
10-100-1440,editorial440,US,440@gmail.com,,440
10-100-1441,editorial441,PG,441@gmail.com,,441
10-100-1442,editorial442,GB,442@gmail.com,,442
10-100-1443,editorial443,CA,443@gmail.com,,443
10-100-1444,editorial444,US,444@gmail.com,,444
10-100-1445,editorial445,CA,445@gmail.com,,445
10-100-1446,editorial446,JP,446@gmail.com,,446
10-100-1447,editorial447,US,447@gmail.com,,447
10-100-1448,editorial448,NI,448@gmail.com,,448
10-100-1449,editorial449,DZ,449@gmail.com,,449
10-100-1450,editorial450,RU,450@gmail.com,,450
10-100-1451,editorial451,US,451@gmail.com,,451
10-100-1452,editorial452,PG,452@gmail.com,,452
10-100-1453,editorial453,BR,453@gmail.com,,453
10-100-1454,editorial454,US,454@gmail.com,,454
10-100-1455,editorial455,AR,455@gmail.com,,455
10-100-1456,editorial456,SN,456@gmail.com,,456
10-100-1457,editorial457,AU,457@gmail.com,,457
10-100-1458,editorial458,PH,458@gmail.com,,458
10-100-1459,editorial459,BR,459@gmail.com,,459
10-100-1460,editorial460,US,460@gmail.com,,460
10-100-1461,editorial461,CF,461@gmail.com,,461
10-100-1462,editorial462,MM,462@gmail.com,,462
10-100-1463,editorial463,BR,463@gmail.com,,463
10-100-1464,editorial464,US,464@gmail.com,,464
10-100-1465,editorial465,BR,465@gmail.com,,465
10-100-1466,editorial466,US,466@gmail.com,,466
10-100-1467,editorial467,CA,467@gmail.com,,467
10-100-1468,editorial468,NA,468@gmail.com,,468
10-100-1469,editorial469,TZ,469@gmail.com,,469
10-100-1470,editorial470,CA,470@gmail.com,,470
10-100-1471,editorial471,ZA,471@gmail.com,,471
10-100-1472,editorial472,RU,472@gmail.com,,472
10-100-1473,editorial473,BF,473@gmail.com,,473
10-100-1474,editorial474,US,474@gmail.com,,474
10-100-1475,editorial475,US,475@gmail.com,,475
10-100-1476,editorial476,US,476@gmail.com,,476
10-100-1477,editorial477,NZ,477@gmail.com,,477
10-100-1478,editorial478,JP,478@gmail.com,,478
10-100-1479,editorial479,CA,479@gmail.com,,479
10-100-1480,editorial480,SR,480@gmail.com,,480
10-100-1481,editorial481,JP,481@gmail.com,,481
10-100-1482,editorial482,US,482@gmail.com,,482
10-100-1483,editorial483,ID,483@gmail.com,,483
10-100-1484,editorial484,HR,484@gmail.com,,484
10-100-1485,editorial485,US,485@gmail.com,,485
10-100-1486,editorial486,US,486@gmail.com,,486
10-100-1487,editorial487,NG,487@gmail.com,,487
10-100-1488,editorial488,IR,488@gmail.com,,488
10-100-1489,editorial489,KH,489@gmail.com,,489
10-100-1490,editorial490,HN,490@gmail.com,,490
10-100-1491,editorial491,US,491@gmail.com,,491
10-100-1492,editorial492,US,492@gmail.com,,492
10-100-1493,editorial493,DZ,493@gmail.com,,493
10-100-1494,editorial494,BF,494@gmail.com,,494
10-100-1495,editorial495,US,495@gmail.com,,495
10-100-1496,editorial496,US,496@gmail.com,,496
10-100-1497,editorial497,US,497@gmail.com,,497
10-100-1498,editorial498,PY,498@gmail.com,,498
10-100-1499,editorial499,SG,499@gmail.com,,499
10-100-1500,editorial500,ES,500@gmail.com,,500
10-100-1501,editorial501,MX,501@gmail.com,,501
10-100-1502,editorial502,AU,502@gmail.com,,502
10-100-1503,editorial503,AU,503@gmail.com,,503
10-100-1504,editorial504,PR,504@gmail.com,,504
10-100-1505,editorial505,US,505@gmail.com,,505
10-100-1506,editorial506,CA,506@gmail.com,,506
10-100-1507,editorial507,AU,507@gmail.com,,507
10-100-1508,editorial508,SB,508@gmail.com,,508
10-100-1509,editorial509,MM,509@gmail.com,,509
10-100-1510,editorial510,US,510@gmail.com,,510
10-100-1511,editorial511,WS,511@gmail.com,,511
10-100-1512,editorial512,LK,512@gmail.com,,512
10-100-1513,editorial513,HN,513@gmail.com,,513
10-100-1514,editorial514,US,514@gmail.com,,514
10-100-1515,editorial515,US,515@gmail.com,,515
10-100-1516,editorial516,CF,516@gmail.com,,516
10-100-1517,editorial517,RU,517@gmail.com,,517
10-100-1518,editorial518,AU,518@gmail.com,,518
10-100-1519,editorial519,US,519@gmail.com,,519
10-100-1520,editorial520,CA,520@gmail.com,,520
10-100-1521,editorial521,AU,521@gmail.com,,521
10-100-1522,editorial522,DE,522@gmail.com,,522
10-100-1523,editorial523,CL,523@gmail.com,,523
10-100-1524,editorial524,BR,524@gmail.com,,524
10-100-1525,editorial525,PG,525@gmail.com,,525
10-100-1526,editorial526,US,526@gmail.com,,526
10-100-1527,editorial527,DE,527@gmail.com,,527
10-100-1528,editorial528,IN,528@gmail.com,,528
10-100-1529,editorial529,PG,529@gmail.com,,529
10-100-1530,editorial530,US,530@gmail.com,,530
10-100-1531,editorial531,LS,531@gmail.com,,531
10-100-1532,editorial532,JP,532@gmail.com,,532
10-100-1533,editorial533,AU,533@gmail.com,,533
10-100-1534,editorial534,BR,534@gmail.com,,534
10-100-1535,editorial535,US,535@gmail.com,,535
10-100-1536,editorial536,PH,536@gmail.com,,536
10-100-1537,editorial537,CN,537@gmail.com,,537
10-100-1538,editorial538,BR,538@gmail.com,,538
10-100-1539,editorial539,IR,539@gmail.com,,539
10-100-1540,editorial540,RU,540@gmail.com,,540
10-100-1541,editorial541,AR,541@gmail.com,,541
10-100-1542,editorial542,PG,542@gmail.com,,542
10-100-1543,editorial543,CN,543@gmail.com,,543
10-100-1544,editorial544,JP,544@gmail.com,,544
10-100-1545,editorial545,CO,545@gmail.com,,545
10-100-1546,editorial546,NP,546@gmail.com,,546
10-100-1547,editorial547,FJ,547@gmail.com,,547
10-100-1548,editorial548,RU,548@gmail.com,,548
10-100-1549,editorial549,US,549@gmail.com,,549
10-100-1550,editorial550,BR,550@gmail.com,,550
10-100-1551,editorial551,VN,551@gmail.com,,551
10-100-1552,editorial552,UA,552@gmail.com,,552
10-100-1553,editorial553,BR,553@gmail.com,,553
10-100-1554,editorial554,FR,554@gmail.com,,554
10-100-1555,editorial555,BR,555@gmail.com,,555
10-100-1556,editorial556,BS,556@gmail.com,,556
10-100-1557,editorial557,KR,557@gmail.com,,557
10-100-1558,editorial558,IR,558@gmail.com,,558
10-100-1559,editorial559,US,559@gmail.com,,559
10-100-1560,editorial560,CA,560@gmail.com,,560
10-100-1561,editorial561,MW,561@gmail.com,,561
10-100-1562,editorial562,DK,562@gmail.com,,562
10-100-1563,editorial563,CD,563@gmail.com,,563
10-100-1564,editorial564,AU,564@gmail.com,,564
10-100-1565,editorial565,IS,565@gmail.com,,565
10-100-1566,editorial566,BR,566@gmail.com,,566
10-100-1567,editorial567,IL,567@gmail.com,,567
10-100-1568,editorial568,FJ,568@gmail.com,,568
10-100-1569,editorial569,GB,569@gmail.com,,569
10-100-1570,editorial570,CO,570@gmail.com,,570
10-100-1571,editorial571,NP,571@gmail.com,,571
10-100-1572,editorial572,VU,572@gmail.com,,572
10-100-1573,editorial573,US,573@gmail.com,,573
10-100-1574,editorial574,CO,574@gmail.com,,574
10-100-1575,editorial575,ET,575@gmail.com,,575
10-100-1576,editorial576,ZA,576@gmail.com,,576
10-100-1577,editorial577,AU,577@gmail.com,,577
10-100-1578,editorial578,JO,578@gmail.com,,578
10-100-1579,editorial579,CA,579@gmail.com,,579
10-100-1580,editorial580,NG,580@gmail.com,,580
10-100-1581,editorial581,CL,581@gmail.com,,581
10-100-1582,editorial582,MY,582@gmail.com,,582
10-100-1583,editorial583,ID,583@gmail.com,,583
10-100-1584,editorial584,RU,584@gmail.com,,584
10-100-1585,editorial585,PK,585@gmail.com,,585
10-100-1586,editorial586,AU,586@gmail.com,,586
10-100-1587,editorial587,ID,587@gmail.com,,587
10-100-1588,editorial588,CA,588@gmail.com,,588
10-100-1589,editorial589,GR,589@gmail.com,,589
10-100-1590,editorial590,CA,590@gmail.com,,590
10-100-1591,editorial591,TR,591@gmail.com,,591
10-100-1592,editorial592,EC,592@gmail.com,,592
10-100-1593,editorial593,BR,593@gmail.com,,593
10-100-1594,editorial594,AU,594@gmail.com,,594
10-100-1595,editorial595,BY,595@gmail.com,,595
10-100-1596,editorial596,AU,596@gmail.com,,596
10-100-1597,editorial597,US,597@gmail.com,,597
10-100-1598,editorial598,FR,598@gmail.com,,598
10-100-1599,editorial599,PG,599@gmail.com,,599
10-100-1600,editorial600,US,600@gmail.com,,600
10-100-1601,editorial601,US,601@gmail.com,,601
10-100-1602,editorial602,BR,602@gmail.com,,602
10-100-1603,editorial603,MA,603@gmail.com,,603
10-100-1604,editorial604,VE,604@gmail.com,,604
10-100-1605,editorial605,MX,605@gmail.com,,605
10-100-1606,editorial606,CC,606@gmail.com,,606
10-100-1607,editorial607,RU,607@gmail.com,,607
10-100-1608,editorial608,AU,608@gmail.com,,608
10-100-1609,editorial609,CN,609@gmail.com,,609
10-100-1610,editorial610,AR,610@gmail.com,,610
10-100-1611,editorial611,PE,611@gmail.com,,611
10-100-1612,editorial612,US,612@gmail.com,,612
10-100-1613,editorial613,US,613@gmail.com,,613
10-100-1614,editorial614,AU,614@gmail.com,,614
10-100-1615,editorial615,NR,615@gmail.com,,615
10-100-1616,editorial616,MM,616@gmail.com,,616
10-100-1617,editorial617,IN,617@gmail.com,,617
10-100-1618,editorial618,PG,618@gmail.com,,618
10-100-1619,editorial619,AE,619@gmail.com,,619
10-100-1620,editorial620,ID,620@gmail.com,,620
10-100-1621,editorial621,US,621@gmail.com,,621
10-100-1622,editorial622,ID,622@gmail.com,,622
10-100-1623,editorial623,RU,623@gmail.com,,623
10-100-1624,editorial624,JP,624@gmail.com,,624
10-100-1625,editorial625,US,625@gmail.com,,625
10-100-1626,editorial626,ID,626@gmail.com,,626
10-100-1627,editorial627,BR,627@gmail.com,,627
10-100-1628,editorial628,CI,628@gmail.com,,628
10-100-1629,editorial629,AU,629@gmail.com,,629
10-100-1630,editorial630,JP,630@gmail.com,,630
10-100-1631,editorial631,SE,631@gmail.com,,631
10-100-1632,editorial632,MV,632@gmail.com,,632
10-100-1633,editorial633,CA,633@gmail.com,,633
10-100-1634,editorial634,CD,634@gmail.com,,634
10-100-1635,editorial635,ZW,635@gmail.com,,635
10-100-1636,editorial636,IR,636@gmail.com,,636
10-100-1637,editorial637,US,637@gmail.com,,637
10-100-1638,editorial638,RU,638@gmail.com,,638
10-100-1639,editorial639,LR,639@gmail.com,,639
10-100-1640,editorial640,OM,640@gmail.com,,640
10-100-1641,editorial641,PG,641@gmail.com,,641
10-100-1642,editorial642,PH,642@gmail.com,,642
10-100-1643,editorial643,TH,643@gmail.com,,643
10-100-1644,editorial644,MW,644@gmail.com,,644
10-100-1645,editorial645,MG,645@gmail.com,,645
10-100-1646,editorial646,IS,646@gmail.com,,646
10-100-1647,editorial647,YE,647@gmail.com,,647
10-100-1648,editorial648,MX,648@gmail.com,,648
10-100-1649,editorial649,US,649@gmail.com,,649
10-100-1650,editorial650,US,650@gmail.com,,650
10-100-1651,editorial651,US,651@gmail.com,,651
10-100-1652,editorial652,US,652@gmail.com,,652
10-100-1653,editorial653,AU,653@gmail.com,,653
10-100-1654,editorial654,PL,654@gmail.com,,654
10-100-1655,editorial655,US,655@gmail.com,,655
10-100-1656,editorial656,US,656@gmail.com,,656
10-100-1657,editorial657,PG,657@gmail.com,,657
10-100-1658,editorial658,AE,658@gmail.com,,658
10-100-1659,editorial659,CO,659@gmail.com,,659
10-100-1660,editorial660,KI,660@gmail.com,,660
10-100-1661,editorial661,CA,661@gmail.com,,661
10-100-1662,editorial662,AR,662@gmail.com,,662
10-100-1663,editorial663,LY,663@gmail.com,,663
10-100-1664,editorial664,CM,664@gmail.com,,664
10-100-1665,editorial665,HR,665@gmail.com,,665
10-100-1666,editorial666,US,666@gmail.com,,666
10-100-1667,editorial667,MX,667@gmail.com,,667
10-100-1668,editorial668,US,668@gmail.com,,668
10-100-1669,editorial669,BR,669@gmail.com,,669
10-100-1670,editorial670,SY,670@gmail.com,,670
10-100-1671,editorial671,IN,671@gmail.com,,671
10-100-1672,editorial672,CO,672@gmail.com,,672
10-100-1673,editorial673,US,673@gmail.com,,673
10-100-1674,editorial674,LK,674@gmail.com,,674
10-100-1675,editorial675,PF,675@gmail.com,,675
10-100-1676,editorial676,BR,676@gmail.com,,676
10-100-1677,editorial677,IN,677@gmail.com,,677
10-100-1678,editorial678,PE,678@gmail.com,,678
10-100-1679,editorial679,CN,679@gmail.com,,679
10-100-1680,editorial680,EG,680@gmail.com,,680
10-100-1681,editorial681,LB,681@gmail.com,,681
10-100-1682,editorial682,BR,682@gmail.com,,682
10-100-1683,editorial683,BR,683@gmail.com,,683
10-100-1684,editorial684,CG,684@gmail.com,,684
10-100-1685,editorial685,CA,685@gmail.com,,685
10-100-1686,editorial686,ZA,686@gmail.com,,686
10-100-1687,editorial687,IR,687@gmail.com,,687
10-100-1688,editorial688,AU,688@gmail.com,,688
10-100-1689,editorial689,ET,689@gmail.com,,689
10-100-1690,editorial690,US,690@gmail.com,,690
10-100-1691,editorial691,NI,691@gmail.com,,691
10-100-1692,editorial692,PG,692@gmail.com,,692
10-100-1693,editorial693,CA,693@gmail.com,,693
10-100-1694,editorial694,BR,694@gmail.com,,694
10-100-1695,editorial695,RU,695@gmail.com,,695
10-100-1696,editorial696,GL,696@gmail.com,,696
10-100-1697,editorial697,AU,697@gmail.com,,697
10-100-1698,editorial698,NC,698@gmail.com,,698
10-100-1699,editorial699,VE,699@gmail.com,,699
10-100-1700,editorial700,MY,700@gmail.com,,700
10-100-1701,editorial701,FM,701@gmail.com,,701
10-100-1702,editorial702,NA,702@gmail.com,,702
10-100-1703,editorial703,US,703@gmail.com,,703
10-100-1704,editorial704,CA,704@gmail.com,,704
10-100-1705,editorial705,FR,705@gmail.com,,705
10-100-1706,editorial706,KI,706@gmail.com,,706
10-100-1707,editorial707,BR,707@gmail.com,,707
10-100-1708,editorial708,AU,708@gmail.com,,708
10-100-1709,editorial709,SA,709@gmail.com,,709
10-100-1710,editorial710,CN,710@gmail.com,,710
10-100-1711,editorial711,AU,711@gmail.com,,711
10-100-1712,editorial712,DE,712@gmail.com,,712
10-100-1713,editorial713,US,713@gmail.com,,713
10-100-1714,editorial714,BY,714@gmail.com,,714
10-100-1715,editorial715,LK,715@gmail.com,,715
10-100-1716,editorial716,IR,716@gmail.com,,716
10-100-1717,editorial717,US,717@gmail.com,,717
10-100-1718,editorial718,CN,718@gmail.com,,718
10-100-1719,editorial719,MX,719@gmail.com,,719
10-100-1720,editorial720,FR,720@gmail.com,,720
10-100-1721,editorial721,BR,721@gmail.com,,721
10-100-1722,editorial722,AU,722@gmail.com,,722
10-100-1723,editorial723,US,723@gmail.com,,723
10-100-1724,editorial724,US,724@gmail.com,,724
10-100-1725,editorial725,US,725@gmail.com,,725
10-100-1726,editorial726,AU,726@gmail.com,,726
10-100-1727,editorial727,AU,727@gmail.com,,727
10-100-1728,editorial728,MR,728@gmail.com,,728
10-100-1729,editorial729,KG,729@gmail.com,,729
10-100-1730,editorial730,MM,730@gmail.com,,730
10-100-1731,editorial731,US,731@gmail.com,,731
10-100-1732,editorial732,AU,732@gmail.com,,732
10-100-1733,editorial733,US,733@gmail.com,,733
10-100-1734,editorial734,PK,734@gmail.com,,734
10-100-1735,editorial735,TR,735@gmail.com,,735
10-100-1736,editorial736,IN,736@gmail.com,,736
10-100-1737,editorial737,PG,737@gmail.com,,737
10-100-1738,editorial738,IN,738@gmail.com,,738
10-100-1739,editorial739,CA,739@gmail.com,,739
10-100-1740,editorial740,DE,740@gmail.com,,740
10-100-1741,editorial741,AU,741@gmail.com,,741
10-100-1742,editorial742,US,742@gmail.com,,742
10-100-1743,editorial743,US,743@gmail.com,,743
10-100-1744,editorial744,US,744@gmail.com,,744
10-100-1745,editorial745,US,745@gmail.com,,745
10-100-1746,editorial746,US,746@gmail.com,,746
10-100-1747,editorial747,GB,747@gmail.com,,747
10-100-1748,editorial748,CA,748@gmail.com,,748
10-100-1749,editorial749,AU,749@gmail.com,,749
10-100-1750,editorial750,AU,750@gmail.com,,750
10-100-1751,editorial751,SO,751@gmail.com,,751
10-100-1752,editorial752,US,752@gmail.com,,752
10-100-1753,editorial753,AU,753@gmail.com,,753
10-100-1754,editorial754,US,754@gmail.com,,754
10-100-1755,editorial755,NZ,755@gmail.com,,755
10-100-1756,editorial756,FI,756@gmail.com,,756
10-100-1757,editorial757,CH,757@gmail.com,,757
10-100-1758,editorial758,CA,758@gmail.com,,758
10-100-1759,editorial759,CA,759@gmail.com,,759
10-100-1760,editorial760,ID,760@gmail.com,,760
10-100-1761,editorial761,US,761@gmail.com,,761
10-100-1762,editorial762,IR,762@gmail.com,,762
10-100-1763,editorial763,EH,763@gmail.com,,763
10-100-1764,editorial764,ZW,764@gmail.com,,764
10-100-1765,editorial765,US,765@gmail.com,,765
10-100-1766,editorial766,GE,766@gmail.com,,766
10-100-1767,editorial767,AU,767@gmail.com,,767
10-100-1768,editorial768,US,768@gmail.com,,768
10-100-1769,editorial769,CZ,769@gmail.com,,769
10-100-1770,editorial770,NO,770@gmail.com,,770
10-100-1771,editorial771,AU,771@gmail.com,,771
10-100-1772,editorial772,US,772@gmail.com,,772
10-100-1773,editorial773,US,773@gmail.com,,773
10-100-1774,editorial774,US,774@gmail.com,,774
10-100-1775,editorial775,CO,775@gmail.com,,775
10-100-1776,editorial776,TH,776@gmail.com,,776
10-100-1777,editorial777,AU,777@gmail.com,,777
10-100-1778,editorial778,DK,778@gmail.com,,778
10-100-1779,editorial779,CA,779@gmail.com,,779
10-100-1780,editorial780,IR,780@gmail.com,,780
10-100-1781,editorial781,IN,781@gmail.com,,781
10-100-1782,editorial782,PE,782@gmail.com,,782
10-100-1783,editorial783,BF,783@gmail.com,,783
10-100-1784,editorial784,CD,784@gmail.com,,784
10-100-1785,editorial785,ID,785@gmail.com,,785
10-100-1786,editorial786,PG,786@gmail.com,,786
10-100-1787,editorial787,AU,787@gmail.com,,787
10-100-1788,editorial788,PG,788@gmail.com,,788
10-100-1789,editorial789,US,789@gmail.com,,789
10-100-1790,editorial790,AR,790@gmail.com,,790
10-100-1791,editorial791,CO,791@gmail.com,,791
10-100-1792,editorial792,BR,792@gmail.com,,792
10-100-1793,editorial793,AU,793@gmail.com,,793
10-100-1794,editorial794,US,794@gmail.com,,794
10-100-1795,editorial795,AU,795@gmail.com,,795
10-100-1796,editorial796,MX,796@gmail.com,,796
10-100-1797,editorial797,CN,797@gmail.com,,797
10-100-1798,editorial798,KE,798@gmail.com,,798
10-100-1799,editorial799,US,799@gmail.com,,799
10-100-1800,editorial800,US,800@gmail.com,,800
10-100-1801,editorial801,CA,801@gmail.com,,801
10-100-1802,editorial802,MY,802@gmail.com,,802
10-100-1803,editorial803,FR,803@gmail.com,,803
10-100-1804,editorial804,CN,804@gmail.com,,804
10-100-1805,editorial805,NA,805@gmail.com,,805
10-100-1806,editorial806,TH,806@gmail.com,,806
10-100-1807,editorial807,TD,807@gmail.com,,807
10-100-1808,editorial808,BR,808@gmail.com,,808
10-100-1809,editorial809,FJ,809@gmail.com,,809
10-100-1810,editorial810,AF,810@gmail.com,,810
10-100-1811,editorial811,PA,811@gmail.com,,811
10-100-1812,editorial812,NL,812@gmail.com,,812
10-100-1813,editorial813,ST,813@gmail.com,,813
10-100-1814,editorial814,RU,814@gmail.com,,814
10-100-1815,editorial815,RO,815@gmail.com,,815
10-100-1816,editorial816,CI,816@gmail.com,,816
10-100-1817,editorial817,BR,817@gmail.com,,817
10-100-1818,editorial818,SR,818@gmail.com,,818
10-100-1819,editorial819,SC,819@gmail.com,,819
10-100-1820,editorial820,PT,820@gmail.com,,820
10-100-1821,editorial821,US,821@gmail.com,,821
10-100-1822,editorial822,US,822@gmail.com,,822
10-100-1823,editorial823,US,823@gmail.com,,823
10-100-1824,editorial824,ID,824@gmail.com,,824
10-100-1825,editorial825,AU,825@gmail.com,,825
10-100-1826,editorial826,US,826@gmail.com,,826
10-100-1827,editorial827,FR,827@gmail.com,,827
10-100-1828,editorial828,US,828@gmail.com,,828
10-100-1829,editorial829,BR,829@gmail.com,,829
10-100-1830,editorial830,PG,830@gmail.com,,830
10-100-1831,editorial831,US,831@gmail.com,,831
10-100-1832,editorial832,US,832@gmail.com,,832
10-100-1833,editorial833,CI,833@gmail.com,,833
10-100-1834,editorial834,US,834@gmail.com,,834
10-100-1835,editorial835,PG,835@gmail.com,,835
10-100-1836,editorial836,GY,836@gmail.com,,836
10-100-1837,editorial837,GB,837@gmail.com,,837
10-100-1838,editorial838,BR,838@gmail.com,,838
10-100-1839,editorial839,DE,839@gmail.com,,839
10-100-1840,editorial840,UA,840@gmail.com,,840
10-100-1841,editorial841,GB,841@gmail.com,,841
10-100-1842,editorial842,PG,842@gmail.com,,842
10-100-1843,editorial843,RU,843@gmail.com,,843
10-100-1844,editorial844,SE,844@gmail.com,,844
10-100-1845,editorial845,CN,845@gmail.com,,845
10-100-1846,editorial846,RU,846@gmail.com,,846
10-100-1847,editorial847,US,847@gmail.com,,847
10-100-1848,editorial848,KH,848@gmail.com,,848
10-100-1849,editorial849,CA,849@gmail.com,,849
10-100-1850,editorial850,MN,850@gmail.com,,850
10-100-1851,editorial851,ML,851@gmail.com,,851
10-100-1852,editorial852,CI,852@gmail.com,,852
10-100-1853,editorial853,MM,853@gmail.com,,853
10-100-1854,editorial854,CA,854@gmail.com,,854
10-100-1855,editorial855,PK,855@gmail.com,,855
10-100-1856,editorial856,IT,856@gmail.com,,856
10-100-1857,editorial857,ET,857@gmail.com,,857
10-100-1858,editorial858,US,858@gmail.com,,858
10-100-1859,editorial859,GB,859@gmail.com,,859
10-100-1860,editorial860,DK,860@gmail.com,,860
10-100-1861,editorial861,DE,861@gmail.com,,861
10-100-1862,editorial862,US,862@gmail.com,,862
10-100-1863,editorial863,UA,863@gmail.com,,863
10-100-1864,editorial864,US,864@gmail.com,,864
10-100-1865,editorial865,US,865@gmail.com,,865
10-100-1866,editorial866,DE,866@gmail.com,,866
10-100-1867,editorial867,TD,867@gmail.com,,867
10-100-1868,editorial868,AU,868@gmail.com,,868
10-100-1869,editorial869,MZ,869@gmail.com,,869
10-100-1870,editorial870,US,870@gmail.com,,870
10-100-1871,editorial871,US,871@gmail.com,,871
10-100-1872,editorial872,FR,872@gmail.com,,872
10-100-1873,editorial873,MY,873@gmail.com,,873
10-100-1874,editorial874,CN,874@gmail.com,,874
10-100-1875,editorial875,US,875@gmail.com,,875
10-100-1876,editorial876,ZA,876@gmail.com,,876
10-100-1877,editorial877,US,877@gmail.com,,877
10-100-1878,editorial878,CF,878@gmail.com,,878
10-100-1879,editorial879,BR,879@gmail.com,,879
10-100-1880,editorial880,US,880@gmail.com,,880
10-100-1881,editorial881,ZA,881@gmail.com,,881
10-100-1882,editorial882,BR,882@gmail.com,,882
10-100-1883,editorial883,AO,883@gmail.com,,883
10-100-1884,editorial884,US,884@gmail.com,,884
10-100-1885,editorial885,AU,885@gmail.com,,885
10-100-1886,editorial886,IN,886@gmail.com,,886
10-100-1887,editorial887,ZW,887@gmail.com,,887
10-100-1888,editorial888,CN,888@gmail.com,,888
10-100-1889,editorial889,MX,889@gmail.com,,889
10-100-1890,editorial890,ME,890@gmail.com,,890
10-100-1891,editorial891,AO,891@gmail.com,,891
10-100-1892,editorial892,IN,892@gmail.com,,892
10-100-1893,editorial893,MY,893@gmail.com,,893
10-100-1894,editorial894,US,894@gmail.com,,894
10-100-1895,editorial895,ID,895@gmail.com,,895
10-100-1896,editorial896,US,896@gmail.com,,896
10-100-1897,editorial897,US,897@gmail.com,,897
10-100-1898,editorial898,US,898@gmail.com,,898
10-100-1899,editorial899,DE,899@gmail.com,,899
10-100-1900,editorial900,SE,900@gmail.com,,900
10-100-1901,editorial901,US,901@gmail.com,,901
10-100-1902,editorial902,NC,902@gmail.com,,902
10-100-1903,editorial903,BM,903@gmail.com,,903
10-100-1904,editorial904,AU,904@gmail.com,,904
10-100-1905,editorial905,LV,905@gmail.com,,905
10-100-1906,editorial906,AU,906@gmail.com,,906
10-100-1907,editorial907,US,907@gmail.com,,907
10-100-1908,editorial908,US,908@gmail.com,,908
10-100-1909,editorial909,HR,909@gmail.com,,909
10-100-1910,editorial910,NZ,910@gmail.com,,910
10-100-1911,editorial911,US,911@gmail.com,,911
10-100-1912,editorial912,CA,912@gmail.com,,912
10-100-1913,editorial913,US,913@gmail.com,,913
10-100-1914,editorial914,BR,914@gmail.com,,914
10-100-1915,editorial915,ID,915@gmail.com,,915
10-100-1916,editorial916,BR,916@gmail.com,,916
10-100-1917,editorial917,NA,917@gmail.com,,917
10-100-1918,editorial918,US,918@gmail.com,,918
10-100-1919,editorial919,JP,919@gmail.com,,919
10-100-1920,editorial920,AO,920@gmail.com,,920
10-100-1921,editorial921,US,921@gmail.com,,921
10-100-1922,editorial922,US,922@gmail.com,,922
10-100-1923,editorial923,TR,923@gmail.com,,923
10-100-1924,editorial924,RO,924@gmail.com,,924
10-100-1925,editorial925,BW,925@gmail.com,,925
10-100-1926,editorial926,IN,926@gmail.com,,926
10-100-1927,editorial927,HN,927@gmail.com,,927
10-100-1928,editorial928,JP,928@gmail.com,,928
10-100-1929,editorial929,TD,929@gmail.com,,929
10-100-1930,editorial930,PF,930@gmail.com,,930
10-100-1931,editorial931,PR,931@gmail.com,,931
10-100-1932,editorial932,FR,932@gmail.com,,932
10-100-1933,editorial933,US,933@gmail.com,,933
10-100-1934,editorial934,US,934@gmail.com,,934
10-100-1935,editorial935,MH,935@gmail.com,,935
10-100-1936,editorial936,GB,936@gmail.com,,936
10-100-1937,editorial937,AF,937@gmail.com,,937
10-100-1938,editorial938,KR,938@gmail.com,,938
10-100-1939,editorial939,ID,939@gmail.com,,939
10-100-1940,editorial940,TD,940@gmail.com,,940
10-100-1941,editorial941,US,941@gmail.com,,941
10-100-1942,editorial942,IE,942@gmail.com,,942
10-100-1943,editorial943,ID,943@gmail.com,,943
10-100-1944,editorial944,US,944@gmail.com,,944
10-100-1945,editorial945,US,945@gmail.com,,945
10-100-1946,editorial946,DK,946@gmail.com,,946
10-100-1947,editorial947,ID,947@gmail.com,,947
10-100-1948,editorial948,IL,948@gmail.com,,948
10-100-1949,editorial949,CA,949@gmail.com,,949
10-100-1950,editorial950,US,950@gmail.com,,950
10-100-1951,editorial951,PE,951@gmail.com,,951
10-100-1952,editorial952,CL,952@gmail.com,,952
10-100-1953,editorial953,US,953@gmail.com,,953
10-100-1954,editorial954,AU,954@gmail.com,,954
10-100-1955,editorial955,NO,955@gmail.com,,955
10-100-1956,editorial956,CN,956@gmail.com,,956
10-100-1957,editorial957,BR,957@gmail.com,,957
10-100-1958,editorial958,RW,958@gmail.com,,958
10-100-1959,editorial959,ZA,959@gmail.com,,959
10-100-1960,editorial960,US,960@gmail.com,,960
10-100-1961,editorial961,US,961@gmail.com,,961
10-100-1962,editorial962,ZA,962@gmail.com,,962
10-100-1963,editorial963,MG,963@gmail.com,,963
10-100-1964,editorial964,TZ,964@gmail.com,,964
10-100-1965,editorial965,US,965@gmail.com,,965
10-100-1966,editorial966,US,966@gmail.com,,966
10-100-1967,editorial967,PG,967@gmail.com,,967
10-100-1968,editorial968,US,968@gmail.com,,968
10-100-1969,editorial969,US,969@gmail.com,,969
10-100-1970,editorial970,US,970@gmail.com,,970
10-100-1971,editorial971,MG,971@gmail.com,,971
10-100-1972,editorial972,PH,972@gmail.com,,972
10-100-1973,editorial973,MX,973@gmail.com,,973
10-100-1974,editorial974,IS,974@gmail.com,,974
10-100-1975,editorial975,US,975@gmail.com,,975
10-100-1976,editorial976,FI,976@gmail.com,,976
10-100-1977,editorial977,PF,977@gmail.com,,977
10-100-1978,editorial978,US,978@gmail.com,,978
10-100-1979,editorial979,US,979@gmail.com,,979
10-100-1980,editorial980,AF,980@gmail.com,,980
10-100-1981,editorial981,CA,981@gmail.com,,981
10-100-1982,editorial982,US,982@gmail.com,,982
10-100-1983,editorial983,SA,983@gmail.com,,983
10-100-1984,editorial984,CO,984@gmail.com,,984
10-100-1985,editorial985,PG,985@gmail.com,,985
10-100-1986,editorial986,CK,986@gmail.com,,986
10-100-1987,editorial987,BD,987@gmail.com,,987
10-100-1988,editorial988,KZ,988@gmail.com,,988
10-100-1989,editorial989,JP,989@gmail.com,,989
10-100-1990,editorial990,AO,990@gmail.com,,990
10-100-1991,editorial991,CO,991@gmail.com,,991
10-100-1992,editorial992,US,992@gmail.com,,992
10-100-1993,editorial993,BR,993@gmail.com,,993
10-100-1994,editorial994,JP,994@gmail.com,,994
10-100-1995,editorial995,KZ,995@gmail.com,,995
10-100-1996,editorial996,AD,996@gmail.com,,996
10-100-1997,editorial997,NG,997@gmail.com,,997
10-100-1998,editorial998,NP,998@gmail.com,,998
10-100-1999,editorial999,BR,999@gmail.com,,999
10-100-2000,editorial1000,CA,1000@gmail.com,,1000
10-100-2001,editorial1001,DE,1001@gmail.com,,1001
10-100-2002,editorial1002,TH,1002@gmail.com,,1002
10-100-2003,editorial1003,DO,1003@gmail.com,,1003
10-100-2004,editorial1004,AU,1004@gmail.com,,1004
10-100-2005,editorial1005,JP,1005@gmail.com,,1005
10-100-2006,editorial1006,CO,1006@gmail.com,,1006
10-100-2007,editorial1007,CN,1007@gmail.com,,1007
10-100-2008,editorial1008,IE,1008@gmail.com,,1008
10-100-2009,editorial1009,BS,1009@gmail.com,,1009
10-100-2010,editorial1010,PL,1010@gmail.com,,1010
10-100-2011,editorial1011,SE,1011@gmail.com,,1011
10-100-2012,editorial1012,US,1012@gmail.com,,1012
10-100-2013,editorial1013,MX,1013@gmail.com,,1013
10-100-2014,editorial1014,JP,1014@gmail.com,,1014
10-100-2015,editorial1015,MG,1015@gmail.com,,1015
10-100-2016,editorial1016,GB,1016@gmail.com,,1016
10-100-2017,editorial1017,US,1017@gmail.com,,1017
10-100-2018,editorial1018,AO,1018@gmail.com,,1018
10-100-2019,editorial1019,AU,1019@gmail.com,,1019
10-100-2020,editorial1020,PE,1020@gmail.com,,1020
10-100-2021,editorial1021,US,1021@gmail.com,,1021
10-100-2022,editorial1022,EC,1022@gmail.com,,1022
10-100-2023,editorial1023,BR,1023@gmail.com,,1023
10-100-2024,editorial1024,PG,1024@gmail.com,,1024
10-100-2025,editorial1025,CN,1025@gmail.com,,1025
10-100-2026,editorial1026,MY,1026@gmail.com,,1026
10-100-2027,editorial1027,US,1027@gmail.com,,1027
10-100-2028,editorial1028,ES,1028@gmail.com,,1028
10-100-2029,editorial1029,US,1029@gmail.com,,1029
10-100-2030,editorial1030,AU,1030@gmail.com,,1030
10-100-2031,editorial1031,CA,1031@gmail.com,,1031
10-100-2032,editorial1032,AU,1032@gmail.com,,1032
10-100-2033,editorial1033,AU,1033@gmail.com,,1033
10-100-2034,editorial1034,US,1034@gmail.com,,1034
10-100-2035,editorial1035,IN,1035@gmail.com,,1035
10-100-2036,editorial1036,DE,1036@gmail.com,,1036
10-100-2037,editorial1037,IN,1037@gmail.com,,1037
10-100-2038,editorial1038,KE,1038@gmail.com,,1038
10-100-2039,editorial1039,US,1039@gmail.com,,1039
10-100-2040,editorial1040,US,1040@gmail.com,,1040
10-100-2041,editorial1041,US,1041@gmail.com,,1041
10-100-2042,editorial1042,IR,1042@gmail.com,,1042
10-100-2043,editorial1043,US,1043@gmail.com,,1043
10-100-2044,editorial1044,OM,1044@gmail.com,,1044
10-100-2045,editorial1045,US,1045@gmail.com,,1045
10-100-2046,editorial1046,SE,1046@gmail.com,,1046
10-100-2047,editorial1047,MY,1047@gmail.com,,1047
10-100-2048,editorial1048,AU,1048@gmail.com,,1048
10-100-2049,editorial1049,CA,1049@gmail.com,,1049
10-100-2050,editorial1050,TH,1050@gmail.com,,1050
10-100-2051,editorial1051,RU,1051@gmail.com,,1051
10-100-2052,editorial1052,PG,1052@gmail.com,,1052
10-100-2053,editorial1053,VE,1053@gmail.com,,1053
10-100-2054,editorial1054,ZM,1054@gmail.com,,1054
10-100-2055,editorial1055,CN,1055@gmail.com,,1055
10-100-2056,editorial1056,CN,1056@gmail.com,,1056
10-100-2057,editorial1057,AU,1057@gmail.com,,1057
10-100-2058,editorial1058,US,1058@gmail.com,,1058
10-100-2059,editorial1059,AO,1059@gmail.com,,1059
10-100-2060,editorial1060,US,1060@gmail.com,,1060
10-100-2061,editorial1061,US,1061@gmail.com,,1061
10-100-2062,editorial1062,EH,1062@gmail.com,,1062
10-100-2063,editorial1063,CL,1063@gmail.com,,1063
10-100-2064,editorial1064,PK,1064@gmail.com,,1064
10-100-2065,editorial1065,PH,1065@gmail.com,,1065
10-100-2066,editorial1066,US,1066@gmail.com,,1066
10-100-2067,editorial1067,PH,1067@gmail.com,,1067
10-100-2068,editorial1068,CO,1068@gmail.com,,1068
10-100-2069,editorial1069,BR,1069@gmail.com,,1069
10-100-2070,editorial1070,US,1070@gmail.com,,1070
10-100-2071,editorial1071,AU,1071@gmail.com,,1071
10-100-2072,editorial1072,US,1072@gmail.com,,1072
10-100-2073,editorial1073,RU,1073@gmail.com,,1073
10-100-2074,editorial1074,RU,1074@gmail.com,,1074
10-100-2075,editorial1075,PF,1075@gmail.com,,1075
10-100-2076,editorial1076,KR,1076@gmail.com,,1076
10-100-2077,editorial1077,US,1077@gmail.com,,1077
10-100-2078,editorial1078,IN,1078@gmail.com,,1078
10-100-2079,editorial1079,AU,1079@gmail.com,,1079
10-100-2080,editorial1080,EG,1080@gmail.com,,1080
10-100-2081,editorial1081,IT,1081@gmail.com,,1081
10-100-2082,editorial1082,DO,1082@gmail.com,,1082
10-100-2083,editorial1083,ID,1083@gmail.com,,1083
10-100-2084,editorial1084,CA,1084@gmail.com,,1084
10-100-2085,editorial1085,MY,1085@gmail.com,,1085
10-100-2086,editorial1086,US,1086@gmail.com,,1086
10-100-2087,editorial1087,US,1087@gmail.com,,1087
10-100-2088,editorial1088,SR,1088@gmail.com,,1088
10-100-2089,editorial1089,VE,1089@gmail.com,,1089
10-100-2090,editorial1090,AU,1090@gmail.com,,1090
10-100-2091,editorial1091,CA,1091@gmail.com,,1091
10-100-2092,editorial1092,US,1092@gmail.com,,1092
10-100-2093,editorial1093,HN,1093@gmail.com,,1093
10-100-2094,editorial1094,CL,1094@gmail.com,,1094
10-100-2095,editorial1095,CO,1095@gmail.com,,1095
10-100-2096,editorial1096,AU,1096@gmail.com,,1096
10-100-2097,editorial1097,FR,1097@gmail.com,,1097
10-100-2098,editorial1098,CR,1098@gmail.com,,1098
10-100-2099,editorial1099,ID,1099@gmail.com,,1099
10-100-2100,editorial1100,CA,1100@gmail.com,,1100
10-100-2101,editorial1101,SA,1101@gmail.com,,1101
10-100-2102,editorial1102,NZ,1102@gmail.com,,1102
10-100-2103,editorial1103,BG,1103@gmail.com,,1103
10-100-2104,editorial1104,US,1104@gmail.com,,1104
10-100-2105,editorial1105,IT,1105@gmail.com,,1105
10-100-2106,editorial1106,US,1106@gmail.com,,1106
10-100-2107,editorial1107,US,1107@gmail.com,,1107
10-100-2108,editorial1108,VC,1108@gmail.com,,1108
10-100-2109,editorial1109,BR,1109@gmail.com,,1109
10-100-2110,editorial1110,MX,1110@gmail.com,,1110
10-100-2111,editorial1111,MX,1111@gmail.com,,1111
10-100-2112,editorial1112,US,1112@gmail.com,,1112
10-100-2113,editorial1113,AE,1113@gmail.com,,1113
10-100-2114,editorial1114,US,1114@gmail.com,,1114
10-100-2115,editorial1115,DE,1115@gmail.com,,1115
10-100-2116,editorial1116,SA,1116@gmail.com,,1116
10-100-2117,editorial1117,US,1117@gmail.com,,1117
10-100-2118,editorial1118,TH,1118@gmail.com,,1118
10-100-2119,editorial1119,NL,1119@gmail.com,,1119
10-100-2120,editorial1120,US,1120@gmail.com,,1120
10-100-2121,editorial1121,AU,1121@gmail.com,,1121
10-100-2122,editorial1122,SD,1122@gmail.com,,1122
10-100-2123,editorial1123,US,1123@gmail.com,,1123
10-100-2124,editorial1124,AU,1124@gmail.com,,1124
10-100-2125,editorial1125,MM,1125@gmail.com,,1125
10-100-2126,editorial1126,CK,1126@gmail.com,,1126
10-100-2127,editorial1127,CA,1127@gmail.com,,1127
10-100-2128,editorial1128,CA,1128@gmail.com,,1128
10-100-2129,editorial1129,US,1129@gmail.com,,1129
10-100-2130,editorial1130,CA,1130@gmail.com,,1130
10-100-2131,editorial1131,CN,1131@gmail.com,,1131
10-100-2132,editorial1132,IN,1132@gmail.com,,1132
10-100-2133,editorial1133,IR,1133@gmail.com,,1133
10-100-2134,editorial1134,BR,1134@gmail.com,,1134
10-100-2135,editorial1135,CL,1135@gmail.com,,1135
10-100-2136,editorial1136,OM,1136@gmail.com,,1136
10-100-2137,editorial1137,CA,1137@gmail.com,,1137
10-100-2138,editorial1138,JP,1138@gmail.com,,1138
10-100-2139,editorial1139,VI,1139@gmail.com,,1139
10-100-2140,editorial1140,GB,1140@gmail.com,,1140
10-100-2141,editorial1141,US,1141@gmail.com,,1141
10-100-2142,editorial1142,US,1142@gmail.com,,1142
10-100-2143,editorial1143,PH,1143@gmail.com,,1143
10-100-2144,editorial1144,SY,1144@gmail.com,,1144
10-100-2145,editorial1145,DZ,1145@gmail.com,,1145
10-100-2146,editorial1146,VN,1146@gmail.com,,1146
10-100-2147,editorial1147,AO,1147@gmail.com,,1147
10-100-2148,editorial1148,ZA,1148@gmail.com,,1148
10-100-2149,editorial1149,ZW,1149@gmail.com,,1149
10-100-2150,editorial1150,CN,1150@gmail.com,,1150
10-100-2151,editorial1151,BR,1151@gmail.com,,1151
10-100-2152,editorial1152,MG,1152@gmail.com,,1152
10-100-2153,editorial1153,US,1153@gmail.com,,1153
10-100-2154,editorial1154,CU,1154@gmail.com,,1154
10-100-2155,editorial1155,US,1155@gmail.com,,1155
10-100-2156,editorial1156,MX,1156@gmail.com,,1156
10-100-2157,editorial1157,ET,1157@gmail.com,,1157
10-100-2158,editorial1158,GA,1158@gmail.com,,1158
10-100-2159,editorial1159,CM,1159@gmail.com,,1159
10-100-2160,editorial1160,US,1160@gmail.com,,1160
10-100-2161,editorial1161,BO,1161@gmail.com,,1161
10-100-2162,editorial1162,PY,1162@gmail.com,,1162
10-100-2163,editorial1163,CA,1163@gmail.com,,1163
10-100-2164,editorial1164,BR,1164@gmail.com,,1164
10-100-2165,editorial1165,CN,1165@gmail.com,,1165
10-100-2166,editorial1166,US,1166@gmail.com,,1166
10-100-2167,editorial1167,DE,1167@gmail.com,,1167
10-100-2168,editorial1168,KE,1168@gmail.com,,1168
10-100-2169,editorial1169,BY,1169@gmail.com,,1169
10-100-2170,editorial1170,JP,1170@gmail.com,,1170
10-100-2171,editorial1171,CO,1171@gmail.com,,1171
10-100-2172,editorial1172,US,1172@gmail.com,,1172
10-100-2173,editorial1173,US,1173@gmail.com,,1173
10-100-2174,editorial1174,CD,1174@gmail.com,,1174
10-100-2175,editorial1175,ET,1175@gmail.com,,1175
10-100-2176,editorial1176,AU,1176@gmail.com,,1176
10-100-2177,editorial1177,BR,1177@gmail.com,,1177
10-100-2178,editorial1178,MM,1178@gmail.com,,1178
10-100-2179,editorial1179,US,1179@gmail.com,,1179
10-100-2180,editorial1180,AU,1180@gmail.com,,1180
10-100-2181,editorial1181,AZ,1181@gmail.com,,1181
10-100-2182,editorial1182,US,1182@gmail.com,,1182
10-100-2183,editorial1183,NZ,1183@gmail.com,,1183
10-100-2184,editorial1184,MZ,1184@gmail.com,,1184
10-100-2185,editorial1185,AU,1185@gmail.com,,1185
10-100-2186,editorial1186,CN,1186@gmail.com,,1186
10-100-2187,editorial1187,VE,1187@gmail.com,,1187
10-100-2188,editorial1188,NZ,1188@gmail.com,,1188
10-100-2189,editorial1189,BJ,1189@gmail.com,,1189
10-100-2190,editorial1190,PG,1190@gmail.com,,1190
10-100-2191,editorial1191,US,1191@gmail.com,,1191
10-100-2192,editorial1192,AU,1192@gmail.com,,1192
10-100-2193,editorial1193,AU,1193@gmail.com,,1193
10-100-2194,editorial1194,BE,1194@gmail.com,,1194
10-100-2195,editorial1195,CN,1195@gmail.com,,1195
10-100-2196,editorial1196,ID,1196@gmail.com,,1196
10-100-2197,editorial1197,DE,1197@gmail.com,,1197
10-100-2198,editorial1198,US,1198@gmail.com,,1198
10-100-2199,editorial1199,US,1199@gmail.com,,1199
10-100-2200,editorial1200,NO,1200@gmail.com,,1200
10-100-2201,editorial1201,TH,1201@gmail.com,,1201
10-100-2202,editorial1202,BR,1202@gmail.com,,1202
10-100-2203,editorial1203,BR,1203@gmail.com,,1203
10-100-2204,editorial1204,VE,1204@gmail.com,,1204
10-100-2205,editorial1205,CA,1205@gmail.com,,1205
10-100-2206,editorial1206,ID,1206@gmail.com,,1206
10-100-2207,editorial1207,US,1207@gmail.com,,1207
10-100-2208,editorial1208,FI,1208@gmail.com,,1208
10-100-2209,editorial1209,CA,1209@gmail.com,,1209
10-100-2210,editorial1210,AU,1210@gmail.com,,1210
10-100-2211,editorial1211,DE,1211@gmail.com,,1211
10-100-2212,editorial1212,PA,1212@gmail.com,,1212
10-100-2213,editorial1213,MX,1213@gmail.com,,1213
10-100-2214,editorial1214,PK,1214@gmail.com,,1214
10-100-2215,editorial1215,AU,1215@gmail.com,,1215
10-100-2216,editorial1216,EG,1216@gmail.com,,1216
10-100-2217,editorial1217,TD,1217@gmail.com,,1217
10-100-2218,editorial1218,SB,1218@gmail.com,,1218
10-100-2219,editorial1219,DO,1219@gmail.com,,1219
10-100-2220,editorial1220,AU,1220@gmail.com,,1220
10-100-2221,editorial1221,US,1221@gmail.com,,1221
10-100-2222,editorial1222,US,1222@gmail.com,,1222
10-100-2223,editorial1223,PG,1223@gmail.com,,1223
10-100-2224,editorial1224,CN,1224@gmail.com,,1224
10-100-2225,editorial1225,MG,1225@gmail.com,,1225
10-100-2226,editorial1226,US,1226@gmail.com,,1226
10-100-2227,editorial1227,EE,1227@gmail.com,,1227
10-100-2228,editorial1228,MG,1228@gmail.com,,1228
10-100-2229,editorial1229,CN,1229@gmail.com,,1229
10-100-2230,editorial1230,US,1230@gmail.com,,1230
10-100-2231,editorial1231,BR,1231@gmail.com,,1231
10-100-2232,editorial1232,PG,1232@gmail.com,,1232
10-100-2233,editorial1233,US,1233@gmail.com,,1233
10-100-2234,editorial1234,CH,1234@gmail.com,,1234
10-100-2235,editorial1235,TR,1235@gmail.com,,1235
10-100-2236,editorial1236,AU,1236@gmail.com,,1236
10-100-2237,editorial1237,US,1237@gmail.com,,1237
10-100-2238,editorial1238,CV,1238@gmail.com,,1238
10-100-2239,editorial1239,FR,1239@gmail.com,,1239
10-100-2240,editorial1240,RU,1240@gmail.com,,1240
10-100-2241,editorial1241,DZ,1241@gmail.com,,1241
10-100-2242,editorial1242,BR,1242@gmail.com,,1242
10-100-2243,editorial1243,KH,1243@gmail.com,,1243
10-100-2244,editorial1244,ZW,1244@gmail.com,,1244
10-100-2245,editorial1245,ZA,1245@gmail.com,,1245
10-100-2246,editorial1246,BR,1246@gmail.com,,1246
10-100-2247,editorial1247,CA,1247@gmail.com,,1247
10-100-2248,editorial1248,PG,1248@gmail.com,,1248
10-100-2249,editorial1249,MX,1249@gmail.com,,1249
10-100-2250,editorial1250,CA,1250@gmail.com,,1250
10-100-2251,editorial1251,IR,1251@gmail.com,,1251
10-100-2252,editorial1252,PG,1252@gmail.com,,1252
10-100-2253,editorial1253,EH,1253@gmail.com,,1253
10-100-2254,editorial1254,US,1254@gmail.com,,1254
10-100-2255,editorial1255,ID,1255@gmail.com,,1255
10-100-2256,editorial1256,US,1256@gmail.com,,1256
10-100-2257,editorial1257,BR,1257@gmail.com,,1257
10-100-2258,editorial1258,US,1258@gmail.com,,1258
10-100-2259,editorial1259,MG,1259@gmail.com,,1259
10-100-2260,editorial1260,AR,1260@gmail.com,,1260
10-100-2261,editorial1261,US,1261@gmail.com,,1261
10-100-2262,editorial1262,CA,1262@gmail.com,,1262
10-100-2263,editorial1263,DE,1263@gmail.com,,1263
10-100-2264,editorial1264,US,1264@gmail.com,,1264
10-100-2265,editorial1265,AU,1265@gmail.com,,1265
10-100-2266,editorial1266,US,1266@gmail.com,,1266
10-100-2267,editorial1267,US,1267@gmail.com,,1267
10-100-2268,editorial1268,MG,1268@gmail.com,,1268
10-100-2269,editorial1269,US,1269@gmail.com,,1269
10-100-2270,editorial1270,US,1270@gmail.com,,1270
10-100-2271,editorial1271,US,1271@gmail.com,,1271
10-100-2272,editorial1272,FR,1272@gmail.com,,1272
10-100-2273,editorial1273,TH,1273@gmail.com,,1273
10-100-2274,editorial1274,PG,1274@gmail.com,,1274
10-100-2275,editorial1275,VE,1275@gmail.com,,1275
10-100-2276,editorial1276,NZ,1276@gmail.com,,1276
10-100-2277,editorial1277,PG,1277@gmail.com,,1277
10-100-2278,editorial1278,ET,1278@gmail.com,,1278
10-100-2279,editorial1279,US,1279@gmail.com,,1279
10-100-2280,editorial1280,US,1280@gmail.com,,1280
10-100-2281,editorial1281,NG,1281@gmail.com,,1281
10-100-2282,editorial1282,CA,1282@gmail.com,,1282
10-100-2283,editorial1283,SD,1283@gmail.com,,1283
10-100-2284,editorial1284,GB,1284@gmail.com,,1284
10-100-2285,editorial1285,MX,1285@gmail.com,,1285
10-100-2286,editorial1286,GB,1286@gmail.com,,1286
10-100-2287,editorial1287,PK,1287@gmail.com,,1287
10-100-2288,editorial1288,US,1288@gmail.com,,1288
10-100-2289,editorial1289,AR,1289@gmail.com,,1289
10-100-2290,editorial1290,CN,1290@gmail.com,,1290
10-100-2291,editorial1291,CO,1291@gmail.com,,1291
10-100-2292,editorial1292,MA,1292@gmail.com,,1292
10-100-2293,editorial1293,AU,1293@gmail.com,,1293
10-100-2294,editorial1294,ET,1294@gmail.com,,1294
10-100-2295,editorial1295,SD,1295@gmail.com,,1295
10-100-2296,editorial1296,BY,1296@gmail.com,,1296
10-100-2297,editorial1297,US,1297@gmail.com,,1297
10-100-2298,editorial1298,US,1298@gmail.com,,1298
10-100-2299,editorial1299,TZ,1299@gmail.com,,1299
10-100-2300,editorial1300,US,1300@gmail.com,,1300
10-100-2301,editorial1301,GE,1301@gmail.com,,1301
10-100-2302,editorial1302,AU,1302@gmail.com,,1302
10-100-2303,editorial1303,CO,1303@gmail.com,,1303
10-100-2304,editorial1304,US,1304@gmail.com,,1304
10-100-2305,editorial1305,CA,1305@gmail.com,,1305
10-100-2306,editorial1306,FR,1306@gmail.com,,1306
10-100-2307,editorial1307,US,1307@gmail.com,,1307
10-100-2308,editorial1308,US,1308@gmail.com,,1308
10-100-2309,editorial1309,BR,1309@gmail.com,,1309
10-100-2310,editorial1310,SE,1310@gmail.com,,1310
10-100-2311,editorial1311,US,1311@gmail.com,,1311
10-100-2312,editorial1312,US,1312@gmail.com,,1312
10-100-2313,editorial1313,US,1313@gmail.com,,1313
10-100-2314,editorial1314,US,1314@gmail.com,,1314
10-100-2315,editorial1315,CM,1315@gmail.com,,1315
10-100-2316,editorial1316,PA,1316@gmail.com,,1316
10-100-2317,editorial1317,BR,1317@gmail.com,,1317
10-100-2318,editorial1318,CA,1318@gmail.com,,1318
10-100-2319,editorial1319,IR,1319@gmail.com,,1319
10-100-2320,editorial1320,ES,1320@gmail.com,,1320
10-100-2321,editorial1321,US,1321@gmail.com,,1321
10-100-2322,editorial1322,US,1322@gmail.com,,1322
10-100-2323,editorial1323,KI,1323@gmail.com,,1323
10-100-2324,editorial1324,US,1324@gmail.com,,1324
10-100-2325,editorial1325,AU,1325@gmail.com,,1325
10-100-2326,editorial1326,CA,1326@gmail.com,,1326
10-100-2327,editorial1327,PT,1327@gmail.com,,1327
10-100-2328,editorial1328,ID,1328@gmail.com,,1328
10-100-2329,editorial1329,AU,1329@gmail.com,,1329
10-100-2330,editorial1330,HR,1330@gmail.com,,1330
10-100-2331,editorial1331,PG,1331@gmail.com,,1331
10-100-2332,editorial1332,GB,1332@gmail.com,,1332
10-100-2333,editorial1333,BR,1333@gmail.com,,1333
10-100-2334,editorial1334,CF,1334@gmail.com,,1334
10-100-2335,editorial1335,NI,1335@gmail.com,,1335
10-100-2336,editorial1336,AU,1336@gmail.com,,1336
10-100-2337,editorial1337,GQ,1337@gmail.com,,1337
10-100-2338,editorial1338,MX,1338@gmail.com,,1338
10-100-2339,editorial1339,US,1339@gmail.com,,1339
10-100-2340,editorial1340,US,1340@gmail.com,,1340
10-100-2341,editorial1341,US,1341@gmail.com,,1341
10-100-2342,editorial1342,ID,1342@gmail.com,,1342
10-100-2343,editorial1343,MM,1343@gmail.com,,1343
10-100-2344,editorial1344,PH,1344@gmail.com,,1344
10-100-2345,editorial1345,US,1345@gmail.com,,1345
10-100-2346,editorial1346,CR,1346@gmail.com,,1346
10-100-2347,editorial1347,US,1347@gmail.com,,1347
10-100-2348,editorial1348,RU,1348@gmail.com,,1348
10-100-2349,editorial1349,EC,1349@gmail.com,,1349
10-100-2350,editorial1350,RU,1350@gmail.com,,1350
10-100-2351,editorial1351,CN,1351@gmail.com,,1351
10-100-2352,editorial1352,GL,1352@gmail.com,,1352
10-100-2353,editorial1353,CN,1353@gmail.com,,1353
10-100-2354,editorial1354,FR,1354@gmail.com,,1354
10-100-2355,editorial1355,AU,1355@gmail.com,,1355
10-100-2356,editorial1356,FR,1356@gmail.com,,1356
10-100-2357,editorial1357,US,1357@gmail.com,,1357
10-100-2358,editorial1358,EG,1358@gmail.com,,1358
10-100-2359,editorial1359,MM,1359@gmail.com,,1359
10-100-2360,editorial1360,ES,1360@gmail.com,,1360
10-100-2361,editorial1361,AR,1361@gmail.com,,1361
10-100-2362,editorial1362,BR,1362@gmail.com,,1362
10-100-2363,editorial1363,JP,1363@gmail.com,,1363
10-100-2364,editorial1364,US,1364@gmail.com,,1364
10-100-2365,editorial1365,GL,1365@gmail.com,,1365
10-100-2366,editorial1366,ID,1366@gmail.com,,1366
10-100-2367,editorial1367,MY,1367@gmail.com,,1367
10-100-2368,editorial1368,CN,1368@gmail.com,,1368
10-100-2369,editorial1369,MM,1369@gmail.com,,1369
10-100-2370,editorial1370,NZ,1370@gmail.com,,1370
10-100-2371,editorial1371,FI,1371@gmail.com,,1371
10-100-2372,editorial1372,US,1372@gmail.com,,1372
10-100-2373,editorial1373,NZ,1373@gmail.com,,1373
10-100-2374,editorial1374,CA,1374@gmail.com,,1374
10-100-2375,editorial1375,CD,1375@gmail.com,,1375
10-100-2376,editorial1376,JP,1376@gmail.com,,1376
10-100-2377,editorial1377,CA,1377@gmail.com,,1377
10-100-2378,editorial1378,GE,1378@gmail.com,,1378
10-100-2379,editorial1379,PG,1379@gmail.com,,1379
10-100-2380,editorial1380,KI,1380@gmail.com,,1380
10-100-2381,editorial1381,CA,1381@gmail.com,,1381
10-100-2382,editorial1382,PH,1382@gmail.com,,1382
10-100-2383,editorial1383,PY,1383@gmail.com,,1383
10-100-2384,editorial1384,US,1384@gmail.com,,1384
10-100-2385,editorial1385,MV,1385@gmail.com,,1385
10-100-2386,editorial1386,BR,1386@gmail.com,,1386
10-100-2387,editorial1387,PG,1387@gmail.com,,1387
10-100-2388,editorial1388,US,1388@gmail.com,,1388
10-100-2389,editorial1389,SB,1389@gmail.com,,1389
10-100-2390,editorial1390,ZM,1390@gmail.com,,1390
10-100-2391,editorial1391,CN,1391@gmail.com,,1391
10-100-2392,editorial1392,AU,1392@gmail.com,,1392
10-100-2393,editorial1393,CG,1393@gmail.com,,1393
10-100-2394,editorial1394,KR,1394@gmail.com,,1394
10-100-2395,editorial1395,AU,1395@gmail.com,,1395
10-100-2396,editorial1396,VU,1396@gmail.com,,1396
10-100-2397,editorial1397,PK,1397@gmail.com,,1397
10-100-2398,editorial1398,IN,1398@gmail.com,,1398
10-100-2399,editorial1399,US,1399@gmail.com,,1399
10-100-2400,editorial1400,MX,1400@gmail.com,,1400
10-100-2401,editorial1401,CU,1401@gmail.com,,1401
10-100-2402,editorial1402,FR,1402@gmail.com,,1402
10-100-2403,editorial1403,PG,1403@gmail.com,,1403
10-100-2404,editorial1404,CA,1404@gmail.com,,1404
10-100-2405,editorial1405,US,1405@gmail.com,,1405
10-100-2406,editorial1406,US,1406@gmail.com,,1406
10-100-2407,editorial1407,RU,1407@gmail.com,,1407
10-100-2408,editorial1408,RE,1408@gmail.com,,1408
10-100-2409,editorial1409,NO,1409@gmail.com,,1409
10-100-2410,editorial1410,LK,1410@gmail.com,,1410
10-100-2411,editorial1411,DE,1411@gmail.com,,1411
10-100-2412,editorial1412,US,1412@gmail.com,,1412
10-100-2413,editorial1413,ID,1413@gmail.com,,1413
10-100-2414,editorial1414,BR,1414@gmail.com,,1414
10-100-2415,editorial1415,CA,1415@gmail.com,,1415
10-100-2416,editorial1416,AU,1416@gmail.com,,1416
10-100-2417,editorial1417,PH,1417@gmail.com,,1417
10-100-2418,editorial1418,US,1418@gmail.com,,1418
10-100-2419,editorial1419,US,1419@gmail.com,,1419
10-100-2420,editorial1420,MG,1420@gmail.com,,1420
10-100-2421,editorial1421,PE,1421@gmail.com,,1421
10-100-2422,editorial1422,CH,1422@gmail.com,,1422
10-100-2423,editorial1423,VE,1423@gmail.com,,1423
10-100-2424,editorial1424,BD,1424@gmail.com,,1424
10-100-2425,editorial1425,US,1425@gmail.com,,1425
10-100-2426,editorial1426,BR,1426@gmail.com,,1426
10-100-2427,editorial1427,RW,1427@gmail.com,,1427
10-100-2428,editorial1428,BR,1428@gmail.com,,1428
10-100-2429,editorial1429,MX,1429@gmail.com,,1429
10-100-2430,editorial1430,US,1430@gmail.com,,1430
10-100-2431,editorial1431,US,1431@gmail.com,,1431
10-100-2432,editorial1432,DE,1432@gmail.com,,1432
10-100-2433,editorial1433,US,1433@gmail.com,,1433
10-100-2434,editorial1434,US,1434@gmail.com,,1434
10-100-2435,editorial1435,US,1435@gmail.com,,1435
10-100-2436,editorial1436,IN,1436@gmail.com,,1436
10-100-2437,editorial1437,IS,1437@gmail.com,,1437
10-100-2438,editorial1438,PG,1438@gmail.com,,1438
10-100-2439,editorial1439,BR,1439@gmail.com,,1439
10-100-2440,editorial1440,US,1440@gmail.com,,1440
10-100-2441,editorial1441,PG,1441@gmail.com,,1441
10-100-2442,editorial1442,GB,1442@gmail.com,,1442
10-100-2443,editorial1443,CA,1443@gmail.com,,1443
10-100-2444,editorial1444,US,1444@gmail.com,,1444
10-100-2445,editorial1445,CA,1445@gmail.com,,1445
10-100-2446,editorial1446,JP,1446@gmail.com,,1446
10-100-2447,editorial1447,US,1447@gmail.com,,1447
10-100-2448,editorial1448,NI,1448@gmail.com,,1448
10-100-2449,editorial1449,DZ,1449@gmail.com,,1449
10-100-2450,editorial1450,RU,1450@gmail.com,,1450
10-100-2451,editorial1451,US,1451@gmail.com,,1451
10-100-2452,editorial1452,PG,1452@gmail.com,,1452
10-100-2453,editorial1453,BR,1453@gmail.com,,1453
10-100-2454,editorial1454,US,1454@gmail.com,,1454
10-100-2455,editorial1455,AR,1455@gmail.com,,1455
10-100-2456,editorial1456,SN,1456@gmail.com,,1456
10-100-2457,editorial1457,AU,1457@gmail.com,,1457
10-100-2458,editorial1458,PH,1458@gmail.com,,1458
10-100-2459,editorial1459,BR,1459@gmail.com,,1459
10-100-2460,editorial1460,US,1460@gmail.com,,1460
10-100-2461,editorial1461,CF,1461@gmail.com,,1461
10-100-2462,editorial1462,MM,1462@gmail.com,,1462
10-100-2463,editorial1463,BR,1463@gmail.com,,1463
10-100-2464,editorial1464,US,1464@gmail.com,,1464
10-100-2465,editorial1465,BR,1465@gmail.com,,1465
10-100-2466,editorial1466,US,1466@gmail.com,,1466
10-100-2467,editorial1467,CA,1467@gmail.com,,1467
10-100-2468,editorial1468,NA,1468@gmail.com,,1468
10-100-2469,editorial1469,TZ,1469@gmail.com,,1469
10-100-2470,editorial1470,CA,1470@gmail.com,,1470
10-100-2471,editorial1471,ZA,1471@gmail.com,,1471
10-100-2472,editorial1472,RU,1472@gmail.com,,1472
10-100-2473,editorial1473,BF,1473@gmail.com,,1473
10-100-2474,editorial1474,US,1474@gmail.com,,1474
10-100-2475,editorial1475,US,1475@gmail.com,,1475
10-100-2476,editorial1476,US,1476@gmail.com,,1476
10-100-2477,editorial1477,NZ,1477@gmail.com,,1477
10-100-2478,editorial1478,JP,1478@gmail.com,,1478
10-100-2479,editorial1479,CA,1479@gmail.com,,1479
10-100-2480,editorial1480,SR,1480@gmail.com,,1480
10-100-2481,editorial1481,JP,1481@gmail.com,,1481
10-100-2482,editorial1482,US,1482@gmail.com,,1482
10-100-2483,editorial1483,ID,1483@gmail.com,,1483
10-100-2484,editorial1484,HR,1484@gmail.com,,1484
10-100-2485,editorial1485,US,1485@gmail.com,,1485
10-100-2486,editorial1486,US,1486@gmail.com,,1486
10-100-2487,editorial1487,NG,1487@gmail.com,,1487
10-100-2488,editorial1488,IR,1488@gmail.com,,1488
10-100-2489,editorial1489,KH,1489@gmail.com,,1489
10-100-2490,editorial1490,HN,1490@gmail.com,,1490
10-100-2491,editorial1491,US,1491@gmail.com,,1491
10-100-2492,editorial1492,US,1492@gmail.com,,1492
10-100-2493,editorial1493,DZ,1493@gmail.com,,1493
10-100-2494,editorial1494,BF,1494@gmail.com,,1494
10-100-2495,editorial1495,US,1495@gmail.com,,1495
10-100-2496,editorial1496,US,1496@gmail.com,,1496
10-100-2497,editorial1497,US,1497@gmail.com,,1497
10-100-2498,editorial1498,PY,1498@gmail.com,,1498
10-100-2499,editorial1499,SG,1499@gmail.com,,1499
10-100-2500,editorial1500,ES,1500@gmail.com,,1500
10-100-2501,editorial1501,MX,1501@gmail.com,,1501
10-100-2502,editorial1502,AU,1502@gmail.com,,1502
10-100-2503,editorial1503,AU,1503@gmail.com,,1503
10-100-2504,editorial1504,PR,1504@gmail.com,,1504
10-100-2505,editorial1505,US,1505@gmail.com,,1505
10-100-2506,editorial1506,CA,1506@gmail.com,,1506
10-100-2507,editorial1507,AU,1507@gmail.com,,1507
10-100-2508,editorial1508,SB,1508@gmail.com,,1508
10-100-2509,editorial1509,MM,1509@gmail.com,,1509
10-100-2510,editorial1510,US,1510@gmail.com,,1510
10-100-2511,editorial1511,WS,1511@gmail.com,,1511
10-100-2512,editorial1512,LK,1512@gmail.com,,1512
10-100-2513,editorial1513,HN,1513@gmail.com,,1513
10-100-2514,editorial1514,US,1514@gmail.com,,1514
10-100-2515,editorial1515,US,1515@gmail.com,,1515
10-100-2516,editorial1516,CF,1516@gmail.com,,1516
10-100-2517,editorial1517,RU,1517@gmail.com,,1517
10-100-2518,editorial1518,AU,1518@gmail.com,,1518
10-100-2519,editorial1519,US,1519@gmail.com,,1519
10-100-2520,editorial1520,CA,1520@gmail.com,,1520
10-100-2521,editorial1521,AU,1521@gmail.com,,1521
10-100-2522,editorial1522,DE,1522@gmail.com,,1522
10-100-2523,editorial1523,CL,1523@gmail.com,,1523
10-100-2524,editorial1524,BR,1524@gmail.com,,1524
10-100-2525,editorial1525,PG,1525@gmail.com,,1525
10-100-2526,editorial1526,US,1526@gmail.com,,1526
10-100-2527,editorial1527,DE,1527@gmail.com,,1527
10-100-2528,editorial1528,IN,1528@gmail.com,,1528
10-100-2529,editorial1529,PG,1529@gmail.com,,1529
10-100-2530,editorial1530,US,1530@gmail.com,,1530
10-100-2531,editorial1531,LS,1531@gmail.com,,1531
10-100-2532,editorial1532,JP,1532@gmail.com,,1532
10-100-2533,editorial1533,AU,1533@gmail.com,,1533
10-100-2534,editorial1534,BR,1534@gmail.com,,1534
10-100-2535,editorial1535,US,1535@gmail.com,,1535
10-100-2536,editorial1536,PH,1536@gmail.com,,1536
10-100-2537,editorial1537,CN,1537@gmail.com,,1537
10-100-2538,editorial1538,BR,1538@gmail.com,,1538
10-100-2539,editorial1539,IR,1539@gmail.com,,1539
10-100-2540,editorial1540,RU,1540@gmail.com,,1540
10-100-2541,editorial1541,AR,1541@gmail.com,,1541
10-100-2542,editorial1542,PG,1542@gmail.com,,1542
10-100-2543,editorial1543,CN,1543@gmail.com,,1543
10-100-2544,editorial1544,JP,1544@gmail.com,,1544
10-100-2545,editorial1545,CO,1545@gmail.com,,1545
10-100-2546,editorial1546,NP,1546@gmail.com,,1546
10-100-2547,editorial1547,FJ,1547@gmail.com,,1547
10-100-2548,editorial1548,RU,1548@gmail.com,,1548
10-100-2549,editorial1549,US,1549@gmail.com,,1549
10-100-2550,editorial1550,BR,1550@gmail.com,,1550
10-100-2551,editorial1551,VN,1551@gmail.com,,1551
10-100-2552,editorial1552,UA,1552@gmail.com,,1552
10-100-2553,editorial1553,BR,1553@gmail.com,,1553
10-100-2554,editorial1554,FR,1554@gmail.com,,1554
10-100-2555,editorial1555,BR,1555@gmail.com,,1555
10-100-2556,editorial1556,BS,1556@gmail.com,,1556
10-100-2557,editorial1557,KR,1557@gmail.com,,1557
10-100-2558,editorial1558,IR,1558@gmail.com,,1558
10-100-2559,editorial1559,US,1559@gmail.com,,1559
10-100-2560,editorial1560,CA,1560@gmail.com,,1560
10-100-2561,editorial1561,MW,1561@gmail.com,,1561
10-100-2562,editorial1562,DK,1562@gmail.com,,1562
10-100-2563,editorial1563,CD,1563@gmail.com,,1563
10-100-2564,editorial1564,AU,1564@gmail.com,,1564
10-100-2565,editorial1565,IS,1565@gmail.com,,1565
10-100-2566,editorial1566,BR,1566@gmail.com,,1566
10-100-2567,editorial1567,IL,1567@gmail.com,,1567
10-100-2568,editorial1568,FJ,1568@gmail.com,,1568
10-100-2569,editorial1569,GB,1569@gmail.com,,1569
10-100-2570,editorial1570,CO,1570@gmail.com,,1570
10-100-2571,editorial1571,NP,1571@gmail.com,,1571
10-100-2572,editorial1572,VU,1572@gmail.com,,1572
10-100-2573,editorial1573,US,1573@gmail.com,,1573
10-100-2574,editorial1574,CO,1574@gmail.com,,1574
10-100-2575,editorial1575,ET,1575@gmail.com,,1575
10-100-2576,editorial1576,ZA,1576@gmail.com,,1576
10-100-2577,editorial1577,AU,1577@gmail.com,,1577
10-100-2578,editorial1578,JO,1578@gmail.com,,1578
10-100-2579,editorial1579,CA,1579@gmail.com,,1579
10-100-2580,editorial1580,NG,1580@gmail.com,,1580
10-100-2581,editorial1581,CL,1581@gmail.com,,1581
10-100-2582,editorial1582,MY,1582@gmail.com,,1582
10-100-2583,editorial1583,ID,1583@gmail.com,,1583
10-100-2584,editorial1584,RU,1584@gmail.com,,1584
10-100-2585,editorial1585,PK,1585@gmail.com,,1585
10-100-2586,editorial1586,AU,1586@gmail.com,,1586
10-100-2587,editorial1587,ID,1587@gmail.com,,1587
10-100-2588,editorial1588,CA,1588@gmail.com,,1588
10-100-2589,editorial1589,GR,1589@gmail.com,,1589
10-100-2590,editorial1590,CA,1590@gmail.com,,1590
10-100-2591,editorial1591,TR,1591@gmail.com,,1591
10-100-2592,editorial1592,EC,1592@gmail.com,,1592
10-100-2593,editorial1593,BR,1593@gmail.com,,1593
10-100-2594,editorial1594,AU,1594@gmail.com,,1594
10-100-2595,editorial1595,BY,1595@gmail.com,,1595
10-100-2596,editorial1596,AU,1596@gmail.com,,1596
10-100-2597,editorial1597,US,1597@gmail.com,,1597
10-100-2598,editorial1598,FR,1598@gmail.com,,1598
10-100-2599,editorial1599,PG,1599@gmail.com,,1599
10-100-2600,editorial1600,US,1600@gmail.com,,1600
10-100-2601,editorial1601,US,1601@gmail.com,,1601
10-100-2602,editorial1602,BR,1602@gmail.com,,1602
10-100-2603,editorial1603,MA,1603@gmail.com,,1603
10-100-2604,editorial1604,VE,1604@gmail.com,,1604
10-100-2605,editorial1605,MX,1605@gmail.com,,1605
10-100-2606,editorial1606,CC,1606@gmail.com,,1606
10-100-2607,editorial1607,RU,1607@gmail.com,,1607
10-100-2608,editorial1608,AU,1608@gmail.com,,1608
10-100-2609,editorial1609,CN,1609@gmail.com,,1609
10-100-2610,editorial1610,AR,1610@gmail.com,,1610
10-100-2611,editorial1611,PE,1611@gmail.com,,1611
10-100-2612,editorial1612,US,1612@gmail.com,,1612
10-100-2613,editorial1613,US,1613@gmail.com,,1613
10-100-2614,editorial1614,AU,1614@gmail.com,,1614
10-100-2615,editorial1615,NR,1615@gmail.com,,1615
10-100-2616,editorial1616,MM,1616@gmail.com,,1616
10-100-2617,editorial1617,IN,1617@gmail.com,,1617
10-100-2618,editorial1618,PG,1618@gmail.com,,1618
10-100-2619,editorial1619,AE,1619@gmail.com,,1619
10-100-2620,editorial1620,ID,1620@gmail.com,,1620
10-100-2621,editorial1621,US,1621@gmail.com,,1621
10-100-2622,editorial1622,ID,1622@gmail.com,,1622
10-100-2623,editorial1623,RU,1623@gmail.com,,1623
10-100-2624,editorial1624,JP,1624@gmail.com,,1624
10-100-2625,editorial1625,US,1625@gmail.com,,1625
10-100-2626,editorial1626,ID,1626@gmail.com,,1626
10-100-2627,editorial1627,BR,1627@gmail.com,,1627
10-100-2628,editorial1628,CI,1628@gmail.com,,1628
10-100-2629,editorial1629,AU,1629@gmail.com,,1629
10-100-2630,editorial1630,JP,1630@gmail.com,,1630
10-100-2631,editorial1631,SE,1631@gmail.com,,1631
10-100-2632,editorial1632,MV,1632@gmail.com,,1632
10-100-2633,editorial1633,CA,1633@gmail.com,,1633
10-100-2634,editorial1634,CD,1634@gmail.com,,1634
10-100-2635,editorial1635,ZW,1635@gmail.com,,1635
10-100-2636,editorial1636,IR,1636@gmail.com,,1636
10-100-2637,editorial1637,US,1637@gmail.com,,1637
10-100-2638,editorial1638,RU,1638@gmail.com,,1638
10-100-2639,editorial1639,LR,1639@gmail.com,,1639
10-100-2640,editorial1640,OM,1640@gmail.com,,1640
10-100-2641,editorial1641,PG,1641@gmail.com,,1641
10-100-2642,editorial1642,PH,1642@gmail.com,,1642
10-100-2643,editorial1643,TH,1643@gmail.com,,1643
10-100-2644,editorial1644,MW,1644@gmail.com,,1644
10-100-2645,editorial1645,MG,1645@gmail.com,,1645
10-100-2646,editorial1646,IS,1646@gmail.com,,1646
10-100-2647,editorial1647,YE,1647@gmail.com,,1647
10-100-2648,editorial1648,MX,1648@gmail.com,,1648
10-100-2649,editorial1649,US,1649@gmail.com,,1649
10-100-2650,editorial1650,US,1650@gmail.com,,1650
10-100-2651,editorial1651,US,1651@gmail.com,,1651
10-100-2652,editorial1652,US,1652@gmail.com,,1652
10-100-2653,editorial1653,AU,1653@gmail.com,,1653
10-100-2654,editorial1654,PL,1654@gmail.com,,1654
10-100-2655,editorial1655,US,1655@gmail.com,,1655
10-100-2656,editorial1656,US,1656@gmail.com,,1656
10-100-2657,editorial1657,PG,1657@gmail.com,,1657
10-100-2658,editorial1658,AE,1658@gmail.com,,1658
10-100-2659,editorial1659,CO,1659@gmail.com,,1659
10-100-2660,editorial1660,KI,1660@gmail.com,,1660
10-100-2661,editorial1661,CA,1661@gmail.com,,1661
10-100-2662,editorial1662,AR,1662@gmail.com,,1662
10-100-2663,editorial1663,LY,1663@gmail.com,,1663
10-100-2664,editorial1664,CM,1664@gmail.com,,1664
10-100-2665,editorial1665,HR,1665@gmail.com,,1665
10-100-2666,editorial1666,US,1666@gmail.com,,1666
10-100-2667,editorial1667,MX,1667@gmail.com,,1667
10-100-2668,editorial1668,US,1668@gmail.com,,1668
10-100-2669,editorial1669,BR,1669@gmail.com,,1669
10-100-2670,editorial1670,SY,1670@gmail.com,,1670
10-100-2671,editorial1671,IN,1671@gmail.com,,1671
10-100-2672,editorial1672,CO,1672@gmail.com,,1672
10-100-2673,editorial1673,US,1673@gmail.com,,1673
10-100-2674,editorial1674,LK,1674@gmail.com,,1674
10-100-2675,editorial1675,PF,1675@gmail.com,,1675
10-100-2676,editorial1676,BR,1676@gmail.com,,1676
10-100-2677,editorial1677,IN,1677@gmail.com,,1677
10-100-2678,editorial1678,PE,1678@gmail.com,,1678
10-100-2679,editorial1679,CN,1679@gmail.com,,1679
10-100-2680,editorial1680,EG,1680@gmail.com,,1680
10-100-2681,editorial1681,LB,1681@gmail.com,,1681
10-100-2682,editorial1682,BR,1682@gmail.com,,1682
10-100-2683,editorial1683,BR,1683@gmail.com,,1683
10-100-2684,editorial1684,CG,1684@gmail.com,,1684
10-100-2685,editorial1685,CA,1685@gmail.com,,1685
10-100-2686,editorial1686,ZA,1686@gmail.com,,1686
10-100-2687,editorial1687,IR,1687@gmail.com,,1687
10-100-2688,editorial1688,AU,1688@gmail.com,,1688
10-100-2689,editorial1689,ET,1689@gmail.com,,1689
10-100-2690,editorial1690,US,1690@gmail.com,,1690
10-100-2691,editorial1691,NI,1691@gmail.com,,1691
10-100-2692,editorial1692,PG,1692@gmail.com,,1692
10-100-2693,editorial1693,CA,1693@gmail.com,,1693
10-100-2694,editorial1694,BR,1694@gmail.com,,1694
10-100-2695,editorial1695,RU,1695@gmail.com,,1695
10-100-2696,editorial1696,GL,1696@gmail.com,,1696
10-100-2697,editorial1697,AU,1697@gmail.com,,1697
10-100-2698,editorial1698,NC,1698@gmail.com,,1698
10-100-2699,editorial1699,VE,1699@gmail.com,,1699
10-100-2700,editorial1700,MY,1700@gmail.com,,1700
10-100-2701,editorial1701,FM,1701@gmail.com,,1701
10-100-2702,editorial1702,NA,1702@gmail.com,,1702
10-100-2703,editorial1703,US,1703@gmail.com,,1703
10-100-2704,editorial1704,CA,1704@gmail.com,,1704
10-100-2705,editorial1705,FR,1705@gmail.com,,1705
10-100-2706,editorial1706,KI,1706@gmail.com,,1706
10-100-2707,editorial1707,BR,1707@gmail.com,,1707
10-100-2708,editorial1708,AU,1708@gmail.com,,1708
10-100-2709,editorial1709,SA,1709@gmail.com,,1709
10-100-2710,editorial1710,CN,1710@gmail.com,,1710
10-100-2711,editorial1711,AU,1711@gmail.com,,1711
10-100-2712,editorial1712,DE,1712@gmail.com,,1712
10-100-2713,editorial1713,US,1713@gmail.com,,1713
10-100-2714,editorial1714,BY,1714@gmail.com,,1714
10-100-2715,editorial1715,LK,1715@gmail.com,,1715
10-100-2716,editorial1716,IR,1716@gmail.com,,1716
10-100-2717,editorial1717,US,1717@gmail.com,,1717
10-100-2718,editorial1718,CN,1718@gmail.com,,1718
10-100-2719,editorial1719,MX,1719@gmail.com,,1719
10-100-2720,editorial1720,FR,1720@gmail.com,,1720
10-100-2721,editorial1721,BR,1721@gmail.com,,1721
10-100-2722,editorial1722,AU,1722@gmail.com,,1722
10-100-2723,editorial1723,US,1723@gmail.com,,1723
10-100-2724,editorial1724,US,1724@gmail.com,,1724
10-100-2725,editorial1725,US,1725@gmail.com,,1725
10-100-2726,editorial1726,AU,1726@gmail.com,,1726
10-100-2727,editorial1727,AU,1727@gmail.com,,1727
10-100-2728,editorial1728,MR,1728@gmail.com,,1728
10-100-2729,editorial1729,KG,1729@gmail.com,,1729
10-100-2730,editorial1730,MM,1730@gmail.com,,1730
10-100-2731,editorial1731,US,1731@gmail.com,,1731
10-100-2732,editorial1732,AU,1732@gmail.com,,1732
10-100-2733,editorial1733,US,1733@gmail.com,,1733
10-100-2734,editorial1734,PK,1734@gmail.com,,1734
10-100-2735,editorial1735,TR,1735@gmail.com,,1735
10-100-2736,editorial1736,IN,1736@gmail.com,,1736
10-100-2737,editorial1737,PG,1737@gmail.com,,1737
10-100-2738,editorial1738,IN,1738@gmail.com,,1738
10-100-2739,editorial1739,CA,1739@gmail.com,,1739
10-100-2740,editorial1740,DE,1740@gmail.com,,1740
10-100-2741,editorial1741,AU,1741@gmail.com,,1741
10-100-2742,editorial1742,US,1742@gmail.com,,1742
10-100-2743,editorial1743,US,1743@gmail.com,,1743
10-100-2744,editorial1744,US,1744@gmail.com,,1744
10-100-2745,editorial1745,US,1745@gmail.com,,1745
10-100-2746,editorial1746,US,1746@gmail.com,,1746
10-100-2747,editorial1747,GB,1747@gmail.com,,1747
10-100-2748,editorial1748,CA,1748@gmail.com,,1748
10-100-2749,editorial1749,AU,1749@gmail.com,,1749
10-100-2750,editorial1750,AU,1750@gmail.com,,1750
10-100-2751,editorial1751,SO,1751@gmail.com,,1751
10-100-2752,editorial1752,US,1752@gmail.com,,1752
10-100-2753,editorial1753,AU,1753@gmail.com,,1753
10-100-2754,editorial1754,US,1754@gmail.com,,1754
10-100-2755,editorial1755,NZ,1755@gmail.com,,1755
10-100-2756,editorial1756,FI,1756@gmail.com,,1756
10-100-2757,editorial1757,CH,1757@gmail.com,,1757
10-100-2758,editorial1758,CA,1758@gmail.com,,1758
10-100-2759,editorial1759,CA,1759@gmail.com,,1759
10-100-2760,editorial1760,ID,1760@gmail.com,,1760
10-100-2761,editorial1761,US,1761@gmail.com,,1761
10-100-2762,editorial1762,IR,1762@gmail.com,,1762
10-100-2763,editorial1763,EH,1763@gmail.com,,1763
10-100-2764,editorial1764,ZW,1764@gmail.com,,1764
10-100-2765,editorial1765,US,1765@gmail.com,,1765
10-100-2766,editorial1766,GE,1766@gmail.com,,1766
10-100-2767,editorial1767,AU,1767@gmail.com,,1767
10-100-2768,editorial1768,US,1768@gmail.com,,1768
10-100-2769,editorial1769,CZ,1769@gmail.com,,1769
10-100-2770,editorial1770,NO,1770@gmail.com,,1770
10-100-2771,editorial1771,AU,1771@gmail.com,,1771
10-100-2772,editorial1772,US,1772@gmail.com,,1772
10-100-2773,editorial1773,US,1773@gmail.com,,1773
10-100-2774,editorial1774,US,1774@gmail.com,,1774
10-100-2775,editorial1775,CO,1775@gmail.com,,1775
10-100-2776,editorial1776,TH,1776@gmail.com,,1776
10-100-2777,editorial1777,AU,1777@gmail.com,,1777
10-100-2778,editorial1778,DK,1778@gmail.com,,1778
10-100-2779,editorial1779,CA,1779@gmail.com,,1779
10-100-2780,editorial1780,IR,1780@gmail.com,,1780
10-100-2781,editorial1781,IN,1781@gmail.com,,1781
10-100-2782,editorial1782,PE,1782@gmail.com,,1782
10-100-2783,editorial1783,BF,1783@gmail.com,,1783
10-100-2784,editorial1784,CD,1784@gmail.com,,1784
10-100-2785,editorial1785,ID,1785@gmail.com,,1785
10-100-2786,editorial1786,PG,1786@gmail.com,,1786
10-100-2787,editorial1787,AU,1787@gmail.com,,1787
10-100-2788,editorial1788,PG,1788@gmail.com,,1788
10-100-2789,editorial1789,US,1789@gmail.com,,1789
10-100-2790,editorial1790,AR,1790@gmail.com,,1790
10-100-2791,editorial1791,CO,1791@gmail.com,,1791
10-100-2792,editorial1792,BR,1792@gmail.com,,1792
10-100-2793,editorial1793,AU,1793@gmail.com,,1793
10-100-2794,editorial1794,US,1794@gmail.com,,1794
10-100-2795,editorial1795,AU,1795@gmail.com,,1795
10-100-2796,editorial1796,MX,1796@gmail.com,,1796
10-100-2797,editorial1797,CN,1797@gmail.com,,1797
10-100-2798,editorial1798,KE,1798@gmail.com,,1798
10-100-2799,editorial1799,US,1799@gmail.com,,1799
10-100-2800,editorial1800,US,1800@gmail.com,,1800
10-100-2801,editorial1801,CA,1801@gmail.com,,1801
10-100-2802,editorial1802,MY,1802@gmail.com,,1802
10-100-2803,editorial1803,FR,1803@gmail.com,,1803
10-100-2804,editorial1804,CN,1804@gmail.com,,1804
10-100-2805,editorial1805,NA,1805@gmail.com,,1805
10-100-2806,editorial1806,TH,1806@gmail.com,,1806
10-100-2807,editorial1807,TD,1807@gmail.com,,1807
10-100-2808,editorial1808,BR,1808@gmail.com,,1808
10-100-2809,editorial1809,FJ,1809@gmail.com,,1809
10-100-2810,editorial1810,AF,1810@gmail.com,,1810
10-100-2811,editorial1811,PA,1811@gmail.com,,1811
10-100-2812,editorial1812,NL,1812@gmail.com,,1812
10-100-2813,editorial1813,ST,1813@gmail.com,,1813
10-100-2814,editorial1814,RU,1814@gmail.com,,1814
10-100-2815,editorial1815,RO,1815@gmail.com,,1815
10-100-2816,editorial1816,CI,1816@gmail.com,,1816
10-100-2817,editorial1817,BR,1817@gmail.com,,1817
10-100-2818,editorial1818,SR,1818@gmail.com,,1818
10-100-2819,editorial1819,SC,1819@gmail.com,,1819
10-100-2820,editorial1820,PT,1820@gmail.com,,1820
10-100-2821,editorial1821,US,1821@gmail.com,,1821
10-100-2822,editorial1822,US,1822@gmail.com,,1822
10-100-2823,editorial1823,US,1823@gmail.com,,1823
10-100-2824,editorial1824,ID,1824@gmail.com,,1824
10-100-2825,editorial1825,AU,1825@gmail.com,,1825
10-100-2826,editorial1826,US,1826@gmail.com,,1826
10-100-2827,editorial1827,FR,1827@gmail.com,,1827
10-100-2828,editorial1828,US,1828@gmail.com,,1828
10-100-2829,editorial1829,BR,1829@gmail.com,,1829
10-100-2830,editorial1830,PG,1830@gmail.com,,1830
10-100-2831,editorial1831,US,1831@gmail.com,,1831
10-100-2832,editorial1832,US,1832@gmail.com,,1832
10-100-2833,editorial1833,CI,1833@gmail.com,,1833
10-100-2834,editorial1834,US,1834@gmail.com,,1834
10-100-2835,editorial1835,PG,1835@gmail.com,,1835
10-100-2836,editorial1836,GY,1836@gmail.com,,1836
10-100-2837,editorial1837,GB,1837@gmail.com,,1837
10-100-2838,editorial1838,BR,1838@gmail.com,,1838
10-100-2839,editorial1839,DE,1839@gmail.com,,1839
10-100-2840,editorial1840,UA,1840@gmail.com,,1840
10-100-2841,editorial1841,GB,1841@gmail.com,,1841
10-100-2842,editorial1842,PG,1842@gmail.com,,1842
10-100-2843,editorial1843,RU,1843@gmail.com,,1843
10-100-2844,editorial1844,SE,1844@gmail.com,,1844
10-100-2845,editorial1845,CN,1845@gmail.com,,1845
10-100-2846,editorial1846,RU,1846@gmail.com,,1846
10-100-2847,editorial1847,US,1847@gmail.com,,1847
10-100-2848,editorial1848,KH,1848@gmail.com,,1848
10-100-2849,editorial1849,CA,1849@gmail.com,,1849
10-100-2850,editorial1850,MN,1850@gmail.com,,1850
10-100-2851,editorial1851,ML,1851@gmail.com,,1851
10-100-2852,editorial1852,CI,1852@gmail.com,,1852
10-100-2853,editorial1853,MM,1853@gmail.com,,1853
10-100-2854,editorial1854,CA,1854@gmail.com,,1854
10-100-2855,editorial1855,PK,1855@gmail.com,,1855
10-100-2856,editorial1856,IT,1856@gmail.com,,1856
10-100-2857,editorial1857,ET,1857@gmail.com,,1857
10-100-2858,editorial1858,US,1858@gmail.com,,1858
10-100-2859,editorial1859,GB,1859@gmail.com,,1859
10-100-2860,editorial1860,DK,1860@gmail.com,,1860
10-100-2861,editorial1861,DE,1861@gmail.com,,1861
10-100-2862,editorial1862,US,1862@gmail.com,,1862
10-100-2863,editorial1863,UA,1863@gmail.com,,1863
10-100-2864,editorial1864,US,1864@gmail.com,,1864
10-100-2865,editorial1865,US,1865@gmail.com,,1865
10-100-2866,editorial1866,DE,1866@gmail.com,,1866
10-100-2867,editorial1867,TD,1867@gmail.com,,1867
10-100-2868,editorial1868,AU,1868@gmail.com,,1868
10-100-2869,editorial1869,MZ,1869@gmail.com,,1869
10-100-2870,editorial1870,US,1870@gmail.com,,1870
10-100-2871,editorial1871,US,1871@gmail.com,,1871
10-100-2872,editorial1872,FR,1872@gmail.com,,1872
10-100-2873,editorial1873,MY,1873@gmail.com,,1873
10-100-2874,editorial1874,CN,1874@gmail.com,,1874
10-100-2875,editorial1875,US,1875@gmail.com,,1875
10-100-2876,editorial1876,ZA,1876@gmail.com,,1876
10-100-2877,editorial1877,US,1877@gmail.com,,1877
10-100-2878,editorial1878,CF,1878@gmail.com,,1878
10-100-2879,editorial1879,BR,1879@gmail.com,,1879
10-100-2880,editorial1880,US,1880@gmail.com,,1880
10-100-2881,editorial1881,ZA,1881@gmail.com,,1881
10-100-2882,editorial1882,BR,1882@gmail.com,,1882
10-100-2883,editorial1883,AO,1883@gmail.com,,1883
10-100-2884,editorial1884,US,1884@gmail.com,,1884
10-100-2885,editorial1885,AU,1885@gmail.com,,1885
10-100-2886,editorial1886,IN,1886@gmail.com,,1886
10-100-2887,editorial1887,ZW,1887@gmail.com,,1887
10-100-2888,editorial1888,CN,1888@gmail.com,,1888
10-100-2889,editorial1889,MX,1889@gmail.com,,1889
10-100-2890,editorial1890,ME,1890@gmail.com,,1890
10-100-2891,editorial1891,AO,1891@gmail.com,,1891
10-100-2892,editorial1892,IN,1892@gmail.com,,1892
10-100-2893,editorial1893,MY,1893@gmail.com,,1893
10-100-2894,editorial1894,US,1894@gmail.com,,1894
10-100-2895,editorial1895,ID,1895@gmail.com,,1895
10-100-2896,editorial1896,US,1896@gmail.com,,1896
10-100-2897,editorial1897,US,1897@gmail.com,,1897
10-100-2898,editorial1898,US,1898@gmail.com,,1898
10-100-2899,editorial1899,DE,1899@gmail.com,,1899
10-100-2900,editorial1900,SE,1900@gmail.com,,1900
10-100-2901,editorial1901,US,1901@gmail.com,,1901
10-100-2902,editorial1902,NC,1902@gmail.com,,1902
10-100-2903,editorial1903,BM,1903@gmail.com,,1903
10-100-2904,editorial1904,AU,1904@gmail.com,,1904
10-100-2905,editorial1905,LV,1905@gmail.com,,1905
10-100-2906,editorial1906,AU,1906@gmail.com,,1906
10-100-2907,editorial1907,US,1907@gmail.com,,1907
10-100-2908,editorial1908,US,1908@gmail.com,,1908
10-100-2909,editorial1909,HR,1909@gmail.com,,1909
10-100-2910,editorial1910,NZ,1910@gmail.com,,1910
10-100-2911,editorial1911,US,1911@gmail.com,,1911
10-100-2912,editorial1912,CA,1912@gmail.com,,1912
10-100-2913,editorial1913,US,1913@gmail.com,,1913
10-100-2914,editorial1914,BR,1914@gmail.com,,1914
10-100-2915,editorial1915,ID,1915@gmail.com,,1915
10-100-2916,editorial1916,BR,1916@gmail.com,,1916
10-100-2917,editorial1917,NA,1917@gmail.com,,1917
10-100-2918,editorial1918,US,1918@gmail.com,,1918
10-100-2919,editorial1919,JP,1919@gmail.com,,1919
10-100-2920,editorial1920,AO,1920@gmail.com,,1920
10-100-2921,editorial1921,US,1921@gmail.com,,1921
10-100-2922,editorial1922,US,1922@gmail.com,,1922
10-100-2923,editorial1923,TR,1923@gmail.com,,1923
10-100-2924,editorial1924,RO,1924@gmail.com,,1924
10-100-2925,editorial1925,BW,1925@gmail.com,,1925
10-100-2926,editorial1926,IN,1926@gmail.com,,1926
10-100-2927,editorial1927,HN,1927@gmail.com,,1927
10-100-2928,editorial1928,JP,1928@gmail.com,,1928
10-100-2929,editorial1929,TD,1929@gmail.com,,1929
10-100-2930,editorial1930,PF,1930@gmail.com,,1930
10-100-2931,editorial1931,PR,1931@gmail.com,,1931
10-100-2932,editorial1932,FR,1932@gmail.com,,1932
10-100-2933,editorial1933,US,1933@gmail.com,,1933
10-100-2934,editorial1934,US,1934@gmail.com,,1934
10-100-2935,editorial1935,MH,1935@gmail.com,,1935
10-100-2936,editorial1936,GB,1936@gmail.com,,1936
10-100-2937,editorial1937,AF,1937@gmail.com,,1937
10-100-2938,editorial1938,KR,1938@gmail.com,,1938
10-100-2939,editorial1939,ID,1939@gmail.com,,1939
10-100-2940,editorial1940,TD,1940@gmail.com,,1940
10-100-2941,editorial1941,US,1941@gmail.com,,1941
10-100-2942,editorial1942,IE,1942@gmail.com,,1942
10-100-2943,editorial1943,ID,1943@gmail.com,,1943
10-100-2944,editorial1944,US,1944@gmail.com,,1944
10-100-2945,editorial1945,US,1945@gmail.com,,1945
10-100-2946,editorial1946,DK,1946@gmail.com,,
10-100-2947,editorial1947,ID,1947@gmail.com,,
10-100-2948,editorial1948,IL,1948@gmail.com,,
10-100-2949,editorial1949,CA,1949@gmail.com,,
10-100-2950,editorial1950,US,1950@gmail.com,,
10-100-2951,editorial1951,PE,1951@gmail.com,,
10-100-2952,editorial1952,CL,1952@gmail.com,,
10-100-2953,editorial1953,US,1953@gmail.com,,
10-100-2954,editorial1954,AU,1954@gmail.com,,
10-100-2955,editorial1955,NO,1955@gmail.com,,
10-100-2956,editorial1956,CN,1956@gmail.com,,
10-100-2957,editorial1957,BR,1957@gmail.com,,
10-100-2958,editorial1958,RW,1958@gmail.com,,
10-100-2959,editorial1959,ZA,1959@gmail.com,,
10-100-2960,editorial1960,US,1960@gmail.com,,
10-100-2961,editorial1961,US,1961@gmail.com,,
10-100-2962,editorial1962,ZA,1962@gmail.com,,
10-100-2963,editorial1963,MG,1963@gmail.com,,
10-100-2964,editorial1964,TZ,1964@gmail.com,,
10-100-2965,editorial1965,US,1965@gmail.com,,
10-100-2966,editorial1966,US,1966@gmail.com,,
10-100-2967,editorial1967,PG,1967@gmail.com,,
10-100-2968,editorial1968,US,1968@gmail.com,,
10-100-2969,editorial1969,US,1969@gmail.com,,
10-100-2970,editorial1970,US,1970@gmail.com,,
10-100-2971,editorial1971,MG,1971@gmail.com,,
10-100-2972,editorial1972,PH,1972@gmail.com,,
10-100-2973,editorial1973,MX,1973@gmail.com,,
10-100-2974,editorial1974,IS,1974@gmail.com,,
10-100-2975,editorial1975,US,1975@gmail.com,,
10-100-2976,editorial1976,FI,1976@gmail.com,,
10-100-2977,editorial1977,PF,1977@gmail.com,,
10-100-2978,editorial1978,US,1978@gmail.com,,
10-100-2979,editorial1979,US,1979@gmail.com,,
10-100-2980,editorial1980,AF,1980@gmail.com,,
10-100-2981,editorial1981,CA,1981@gmail.com,,
10-100-2982,editorial1982,US,1982@gmail.com,,
10-100-2983,editorial1983,SA,1983@gmail.com,,
10-100-2984,editorial1984,CO,1984@gmail.com,,
10-100-2985,editorial1985,PG,1985@gmail.com,,
10-100-2986,editorial1986,CK,1986@gmail.com,,
10-100-2987,editorial1987,BD,1987@gmail.com,,
10-100-2988,editorial1988,KZ,1988@gmail.com,,
10-100-2989,editorial1989,JP,1989@gmail.com,,
10-100-2990,editorial1990,AO,1990@gmail.com,,
10-100-2991,editorial1991,CO,1991@gmail.com,,
10-100-2992,editorial1992,US,1992@gmail.com,,
10-100-2993,editorial1993,BR,1993@gmail.com,,
10-100-2994,editorial1994,JP,1994@gmail.com,,
10-100-2995,editorial1995,KZ,1995@gmail.com,,
10-100-2996,editorial1996,AD,1996@gmail.com,,
10-100-2997,editorial1997,NG,1997@gmail.com,,
10-100-2998,editorial1998,NP,1998@gmail.com,,
10-100-2999,editorial1999,BR,1999@gmail.com,,
10-100-3000,editorial2000,CA,2000@gmail.com,,
