codigo,correo,party
p-00000005,par1@yahoo.com,par1
p-00000006,par2@yahoo.com,par2
p-00000007,par3@yahoo.com,par3
p-00000008,par4@yahoo.com,par4
p-00000009,par5@yahoo.com,par5
p-00000010,par6@yahoo.com,par6
p-00000011,par7@yahoo.com,par7
p-00000012,par8@yahoo.com,par8
p-00000013,par9@yahoo.com,par9
p-00000014,par10@yahoo.com,par10
p-00000015,par11@yahoo.com,par11
p-00000016,par12@yahoo.com,par12
p-00000017,par13@yahoo.com,par13
p-00000018,par14@yahoo.com,par14
p-00000019,par15@yahoo.com,par15
p-00000020,par16@yahoo.com,par16
p-00000021,par17@yahoo.com,par17
p-00000022,par18@yahoo.com,par18
p-00000023,par19@yahoo.com,par19
p-00000024,par20@yahoo.com,par20
p-00000025,par21@yahoo.com,par21
p-00000026,par22@yahoo.com,par22
p-00000027,par23@yahoo.com,par23
p-00000028,par24@yahoo.com,par24
p-00000029,par25@yahoo.com,par25
p-00000030,par26@yahoo.com,par26
p-00000031,par27@yahoo.com,par27
p-00000032,par28@yahoo.com,par28
p-00000033,par29@yahoo.com,par29
p-00000034,par30@yahoo.com,par30
p-00000035,par31@yahoo.com,par31
p-00000036,par32@yahoo.com,par32
p-00000037,par33@yahoo.com,par33
p-00000038,par34@yahoo.com,par34
p-00000039,par35@yahoo.com,par35
p-00000040,par36@yahoo.com,par36
p-00000041,par37@yahoo.com,par37
p-00000042,par38@yahoo.com,par38
p-00000043,par39@yahoo.com,par39
p-00000044,par40@yahoo.com,par40
p-00000045,par41@yahoo.com,par41
p-00000046,par42@yahoo.com,par42
p-00000047,par43@yahoo.com,par43
p-00000048,par44@yahoo.com,par44
p-00000049,par45@yahoo.com,par45
p-00000050,par46@yahoo.com,par46
p-00000051,par47@yahoo.com,par47
p-00000052,par48@yahoo.com,par48
p-00000053,par49@yahoo.com,par49
p-00000054,par50@yahoo.com,par50
p-00000055,par51@yahoo.com,par51
p-00000056,par52@yahoo.com,par52
p-00000057,par53@yahoo.com,par53
p-00000058,par54@yahoo.com,par54
p-00000059,par55@yahoo.com,par55
p-00000060,par56@yahoo.com,par56
p-00000061,par57@yahoo.com,par57
p-00000062,par58@yahoo.com,par58
p-00000063,par59@yahoo.com,par59
p-00000064,par60@yahoo.com,par60
p-00000065,par61@yahoo.com,par61
p-00000066,par62@yahoo.com,par62
p-00000067,par63@yahoo.com,par63
p-00000068,par64@yahoo.com,par64
p-00000069,par65@yahoo.com,par65
p-00000070,par66@yahoo.com,par66
p-00000071,par67@yahoo.com,par67
p-00000072,par68@yahoo.com,par68
p-00000073,par69@yahoo.com,par69
p-00000074,par70@yahoo.com,par70
p-00000075,par71@yahoo.com,par71
p-00000076,par72@yahoo.com,par72
p-00000077,par73@yahoo.com,par73
p-00000078,par74@yahoo.com,par74
p-00000079,par75@yahoo.com,par75
p-00000080,par76@yahoo.com,par76
p-00000081,par77@yahoo.com,par77
p-00000082,par78@yahoo.com,par78
p-00000083,par79@yahoo.com,par79
p-00000084,par80@yahoo.com,par80
p-00000085,par81@yahoo.com,par81
p-00000086,par82@yahoo.com,par82
p-00000087,par83@yahoo.com,par83
p-00000088,par84@yahoo.com,par84
p-00000089,par85@yahoo.com,par85
p-00000090,par86@yahoo.com,par86
p-00000091,par87@yahoo.com,par87
p-00000092,par88@yahoo.com,par88
p-00000093,par89@yahoo.com,par89
p-00000094,par90@yahoo.com,par90
p-00000095,par91@yahoo.com,par91
p-00000096,par92@yahoo.com,par92
p-00000097,par93@yahoo.com,par93
p-00000098,par94@yahoo.com,par94
p-00000099,par95@yahoo.com,par95
p-00000100,par96@yahoo.com,par96
p-00000101,par97@yahoo.com,par97
p-00000102,par98@yahoo.com,par98
p-00000103,par99@yahoo.com,par99
p-00000104,par100@yahoo.com,par100
p-00000105,par101@yahoo.com,par101
p-00000106,par102@yahoo.com,par102
p-00000107,par103@yahoo.com,par103
p-00000108,par104@yahoo.com,par104
p-00000109,par105@yahoo.com,par105
p-00000110,par106@yahoo.com,par106
p-00000111,par107@yahoo.com,par107
p-00000112,par108@yahoo.com,par108
p-00000113,par109@yahoo.com,par109
p-00000114,par110@yahoo.com,par110
p-00000115,par111@yahoo.com,par111
p-00000116,par112@yahoo.com,par112
p-00000117,par113@yahoo.com,par113
p-00000118,par114@yahoo.com,par114
p-00000119,par115@yahoo.com,par115
p-00000120,par116@yahoo.com,par116
p-00000121,par117@yahoo.com,par117
p-00000122,par118@yahoo.com,par118
p-00000123,par119@yahoo.com,par119
p-00000124,par120@yahoo.com,par120
p-00000125,par121@yahoo.com,par121
p-00000126,par122@yahoo.com,par122
p-00000127,par123@yahoo.com,par123
p-00000128,par124@yahoo.com,par124
p-00000129,par125@yahoo.com,par125
p-00000130,par126@yahoo.com,par126
p-00000131,par127@yahoo.com,par127
p-00000132,par128@yahoo.com,par128
p-00000133,par129@yahoo.com,par129
p-00000134,par130@yahoo.com,par130
p-00000135,par131@yahoo.com,par131
p-00000136,par132@yahoo.com,par132
p-00000137,par133@yahoo.com,par133
p-00000138,par134@yahoo.com,par134
p-00000139,par135@yahoo.com,par135
p-00000140,par136@yahoo.com,par136
p-00000141,par137@yahoo.com,par137
p-00000142,par138@yahoo.com,par138
p-00000143,par139@yahoo.com,par139
p-00000144,par140@yahoo.com,par140
p-00000145,par141@yahoo.com,par141
p-00000146,par142@yahoo.com,par142
p-00000147,par143@yahoo.com,par143
p-00000148,par144@yahoo.com,par144
p-00000149,par145@yahoo.com,par145
p-00000150,par146@yahoo.com,par146
p-00000151,par147@yahoo.com,par147
p-00000152,par148@yahoo.com,par148
p-00000153,par149@yahoo.com,par149
p-00000154,par150@yahoo.com,par150
p-00000155,par151@yahoo.com,par151
p-00000156,par152@yahoo.com,par152
p-00000157,par153@yahoo.com,par153
p-00000158,par154@yahoo.com,par154
p-00000159,par155@yahoo.com,par155
p-00000160,par156@yahoo.com,par156
p-00000161,par157@yahoo.com,par157
p-00000162,par158@yahoo.com,par158
p-00000163,par159@yahoo.com,par159
p-00000164,par160@yahoo.com,par160
p-00000165,par161@yahoo.com,par161
p-00000166,par162@yahoo.com,par162
p-00000167,par163@yahoo.com,par163
p-00000168,par164@yahoo.com,par164
p-00000169,par165@yahoo.com,par165
p-00000170,par166@yahoo.com,par166
p-00000171,par167@yahoo.com,par167
p-00000172,par168@yahoo.com,par168
p-00000173,par169@yahoo.com,par169
p-00000174,par170@yahoo.com,par170
p-00000175,par171@yahoo.com,par171
p-00000176,par172@yahoo.com,par172
p-00000177,par173@yahoo.com,par173
p-00000178,par174@yahoo.com,par174
p-00000179,par175@yahoo.com,par175
p-00000180,par176@yahoo.com,par176
p-00000181,par177@yahoo.com,par177
p-00000182,par178@yahoo.com,par178
p-00000183,par179@yahoo.com,par179
p-00000184,par180@yahoo.com,par180
p-00000185,par181@yahoo.com,par181
p-00000186,par182@yahoo.com,par182
p-00000187,par183@yahoo.com,par183
p-00000188,par184@yahoo.com,par184
p-00000189,par185@yahoo.com,par185
p-00000190,par186@yahoo.com,par186
p-00000191,par187@yahoo.com,par187
p-00000192,par188@yahoo.com,par188
p-00000193,par189@yahoo.com,par189
p-00000194,par190@yahoo.com,par190
p-00000195,par191@yahoo.com,par191
p-00000196,par192@yahoo.com,par192
p-00000197,par193@yahoo.com,par193
p-00000198,par194@yahoo.com,par194
p-00000199,par195@yahoo.com,par195
p-00000200,par196@yahoo.com,par196
p-00000201,par197@yahoo.com,par197
p-00000202,par198@yahoo.com,par198
p-00000203,par199@yahoo.com,par199
p-00000204,par200@yahoo.com,par200
p-00000205,par201@yahoo.com,par201
p-00000206,par202@yahoo.com,par202
p-00000207,par203@yahoo.com,par203
p-00000208,par204@yahoo.com,par204
p-00000209,par205@yahoo.com,par205
p-00000210,par206@yahoo.com,par206
p-00000211,par207@yahoo.com,par207
p-00000212,par208@yahoo.com,par208
p-00000213,par209@yahoo.com,par209
p-00000214,par210@yahoo.com,par210
p-00000215,par211@yahoo.com,par211
p-00000216,par212@yahoo.com,par212
p-00000217,par213@yahoo.com,par213
p-00000218,par214@yahoo.com,par214
p-00000219,par215@yahoo.com,par215
p-00000220,par216@yahoo.com,par216
p-00000221,par217@yahoo.com,par217
p-00000222,par218@yahoo.com,par218
p-00000223,par219@yahoo.com,par219
p-00000224,par220@yahoo.com,par220
p-00000225,par221@yahoo.com,par221
p-00000226,par222@yahoo.com,par222
p-00000227,par223@yahoo.com,par223
p-00000228,par224@yahoo.com,par224
p-00000229,par225@yahoo.com,par225
p-00000230,par226@yahoo.com,par226
p-00000231,par227@yahoo.com,par227
p-00000232,par228@yahoo.com,par228
p-00000233,par229@yahoo.com,par229
p-00000234,par230@yahoo.com,par230
p-00000235,par231@yahoo.com,par231
p-00000236,par232@yahoo.com,par232
p-00000237,par233@yahoo.com,par233
p-00000238,par234@yahoo.com,par234
p-00000239,par235@yahoo.com,par235
p-00000240,par236@yahoo.com,par236
p-00000241,par237@yahoo.com,par237
p-00000242,par238@yahoo.com,par238
p-00000243,par239@yahoo.com,par239
p-00000244,par240@yahoo.com,par240
p-00000245,par241@yahoo.com,par241
p-00000246,par242@yahoo.com,par242
p-00000247,par243@yahoo.com,par243
p-00000248,par244@yahoo.com,par244
p-00000249,par245@yahoo.com,par245
p-00000250,par246@yahoo.com,par246
p-00000251,par247@yahoo.com,par247
p-00000252,par248@yahoo.com,par248
p-00000253,par249@yahoo.com,par249
p-00000254,par250@yahoo.com,par250
p-00000255,par251@yahoo.com,par251
p-00000256,par252@yahoo.com,par252
p-00000257,par253@yahoo.com,par253
p-00000258,par254@yahoo.com,par254
p-00000259,par255@yahoo.com,par255
p-00000260,par256@yahoo.com,par256
p-00000261,par257@yahoo.com,par257
p-00000262,par258@yahoo.com,par258
p-00000263,par259@yahoo.com,par259
p-00000264,par260@yahoo.com,par260
p-00000265,par261@yahoo.com,par261
p-00000266,par262@yahoo.com,par262
p-00000267,par263@yahoo.com,par263
p-00000268,par264@yahoo.com,par264
p-00000269,par265@yahoo.com,par265
p-00000270,par266@yahoo.com,par266
p-00000271,par267@yahoo.com,par267
p-00000272,par268@yahoo.com,par268
p-00000273,par269@yahoo.com,par269
p-00000274,par270@yahoo.com,par270
p-00000275,par271@yahoo.com,par271
p-00000276,par272@yahoo.com,par272
p-00000277,par273@yahoo.com,par273
p-00000278,par274@yahoo.com,par274
p-00000279,par275@yahoo.com,par275
p-00000280,par276@yahoo.com,par276
p-00000281,par277@yahoo.com,par277
p-00000282,par278@yahoo.com,par278
p-00000283,par279@yahoo.com,par279
p-00000284,par280@yahoo.com,par280
p-00000285,par281@yahoo.com,par281
p-00000286,par282@yahoo.com,par282
p-00000287,par283@yahoo.com,par283
p-00000288,par284@yahoo.com,par284
p-00000289,par285@yahoo.com,par285
p-00000290,par286@yahoo.com,par286
p-00000291,par287@yahoo.com,par287
p-00000292,par288@yahoo.com,par288
p-00000293,par289@yahoo.com,par289
p-00000294,par290@yahoo.com,par290
p-00000295,par291@yahoo.com,par291
p-00000296,par292@yahoo.com,par292
p-00000297,par293@yahoo.com,par293
p-00000298,par294@yahoo.com,par294
p-00000299,par295@yahoo.com,par295
p-00000300,par296@yahoo.com,par296
p-00000301,par297@yahoo.com,par297
p-00000302,par298@yahoo.com,par298
p-00000303,par299@yahoo.com,par299
p-00000304,par300@yahoo.com,par300
p-00000305,par301@yahoo.com,par301
p-00000306,par302@yahoo.com,par302
p-00000307,par303@yahoo.com,par303
p-00000308,par304@yahoo.com,par304
p-00000309,par305@yahoo.com,par305
p-00000310,par306@yahoo.com,par306
p-00000311,par307@yahoo.com,par307
p-00000312,par308@yahoo.com,par308
p-00000313,par309@yahoo.com,par309
p-00000314,par310@yahoo.com,par310
p-00000315,par311@yahoo.com,par311
p-00000316,par312@yahoo.com,par312
p-00000317,par313@yahoo.com,par313
p-00000318,par314@yahoo.com,par314
p-00000319,par315@yahoo.com,par315
p-00000320,par316@yahoo.com,par316
p-00000321,par317@yahoo.com,par317
p-00000322,par318@yahoo.com,par318
p-00000323,par319@yahoo.com,par319
p-00000324,par320@yahoo.com,par320
p-00000325,par321@yahoo.com,par321
p-00000326,par322@yahoo.com,par322
p-00000327,par323@yahoo.com,par323
p-00000328,par324@yahoo.com,par324
p-00000329,par325@yahoo.com,par325
p-00000330,par326@yahoo.com,par326
p-00000331,par327@yahoo.com,par327
p-00000332,par328@yahoo.com,par328
p-00000333,par329@yahoo.com,par329
p-00000334,par330@yahoo.com,par330
p-00000335,par331@yahoo.com,par331
p-00000336,par332@yahoo.com,par332
p-00000337,par333@yahoo.com,par333
p-00000338,par334@yahoo.com,par334
p-00000339,par335@yahoo.com,par335
p-00000340,par336@yahoo.com,par336
p-00000341,par337@yahoo.com,par337
p-00000342,par338@yahoo.com,par338
p-00000343,par339@yahoo.com,par339
p-00000344,par340@yahoo.com,par340
p-00000345,par341@yahoo.com,par341
p-00000346,par342@yahoo.com,par342
p-00000347,par343@yahoo.com,par343
p-00000348,par344@yahoo.com,par344
p-00000349,par345@yahoo.com,par345
p-00000350,par346@yahoo.com,par346
p-00000351,par347@yahoo.com,par347
p-00000352,par348@yahoo.com,par348
p-00000353,par349@yahoo.com,par349
p-00000354,par350@yahoo.com,par350
p-00000355,par351@yahoo.com,par351
p-00000356,par352@yahoo.com,par352
p-00000357,par353@yahoo.com,par353
p-00000358,par354@yahoo.com,par354
p-00000359,par355@yahoo.com,par355
p-00000360,par356@yahoo.com,par356
p-00000361,par357@yahoo.com,par357
p-00000362,par358@yahoo.com,par358
p-00000363,par359@yahoo.com,par359
p-00000364,par360@yahoo.com,par360
p-00000365,par361@yahoo.com,par361
p-00000366,par362@yahoo.com,par362
p-00000367,par363@yahoo.com,par363
p-00000368,par364@yahoo.com,par364
p-00000369,par365@yahoo.com,par365
p-00000370,par366@yahoo.com,par366
p-00000371,par367@yahoo.com,par367
p-00000372,par368@yahoo.com,par368
p-00000373,par369@yahoo.com,par369
p-00000374,par370@yahoo.com,par370
p-00000375,par371@yahoo.com,par371
p-00000376,par372@yahoo.com,par372
p-00000377,par373@yahoo.com,par373
p-00000378,par374@yahoo.com,par374
p-00000379,par375@yahoo.com,par375
p-00000380,par376@yahoo.com,par376
p-00000381,par377@yahoo.com,par377
p-00000382,par378@yahoo.com,par378
p-00000383,par379@yahoo.com,par379
p-00000384,par380@yahoo.com,par380
p-00000385,par381@yahoo.com,par381
p-00000386,par382@yahoo.com,par382
p-00000387,par383@yahoo.com,par383
p-00000388,par384@yahoo.com,par384
p-00000389,par385@yahoo.com,par385
p-00000390,par386@yahoo.com,par386
p-00000391,par387@yahoo.com,par387
p-00000392,par388@yahoo.com,par388
p-00000393,par389@yahoo.com,par389
p-00000394,par390@yahoo.com,par390
p-00000395,par391@yahoo.com,par391
p-00000396,par392@yahoo.com,par392
p-00000397,par393@yahoo.com,par393
p-00000398,par394@yahoo.com,par394
p-00000399,par395@yahoo.com,par395
p-00000400,par396@yahoo.com,par396
p-00000401,par397@yahoo.com,par397
p-00000402,par398@yahoo.com,par398
p-00000403,par399@yahoo.com,par399
p-00000404,par400@yahoo.com,par400
p-00000405,par401@yahoo.com,par401
p-00000406,par402@yahoo.com,par402
p-00000407,par403@yahoo.com,par403
p-00000408,par404@yahoo.com,par404
p-00000409,par405@yahoo.com,par405
p-00000410,par406@yahoo.com,par406
p-00000411,par407@yahoo.com,par407
p-00000412,par408@yahoo.com,par408
p-00000413,par409@yahoo.com,par409
p-00000414,par410@yahoo.com,par410
p-00000415,par411@yahoo.com,par411
p-00000416,par412@yahoo.com,par412
p-00000417,par413@yahoo.com,par413
p-00000418,par414@yahoo.com,par414
p-00000419,par415@yahoo.com,par415
p-00000420,par416@yahoo.com,par416
p-00000421,par417@yahoo.com,par417
p-00000422,par418@yahoo.com,par418
p-00000423,par419@yahoo.com,par419
p-00000424,par420@yahoo.com,par420
p-00000425,par421@yahoo.com,par421
p-00000426,par422@yahoo.com,par422
p-00000427,par423@yahoo.com,par423
p-00000428,par424@yahoo.com,par424
p-00000429,par425@yahoo.com,par425
p-00000430,par426@yahoo.com,par426
p-00000431,par427@yahoo.com,par427
p-00000432,par428@yahoo.com,par428
p-00000433,par429@yahoo.com,par429
p-00000434,par430@yahoo.com,par430
p-00000435,par431@yahoo.com,par431
p-00000436,par432@yahoo.com,par432
p-00000437,par433@yahoo.com,par433
p-00000438,par434@yahoo.com,par434
p-00000439,par435@yahoo.com,par435
p-00000440,par436@yahoo.com,par436
p-00000441,par437@yahoo.com,par437
p-00000442,par438@yahoo.com,par438
p-00000443,par439@yahoo.com,par439
p-00000444,par440@yahoo.com,par440
p-00000445,par441@yahoo.com,par441
p-00000446,par442@yahoo.com,par442
p-00000447,par443@yahoo.com,par443
p-00000448,par444@yahoo.com,par444
p-00000449,par445@yahoo.com,par445
p-00000450,par446@yahoo.com,par446
p-00000451,par447@yahoo.com,par447
p-00000452,par448@yahoo.com,par448
p-00000453,par449@yahoo.com,par449
p-00000454,par450@yahoo.com,par450
p-00000455,par451@yahoo.com,par451
p-00000456,par452@yahoo.com,par452
p-00000457,par453@yahoo.com,par453
p-00000458,par454@yahoo.com,par454
p-00000459,par455@yahoo.com,par455
p-00000460,par456@yahoo.com,par456
p-00000461,par457@yahoo.com,par457
p-00000462,par458@yahoo.com,par458
p-00000463,par459@yahoo.com,par459
p-00000464,par460@yahoo.com,par460
p-00000465,par461@yahoo.com,par461
p-00000466,par462@yahoo.com,par462
p-00000467,par463@yahoo.com,par463
p-00000468,par464@yahoo.com,par464
p-00000469,par465@yahoo.com,par465
p-00000470,par466@yahoo.com,par466
p-00000471,par467@yahoo.com,par467
p-00000472,par468@yahoo.com,par468
p-00000473,par469@yahoo.com,par469
p-00000474,par470@yahoo.com,par470
p-00000475,par471@yahoo.com,par471
p-00000476,par472@yahoo.com,par472
p-00000477,par473@yahoo.com,par473
p-00000478,par474@yahoo.com,par474
p-00000479,par475@yahoo.com,par475
p-00000480,par476@yahoo.com,par476
p-00000481,par477@yahoo.com,par477
p-00000482,par478@yahoo.com,par478
p-00000483,par479@yahoo.com,par479
p-00000484,par480@yahoo.com,par480
p-00000485,par481@yahoo.com,par481
p-00000486,par482@yahoo.com,par482
p-00000487,par483@yahoo.com,par483
p-00000488,par484@yahoo.com,par484
p-00000489,par485@yahoo.com,par485
p-00000490,par486@yahoo.com,par486
p-00000491,par487@yahoo.com,par487
p-00000492,par488@yahoo.com,par488
p-00000493,par489@yahoo.com,par489
p-00000494,par490@yahoo.com,par490
p-00000495,par491@yahoo.com,par491
p-00000496,par492@yahoo.com,par492
p-00000497,par493@yahoo.com,par493
p-00000498,par494@yahoo.com,par494
p-00000499,par495@yahoo.com,par495
p-00000500,par496@yahoo.com,par496
p-00000501,par497@yahoo.com,par497
p-00000502,par498@yahoo.com,par498
p-00000503,par499@yahoo.com,par499
p-00000504,par500@yahoo.com,par500
p-00000505,par501@yahoo.com,par501
p-00000506,par502@yahoo.com,par502
p-00000507,par503@yahoo.com,par503
p-00000508,par504@yahoo.com,par504
p-00000509,par505@yahoo.com,par505
p-00000510,par506@yahoo.com,par506
p-00000511,par507@yahoo.com,par507
p-00000512,par508@yahoo.com,par508
p-00000513,par509@yahoo.com,par509
p-00000514,par510@yahoo.com,par510
p-00000515,par511@yahoo.com,par511
p-00000516,par512@yahoo.com,par512
p-00000517,par513@yahoo.com,par513
p-00000518,par514@yahoo.com,par514
p-00000519,par515@yahoo.com,par515
p-00000520,par516@yahoo.com,par516
p-00000521,par517@yahoo.com,par517
p-00000522,par518@yahoo.com,par518
p-00000523,par519@yahoo.com,par519
p-00000524,par520@yahoo.com,par520
p-00000525,par521@yahoo.com,par521
p-00000526,par522@yahoo.com,par522
p-00000527,par523@yahoo.com,par523
p-00000528,par524@yahoo.com,par524
p-00000529,par525@yahoo.com,par525
p-00000530,par526@yahoo.com,par526
p-00000531,par527@yahoo.com,par527
p-00000532,par528@yahoo.com,par528
p-00000533,par529@yahoo.com,par529
p-00000534,par530@yahoo.com,par530
p-00000535,par531@yahoo.com,par531
p-00000536,par532@yahoo.com,par532
p-00000537,par533@yahoo.com,par533
p-00000538,par534@yahoo.com,par534
p-00000539,par535@yahoo.com,par535
p-00000540,par536@yahoo.com,par536
p-00000541,par537@yahoo.com,par537
p-00000542,par538@yahoo.com,par538
p-00000543,par539@yahoo.com,par539
p-00000544,par540@yahoo.com,par540
p-00000545,par541@yahoo.com,par541
p-00000546,par542@yahoo.com,par542
p-00000547,par543@yahoo.com,par543
p-00000548,par544@yahoo.com,par544
p-00000549,par545@yahoo.com,par545
p-00000550,par546@yahoo.com,par546
p-00000551,par547@yahoo.com,par547
p-00000552,par548@yahoo.com,par548
p-00000553,par549@yahoo.com,par549
p-00000554,par550@yahoo.com,par550
p-00000555,par551@yahoo.com,par551
p-00000556,par552@yahoo.com,par552
p-00000557,par553@yahoo.com,par553
p-00000558,par554@yahoo.com,par554
p-00000559,par555@yahoo.com,par555
p-00000560,par556@yahoo.com,par556
p-00000561,par557@yahoo.com,par557
p-00000562,par558@yahoo.com,par558
p-00000563,par559@yahoo.com,par559
p-00000564,par560@yahoo.com,par560
p-00000565,par561@yahoo.com,par561
p-00000566,par562@yahoo.com,par562
p-00000567,par563@yahoo.com,par563
p-00000568,par564@yahoo.com,par564
p-00000569,par565@yahoo.com,par565
p-00000570,par566@yahoo.com,par566
p-00000571,par567@yahoo.com,par567
p-00000572,par568@yahoo.com,par568
p-00000573,par569@yahoo.com,par569
p-00000574,par570@yahoo.com,par570
p-00000575,par571@yahoo.com,par571
p-00000576,par572@yahoo.com,par572
p-00000577,par573@yahoo.com,par573
p-00000578,par574@yahoo.com,par574
p-00000579,par575@yahoo.com,par575
p-00000580,par576@yahoo.com,par576
p-00000581,par577@yahoo.com,par577
p-00000582,par578@yahoo.com,par578
p-00000583,par579@yahoo.com,par579
p-00000584,par580@yahoo.com,par580
p-00000585,par581@yahoo.com,par581
p-00000586,par582@yahoo.com,par582
p-00000587,par583@yahoo.com,par583
p-00000588,par584@yahoo.com,par584
p-00000589,par585@yahoo.com,par585
p-00000590,par586@yahoo.com,par586
p-00000591,par587@yahoo.com,par587
p-00000592,par588@yahoo.com,par588
p-00000593,par589@yahoo.com,par589
p-00000594,par590@yahoo.com,par590
p-00000595,par591@yahoo.com,par591
p-00000596,par592@yahoo.com,par592
p-00000597,par593@yahoo.com,par593
p-00000598,par594@yahoo.com,par594
p-00000599,par595@yahoo.com,par595
p-00000600,par596@yahoo.com,par596
p-00000601,par597@yahoo.com,par597
p-00000602,par598@yahoo.com,par598
p-00000603,par599@yahoo.com,par599
p-00000604,par600@yahoo.com,par600
p-00000605,par601@yahoo.com,par601
p-00000606,par602@yahoo.com,par602
p-00000607,par603@yahoo.com,par603
p-00000608,par604@yahoo.com,par604
p-00000609,par605@yahoo.com,par605
p-00000610,par606@yahoo.com,par606
p-00000611,par607@yahoo.com,par607
p-00000612,par608@yahoo.com,par608
p-00000613,par609@yahoo.com,par609
p-00000614,par610@yahoo.com,par610
p-00000615,par611@yahoo.com,par611
p-00000616,par612@yahoo.com,par612
p-00000617,par613@yahoo.com,par613
p-00000618,par614@yahoo.com,par614
p-00000619,par615@yahoo.com,par615
p-00000620,par616@yahoo.com,par616
p-00000621,par617@yahoo.com,par617
p-00000622,par618@yahoo.com,par618
p-00000623,par619@yahoo.com,par619
p-00000624,par620@yahoo.com,par620
p-00000625,par621@yahoo.com,par621
p-00000626,par622@yahoo.com,par622
p-00000627,par623@yahoo.com,par623
p-00000628,par624@yahoo.com,par624
p-00000629,par625@yahoo.com,par625
p-00000630,par626@yahoo.com,par626
p-00000631,par627@yahoo.com,par627
p-00000632,par628@yahoo.com,par628
p-00000633,par629@yahoo.com,par629
p-00000634,par630@yahoo.com,par630
p-00000635,par631@yahoo.com,par631
p-00000636,par632@yahoo.com,par632
p-00000637,par633@yahoo.com,par633
p-00000638,par634@yahoo.com,par634
p-00000639,par635@yahoo.com,par635
p-00000640,par636@yahoo.com,par636
p-00000641,par637@yahoo.com,par637
p-00000642,par638@yahoo.com,par638
p-00000643,par639@yahoo.com,par639
p-00000644,par640@yahoo.com,par640
p-00000645,par641@yahoo.com,par641
p-00000646,par642@yahoo.com,par642
p-00000647,par643@yahoo.com,par643
p-00000648,par644@yahoo.com,par644
p-00000649,par645@yahoo.com,par645
p-00000650,par646@yahoo.com,par646
p-00000651,par647@yahoo.com,par647
p-00000652,par648@yahoo.com,par648
p-00000653,par649@yahoo.com,par649
p-00000654,par650@yahoo.com,par650
p-00000655,par651@yahoo.com,par651
p-00000656,par652@yahoo.com,par652
p-00000657,par653@yahoo.com,par653
p-00000658,par654@yahoo.com,par654
p-00000659,par655@yahoo.com,par655
p-00000660,par656@yahoo.com,par656
p-00000661,par657@yahoo.com,par657
p-00000662,par658@yahoo.com,par658
p-00000663,par659@yahoo.com,par659
p-00000664,par660@yahoo.com,par660
p-00000665,par661@yahoo.com,par661
p-00000666,par662@yahoo.com,par662
p-00000667,par663@yahoo.com,par663
p-00000668,par664@yahoo.com,par664
p-00000669,par665@yahoo.com,par665
p-00000670,par666@yahoo.com,par666
p-00000671,par667@yahoo.com,par667
p-00000672,par668@yahoo.com,par668
p-00000673,par669@yahoo.com,par669
p-00000674,par670@yahoo.com,par670
p-00000675,par671@yahoo.com,par671
p-00000676,par672@yahoo.com,par672
p-00000677,par673@yahoo.com,par673
p-00000678,par674@yahoo.com,par674
p-00000679,par675@yahoo.com,par675
p-00000680,par676@yahoo.com,par676
p-00000681,par677@yahoo.com,par677
p-00000682,par678@yahoo.com,par678
p-00000683,par679@yahoo.com,par679
p-00000684,par680@yahoo.com,par680
p-00000685,par681@yahoo.com,par681
p-00000686,par682@yahoo.com,par682
p-00000687,par683@yahoo.com,par683
p-00000688,par684@yahoo.com,par684
p-00000689,par685@yahoo.com,par685
p-00000690,par686@yahoo.com,par686
p-00000691,par687@yahoo.com,par687
p-00000692,par688@yahoo.com,par688
p-00000693,par689@yahoo.com,par689
p-00000694,par690@yahoo.com,par690
p-00000695,par691@yahoo.com,par691
p-00000696,par692@yahoo.com,par692
p-00000697,par693@yahoo.com,par693
p-00000698,par694@yahoo.com,par694
p-00000699,par695@yahoo.com,par695
p-00000700,par696@yahoo.com,par696
p-00000701,par697@yahoo.com,par697
p-00000702,par698@yahoo.com,par698
p-00000703,par699@yahoo.com,par699
p-00000704,par700@yahoo.com,par700
p-00000705,par701@yahoo.com,par701
p-00000706,par702@yahoo.com,par702
p-00000707,par703@yahoo.com,par703
p-00000708,par704@yahoo.com,par704
p-00000709,par705@yahoo.com,par705
p-00000710,par706@yahoo.com,par706
p-00000711,par707@yahoo.com,par707
p-00000712,par708@yahoo.com,par708
p-00000713,par709@yahoo.com,par709
p-00000714,par710@yahoo.com,par710
p-00000715,par711@yahoo.com,par711
p-00000716,par712@yahoo.com,par712
p-00000717,par713@yahoo.com,par713
p-00000718,par714@yahoo.com,par714
p-00000719,par715@yahoo.com,par715
p-00000720,par716@yahoo.com,par716
p-00000721,par717@yahoo.com,par717
p-00000722,par718@yahoo.com,par718
p-00000723,par719@yahoo.com,par719
p-00000724,par720@yahoo.com,par720
p-00000725,par721@yahoo.com,par721
p-00000726,par722@yahoo.com,par722
p-00000727,par723@yahoo.com,par723
p-00000728,par724@yahoo.com,par724
p-00000729,par725@yahoo.com,par725
p-00000730,par726@yahoo.com,par726
p-00000731,par727@yahoo.com,par727
p-00000732,par728@yahoo.com,par728
p-00000733,par729@yahoo.com,par729
p-00000734,par730@yahoo.com,par730
p-00000735,par731@yahoo.com,par731
p-00000736,par732@yahoo.com,par732
p-00000737,par733@yahoo.com,par733
p-00000738,par734@yahoo.com,par734
p-00000739,par735@yahoo.com,par735
p-00000740,par736@yahoo.com,par736
p-00000741,par737@yahoo.com,par737
p-00000742,par738@yahoo.com,par738
p-00000743,par739@yahoo.com,par739
p-00000744,par740@yahoo.com,par740
p-00000745,par741@yahoo.com,par741
p-00000746,par742@yahoo.com,par742
p-00000747,par743@yahoo.com,par743
p-00000748,par744@yahoo.com,par744
p-00000749,par745@yahoo.com,par745
p-00000750,par746@yahoo.com,par746
p-00000751,par747@yahoo.com,par747
p-00000752,par748@yahoo.com,par748
p-00000753,par749@yahoo.com,par749
p-00000754,par750@yahoo.com,par750
p-00000755,par751@yahoo.com,par751
p-00000756,par752@yahoo.com,par752
p-00000757,par753@yahoo.com,par753
p-00000758,par754@yahoo.com,par754
p-00000759,par755@yahoo.com,par755
p-00000760,par756@yahoo.com,par756
p-00000761,par757@yahoo.com,par757
p-00000762,par758@yahoo.com,par758
p-00000763,par759@yahoo.com,par759
p-00000764,par760@yahoo.com,par760
p-00000765,par761@yahoo.com,par761
p-00000766,par762@yahoo.com,par762
p-00000767,par763@yahoo.com,par763
p-00000768,par764@yahoo.com,par764
p-00000769,par765@yahoo.com,par765
p-00000770,par766@yahoo.com,par766
p-00000771,par767@yahoo.com,par767
p-00000772,par768@yahoo.com,par768
p-00000773,par769@yahoo.com,par769
p-00000774,par770@yahoo.com,par770
p-00000775,par771@yahoo.com,par771
p-00000776,par772@yahoo.com,par772
p-00000777,par773@yahoo.com,par773
p-00000778,par774@yahoo.com,par774
p-00000779,par775@yahoo.com,par775
p-00000780,par776@yahoo.com,par776
p-00000781,par777@yahoo.com,par777
p-00000782,par778@yahoo.com,par778
p-00000783,par779@yahoo.com,par779
p-00000784,par780@yahoo.com,par780
p-00000785,par781@yahoo.com,par781
p-00000786,par782@yahoo.com,par782
p-00000787,par783@yahoo.com,par783
p-00000788,par784@yahoo.com,par784
p-00000789,par785@yahoo.com,par785
p-00000790,par786@yahoo.com,par786
p-00000791,par787@yahoo.com,par787
p-00000792,par788@yahoo.com,par788
p-00000793,par789@yahoo.com,par789
p-00000794,par790@yahoo.com,par790
p-00000795,par791@yahoo.com,par791
p-00000796,par792@yahoo.com,par792
p-00000797,par793@yahoo.com,par793
p-00000798,par794@yahoo.com,par794
p-00000799,par795@yahoo.com,par795
p-00000800,par796@yahoo.com,par796
p-00000801,par797@yahoo.com,par797
p-00000802,par798@yahoo.com,par798
p-00000803,par799@yahoo.com,par799
p-00000804,par800@yahoo.com,par800
p-00000805,par801@yahoo.com,par801
p-00000806,par802@yahoo.com,par802
p-00000807,par803@yahoo.com,par803
p-00000808,par804@yahoo.com,par804
p-00000809,par805@yahoo.com,par805
p-00000810,par806@yahoo.com,par806
p-00000811,par807@yahoo.com,par807
p-00000812,par808@yahoo.com,par808
p-00000813,par809@yahoo.com,par809
p-00000814,par810@yahoo.com,par810
p-00000815,par811@yahoo.com,par811
p-00000816,par812@yahoo.com,par812
p-00000817,par813@yahoo.com,par813
p-00000818,par814@yahoo.com,par814
p-00000819,par815@yahoo.com,par815
p-00000820,par816@yahoo.com,par816
p-00000821,par817@yahoo.com,par817
p-00000822,par818@yahoo.com,par818
p-00000823,par819@yahoo.com,par819
p-00000824,par820@yahoo.com,par820
p-00000825,par821@yahoo.com,par821
p-00000826,par822@yahoo.com,par822
p-00000827,par823@yahoo.com,par823
p-00000828,par824@yahoo.com,par824
p-00000829,par825@yahoo.com,par825
p-00000830,par826@yahoo.com,par826
p-00000831,par827@yahoo.com,par827
p-00000832,par828@yahoo.com,par828
p-00000833,par829@yahoo.com,par829
p-00000834,par830@yahoo.com,par830
p-00000835,par831@yahoo.com,par831
p-00000836,par832@yahoo.com,par832
p-00000837,par833@yahoo.com,par833
p-00000838,par834@yahoo.com,par834
p-00000839,par835@yahoo.com,par835
p-00000840,par836@yahoo.com,par836
p-00000841,par837@yahoo.com,par837
p-00000842,par838@yahoo.com,par838
p-00000843,par839@yahoo.com,par839
p-00000844,par840@yahoo.com,par840
p-00000845,par841@yahoo.com,par841
p-00000846,par842@yahoo.com,par842
p-00000847,par843@yahoo.com,par843
p-00000848,par844@yahoo.com,par844
p-00000849,par845@yahoo.com,par845
p-00000850,par846@yahoo.com,par846
p-00000851,par847@yahoo.com,par847
p-00000852,par848@yahoo.com,par848
p-00000853,par849@yahoo.com,par849
p-00000854,par850@yahoo.com,par850
p-00000855,par851@yahoo.com,par851
p-00000856,par852@yahoo.com,par852
p-00000857,par853@yahoo.com,par853
p-00000858,par854@yahoo.com,par854
p-00000859,par855@yahoo.com,par855
p-00000860,par856@yahoo.com,par856
p-00000861,par857@yahoo.com,par857
p-00000862,par858@yahoo.com,par858
p-00000863,par859@yahoo.com,par859
p-00000864,par860@yahoo.com,par860
p-00000865,par861@yahoo.com,par861
p-00000866,par862@yahoo.com,par862
p-00000867,par863@yahoo.com,par863
p-00000868,par864@yahoo.com,par864
p-00000869,par865@yahoo.com,par865
p-00000870,par866@yahoo.com,par866
p-00000871,par867@yahoo.com,par867
p-00000872,par868@yahoo.com,par868
p-00000873,par869@yahoo.com,par869
p-00000874,par870@yahoo.com,par870
p-00000875,par871@yahoo.com,par871
p-00000876,par872@yahoo.com,par872
p-00000877,par873@yahoo.com,par873
p-00000878,par874@yahoo.com,par874
p-00000879,par875@yahoo.com,par875
p-00000880,par876@yahoo.com,par876
p-00000881,par877@yahoo.com,par877
p-00000882,par878@yahoo.com,par878
p-00000883,par879@yahoo.com,par879
p-00000884,par880@yahoo.com,par880
p-00000885,par881@yahoo.com,par881
p-00000886,par882@yahoo.com,par882
p-00000887,par883@yahoo.com,par883
p-00000888,par884@yahoo.com,par884
p-00000889,par885@yahoo.com,par885
p-00000890,par886@yahoo.com,par886
p-00000891,par887@yahoo.com,par887
p-00000892,par888@yahoo.com,par888
p-00000893,par889@yahoo.com,par889
p-00000894,par890@yahoo.com,par890
p-00000895,par891@yahoo.com,par891
p-00000896,par892@yahoo.com,par892
p-00000897,par893@yahoo.com,par893
p-00000898,par894@yahoo.com,par894
p-00000899,par895@yahoo.com,par895
p-00000900,par896@yahoo.com,par896
p-00000901,par897@yahoo.com,par897
p-00000902,par898@yahoo.com,par898
p-00000903,par899@yahoo.com,par899
p-00000904,par900@yahoo.com,par900
p-00000905,par901@yahoo.com,par901
p-00000906,par902@yahoo.com,par902
p-00000907,par903@yahoo.com,par903
p-00000908,par904@yahoo.com,par904
p-00000909,par905@yahoo.com,par905
p-00000910,par906@yahoo.com,par906
p-00000911,par907@yahoo.com,par907
p-00000912,par908@yahoo.com,par908
p-00000913,par909@yahoo.com,par909
p-00000914,par910@yahoo.com,par910
p-00000915,par911@yahoo.com,par911
p-00000916,par912@yahoo.com,par912
p-00000917,par913@yahoo.com,par913
p-00000918,par914@yahoo.com,par914
p-00000919,par915@yahoo.com,par915
p-00000920,par916@yahoo.com,par916
p-00000921,par917@yahoo.com,par917
p-00000922,par918@yahoo.com,par918
p-00000923,par919@yahoo.com,par919
p-00000924,par920@yahoo.com,par920
p-00000925,par921@yahoo.com,par921
p-00000926,par922@yahoo.com,par922
p-00000927,par923@yahoo.com,par923
p-00000928,par924@yahoo.com,par924
p-00000929,par925@yahoo.com,par925
p-00000930,par926@yahoo.com,par926
p-00000931,par927@yahoo.com,par927
p-00000932,par928@yahoo.com,par928
p-00000933,par929@yahoo.com,par929
p-00000934,par930@yahoo.com,par930
p-00000935,par931@yahoo.com,par931
p-00000936,par932@yahoo.com,par932
p-00000937,par933@yahoo.com,par933
p-00000938,par934@yahoo.com,par934
p-00000939,par935@yahoo.com,par935
p-00000940,par936@yahoo.com,par936
p-00000941,par937@yahoo.com,par937
p-00000942,par938@yahoo.com,par938
p-00000943,par939@yahoo.com,par939
p-00000944,par940@yahoo.com,par940
p-00000945,par941@yahoo.com,par941
p-00000946,par942@yahoo.com,par942
p-00000947,par943@yahoo.com,par943
p-00000948,par944@yahoo.com,par944
p-00000949,par945@yahoo.com,par945
p-00000950,par946@yahoo.com,par946
p-00000951,par947@yahoo.com,par947
p-00000952,par948@yahoo.com,par948
p-00000953,par949@yahoo.com,par949
p-00000954,par950@yahoo.com,par950
p-00000955,par951@yahoo.com,par951
p-00000956,par952@yahoo.com,par952
p-00000957,par953@yahoo.com,par953
p-00000958,par954@yahoo.com,par954
p-00000959,par955@yahoo.com,par955
p-00000960,par956@yahoo.com,par956
p-00000961,par957@yahoo.com,par957
p-00000962,par958@yahoo.com,par958
p-00000963,par959@yahoo.com,par959
p-00000964,par960@yahoo.com,par960
p-00000965,par961@yahoo.com,par961
p-00000966,par962@yahoo.com,par962
p-00000967,par963@yahoo.com,par963
p-00000968,par964@yahoo.com,par964
p-00000969,par965@yahoo.com,par965
p-00000970,par966@yahoo.com,par966
p-00000971,par967@yahoo.com,par967
p-00000972,par968@yahoo.com,par968
p-00000973,par969@yahoo.com,par969
p-00000974,par970@yahoo.com,par970
p-00000975,par971@yahoo.com,par971
p-00000976,par972@yahoo.com,par972
p-00000977,par973@yahoo.com,par973
p-00000978,par974@yahoo.com,par974
p-00000979,par975@yahoo.com,par975
p-00000980,par976@yahoo.com,par976
p-00000981,par977@yahoo.com,par977
p-00000982,par978@yahoo.com,par978
p-00000983,par979@yahoo.com,par979
p-00000984,par980@yahoo.com,par980
p-00000985,par981@yahoo.com,par981
p-00000986,par982@yahoo.com,par982
p-00000987,par983@yahoo.com,par983
p-00000988,par984@yahoo.com,par984
p-00000989,par985@yahoo.com,par985
p-00000990,par986@yahoo.com,par986
p-00000991,par987@yahoo.com,par987
p-00000992,par988@yahoo.com,par988
p-00000993,par989@yahoo.com,par989
p-00000994,par990@yahoo.com,par990
p-00000995,par991@yahoo.com,par991
p-00000996,par992@yahoo.com,par992
p-00000997,par993@yahoo.com,par993
p-00000998,par994@yahoo.com,par994
p-00000999,par995@yahoo.com,par995
p-00001000,par996@yahoo.com,par996
p-00001001,par997@yahoo.com,par997
p-00001002,par998@yahoo.com,par998
p-00001003,par999@yahoo.com,par999
p-00001004,par1000@yahoo.com,par1000
p-00001005,par1001@yahoo.com,par1001
p-00001006,par1002@yahoo.com,par1002
p-00001007,par1003@yahoo.com,par1003
p-00001008,par1004@yahoo.com,par1004
p-00001009,par1005@yahoo.com,par1005
p-00001010,par1006@yahoo.com,par1006
p-00001011,par1007@yahoo.com,par1007
p-00001012,par1008@yahoo.com,par1008
p-00001013,par1009@yahoo.com,par1009
p-00001014,par1010@yahoo.com,par1010
p-00001015,par1011@yahoo.com,par1011
p-00001016,par1012@yahoo.com,par1012
p-00001017,par1013@yahoo.com,par1013
p-00001018,par1014@yahoo.com,par1014
p-00001019,par1015@yahoo.com,par1015
p-00001020,par1016@yahoo.com,par1016
p-00001021,par1017@yahoo.com,par1017
p-00001022,par1018@yahoo.com,par1018
p-00001023,par1019@yahoo.com,par1019
p-00001024,par1020@yahoo.com,par1020
p-00001025,par1021@yahoo.com,par1021
p-00001026,par1022@yahoo.com,par1022
p-00001027,par1023@yahoo.com,par1023
p-00001028,par1024@yahoo.com,par1024
p-00001029,par1025@yahoo.com,par1025
p-00001030,par1026@yahoo.com,par1026
p-00001031,par1027@yahoo.com,par1027
p-00001032,par1028@yahoo.com,par1028
p-00001033,par1029@yahoo.com,par1029
p-00001034,par1030@yahoo.com,par1030
p-00001035,par1031@yahoo.com,par1031
p-00001036,par1032@yahoo.com,par1032
p-00001037,par1033@yahoo.com,par1033
p-00001038,par1034@yahoo.com,par1034
p-00001039,par1035@yahoo.com,par1035
p-00001040,par1036@yahoo.com,par1036
p-00001041,par1037@yahoo.com,par1037
p-00001042,par1038@yahoo.com,par1038
p-00001043,par1039@yahoo.com,par1039
p-00001044,par1040@yahoo.com,par1040
p-00001045,par1041@yahoo.com,par1041
p-00001046,par1042@yahoo.com,par1042
p-00001047,par1043@yahoo.com,par1043
p-00001048,par1044@yahoo.com,par1044
p-00001049,par1045@yahoo.com,par1045
p-00001050,par1046@yahoo.com,par1046
p-00001051,par1047@yahoo.com,par1047
p-00001052,par1048@yahoo.com,par1048
p-00001053,par1049@yahoo.com,par1049
p-00001054,par1050@yahoo.com,par1050
p-00001055,par1051@yahoo.com,par1051
p-00001056,par1052@yahoo.com,par1052
p-00001057,par1053@yahoo.com,par1053
p-00001058,par1054@yahoo.com,par1054
p-00001059,par1055@yahoo.com,par1055
p-00001060,par1056@yahoo.com,par1056
p-00001061,par1057@yahoo.com,par1057
p-00001062,par1058@yahoo.com,par1058
p-00001063,par1059@yahoo.com,par1059
p-00001064,par1060@yahoo.com,par1060
p-00001065,par1061@yahoo.com,par1061
p-00001066,par1062@yahoo.com,par1062
p-00001067,par1063@yahoo.com,par1063
p-00001068,par1064@yahoo.com,par1064
p-00001069,par1065@yahoo.com,par1065
p-00001070,par1066@yahoo.com,par1066
p-00001071,par1067@yahoo.com,par1067
p-00001072,par1068@yahoo.com,par1068
p-00001073,par1069@yahoo.com,par1069
p-00001074,par1070@yahoo.com,par1070
p-00001075,par1071@yahoo.com,par1071
p-00001076,par1072@yahoo.com,par1072
p-00001077,par1073@yahoo.com,par1073
p-00001078,par1074@yahoo.com,par1074
p-00001079,par1075@yahoo.com,par1075
p-00001080,par1076@yahoo.com,par1076
p-00001081,par1077@yahoo.com,par1077
p-00001082,par1078@yahoo.com,par1078
p-00001083,par1079@yahoo.com,par1079
p-00001084,par1080@yahoo.com,par1080
p-00001085,par1081@yahoo.com,par1081
p-00001086,par1082@yahoo.com,par1082
p-00001087,par1083@yahoo.com,par1083
p-00001088,par1084@yahoo.com,par1084
p-00001089,par1085@yahoo.com,par1085
p-00001090,par1086@yahoo.com,par1086
p-00001091,par1087@yahoo.com,par1087
p-00001092,par1088@yahoo.com,par1088
p-00001093,par1089@yahoo.com,par1089
p-00001094,par1090@yahoo.com,par1090
p-00001095,par1091@yahoo.com,par1091
p-00001096,par1092@yahoo.com,par1092
p-00001097,par1093@yahoo.com,par1093
p-00001098,par1094@yahoo.com,par1094
p-00001099,par1095@yahoo.com,par1095
p-00001100,par1096@yahoo.com,par1096
p-00001101,par1097@yahoo.com,par1097
p-00001102,par1098@yahoo.com,par1098
p-00001103,par1099@yahoo.com,par1099
p-00001104,par1100@yahoo.com,par1100
p-00001105,par1101@yahoo.com,par1101
p-00001106,par1102@yahoo.com,par1102
p-00001107,par1103@yahoo.com,par1103
p-00001108,par1104@yahoo.com,par1104
p-00001109,par1105@yahoo.com,par1105
p-00001110,par1106@yahoo.com,par1106
p-00001111,par1107@yahoo.com,par1107
p-00001112,par1108@yahoo.com,par1108
p-00001113,par1109@yahoo.com,par1109
p-00001114,par1110@yahoo.com,par1110
p-00001115,par1111@yahoo.com,par1111
p-00001116,par1112@yahoo.com,par1112
p-00001117,par1113@yahoo.com,par1113
p-00001118,par1114@yahoo.com,par1114
p-00001119,par1115@yahoo.com,par1115
p-00001120,par1116@yahoo.com,par1116
p-00001121,par1117@yahoo.com,par1117
p-00001122,par1118@yahoo.com,par1118
p-00001123,par1119@yahoo.com,par1119
p-00001124,par1120@yahoo.com,par1120
p-00001125,par1121@yahoo.com,par1121
p-00001126,par1122@yahoo.com,par1122
p-00001127,par1123@yahoo.com,par1123
p-00001128,par1124@yahoo.com,par1124
p-00001129,par1125@yahoo.com,par1125
p-00001130,par1126@yahoo.com,par1126
p-00001131,par1127@yahoo.com,par1127
p-00001132,par1128@yahoo.com,par1128
p-00001133,par1129@yahoo.com,par1129
p-00001134,par1130@yahoo.com,par1130
p-00001135,par1131@yahoo.com,par1131
p-00001136,par1132@yahoo.com,par1132
p-00001137,par1133@yahoo.com,par1133
p-00001138,par1134@yahoo.com,par1134
p-00001139,par1135@yahoo.com,par1135
p-00001140,par1136@yahoo.com,par1136
p-00001141,par1137@yahoo.com,par1137
p-00001142,par1138@yahoo.com,par1138
p-00001143,par1139@yahoo.com,par1139
p-00001144,par1140@yahoo.com,par1140
p-00001145,par1141@yahoo.com,par1141
p-00001146,par1142@yahoo.com,par1142
p-00001147,par1143@yahoo.com,par1143
p-00001148,par1144@yahoo.com,par1144
p-00001149,par1145@yahoo.com,par1145
p-00001150,par1146@yahoo.com,par1146
p-00001151,par1147@yahoo.com,par1147
p-00001152,par1148@yahoo.com,par1148
p-00001153,par1149@yahoo.com,par1149
p-00001154,par1150@yahoo.com,par1150
p-00001155,par1151@yahoo.com,par1151
p-00001156,par1152@yahoo.com,par1152
p-00001157,par1153@yahoo.com,par1153
p-00001158,par1154@yahoo.com,par1154
p-00001159,par1155@yahoo.com,par1155
p-00001160,par1156@yahoo.com,par1156
p-00001161,par1157@yahoo.com,par1157
p-00001162,par1158@yahoo.com,par1158
p-00001163,par1159@yahoo.com,par1159
p-00001164,par1160@yahoo.com,par1160
p-00001165,par1161@yahoo.com,par1161
p-00001166,par1162@yahoo.com,par1162
p-00001167,par1163@yahoo.com,par1163
p-00001168,par1164@yahoo.com,par1164
p-00001169,par1165@yahoo.com,par1165
p-00001170,par1166@yahoo.com,par1166
p-00001171,par1167@yahoo.com,par1167
p-00001172,par1168@yahoo.com,par1168
p-00001173,par1169@yahoo.com,par1169
p-00001174,par1170@yahoo.com,par1170
p-00001175,par1171@yahoo.com,par1171
p-00001176,par1172@yahoo.com,par1172
p-00001177,par1173@yahoo.com,par1173
p-00001178,par1174@yahoo.com,par1174
p-00001179,par1175@yahoo.com,par1175
p-00001180,par1176@yahoo.com,par1176
p-00001181,par1177@yahoo.com,par1177
p-00001182,par1178@yahoo.com,par1178
p-00001183,par1179@yahoo.com,par1179
p-00001184,par1180@yahoo.com,par1180
p-00001185,par1181@yahoo.com,par1181
p-00001186,par1182@yahoo.com,par1182
p-00001187,par1183@yahoo.com,par1183
p-00001188,par1184@yahoo.com,par1184
p-00001189,par1185@yahoo.com,par1185
p-00001190,par1186@yahoo.com,par1186
p-00001191,par1187@yahoo.com,par1187
p-00001192,par1188@yahoo.com,par1188
p-00001193,par1189@yahoo.com,par1189
p-00001194,par1190@yahoo.com,par1190
p-00001195,par1191@yahoo.com,par1191
p-00001196,par1192@yahoo.com,par1192
p-00001197,par1193@yahoo.com,par1193
p-00001198,par1194@yahoo.com,par1194
p-00001199,par1195@yahoo.com,par1195
p-00001200,par1196@yahoo.com,par1196
p-00001201,par1197@yahoo.com,par1197
p-00001202,par1198@yahoo.com,par1198
p-00001203,par1199@yahoo.com,par1199
p-00001204,par1200@yahoo.com,par1200
p-00001205,par1201@yahoo.com,par1201
p-00001206,par1202@yahoo.com,par1202
p-00001207,par1203@yahoo.com,par1203
p-00001208,par1204@yahoo.com,par1204
p-00001209,par1205@yahoo.com,par1205
p-00001210,par1206@yahoo.com,par1206
p-00001211,par1207@yahoo.com,par1207
p-00001212,par1208@yahoo.com,par1208
p-00001213,par1209@yahoo.com,par1209
p-00001214,par1210@yahoo.com,par1210
p-00001215,par1211@yahoo.com,par1211
p-00001216,par1212@yahoo.com,par1212
p-00001217,par1213@yahoo.com,par1213
p-00001218,par1214@yahoo.com,par1214
p-00001219,par1215@yahoo.com,par1215
p-00001220,par1216@yahoo.com,par1216
p-00001221,par1217@yahoo.com,par1217
p-00001222,par1218@yahoo.com,par1218
p-00001223,par1219@yahoo.com,par1219
p-00001224,par1220@yahoo.com,par1220
p-00001225,par1221@yahoo.com,par1221
p-00001226,par1222@yahoo.com,par1222
p-00001227,par1223@yahoo.com,par1223
p-00001228,par1224@yahoo.com,par1224
p-00001229,par1225@yahoo.com,par1225
p-00001230,par1226@yahoo.com,par1226
p-00001231,par1227@yahoo.com,par1227
p-00001232,par1228@yahoo.com,par1228
p-00001233,par1229@yahoo.com,par1229
p-00001234,par1230@yahoo.com,par1230
p-00001235,par1231@yahoo.com,par1231
p-00001236,par1232@yahoo.com,par1232
p-00001237,par1233@yahoo.com,par1233
p-00001238,par1234@yahoo.com,par1234
p-00001239,par1235@yahoo.com,par1235
p-00001240,par1236@yahoo.com,par1236
p-00001241,par1237@yahoo.com,par1237
p-00001242,par1238@yahoo.com,par1238
p-00001243,par1239@yahoo.com,par1239
p-00001244,par1240@yahoo.com,par1240
p-00001245,par1241@yahoo.com,par1241
p-00001246,par1242@yahoo.com,par1242
p-00001247,par1243@yahoo.com,par1243
p-00001248,par1244@yahoo.com,par1244
p-00001249,par1245@yahoo.com,par1245
p-00001250,par1246@yahoo.com,par1246
p-00001251,par1247@yahoo.com,par1247
p-00001252,par1248@yahoo.com,par1248
p-00001253,par1249@yahoo.com,par1249
p-00001254,par1250@yahoo.com,par1250
p-00001255,par1251@yahoo.com,par1251
p-00001256,par1252@yahoo.com,par1252
p-00001257,par1253@yahoo.com,par1253
p-00001258,par1254@yahoo.com,par1254
p-00001259,par1255@yahoo.com,par1255
p-00001260,par1256@yahoo.com,par1256
p-00001261,par1257@yahoo.com,par1257
p-00001262,par1258@yahoo.com,par1258
p-00001263,par1259@yahoo.com,par1259
p-00001264,par1260@yahoo.com,par1260
p-00001265,par1261@yahoo.com,par1261
p-00001266,par1262@yahoo.com,par1262
p-00001267,par1263@yahoo.com,par1263
p-00001268,par1264@yahoo.com,par1264
p-00001269,par1265@yahoo.com,par1265
p-00001270,par1266@yahoo.com,par1266
p-00001271,par1267@yahoo.com,par1267
p-00001272,par1268@yahoo.com,par1268
p-00001273,par1269@yahoo.com,par1269
p-00001274,par1270@yahoo.com,par1270
p-00001275,par1271@yahoo.com,par1271
p-00001276,par1272@yahoo.com,par1272
p-00001277,par1273@yahoo.com,par1273
p-00001278,par1274@yahoo.com,par1274
p-00001279,par1275@yahoo.com,par1275
p-00001280,par1276@yahoo.com,par1276
p-00001281,par1277@yahoo.com,par1277
p-00001282,par1278@yahoo.com,par1278
p-00001283,par1279@yahoo.com,par1279
p-00001284,par1280@yahoo.com,par1280
p-00001285,par1281@yahoo.com,par1281
p-00001286,par1282@yahoo.com,par1282
p-00001287,par1283@yahoo.com,par1283
p-00001288,par1284@yahoo.com,par1284
p-00001289,par1285@yahoo.com,par1285
p-00001290,par1286@yahoo.com,par1286
p-00001291,par1287@yahoo.com,par1287
p-00001292,par1288@yahoo.com,par1288
p-00001293,par1289@yahoo.com,par1289
p-00001294,par1290@yahoo.com,par1290
p-00001295,par1291@yahoo.com,par1291
p-00001296,par1292@yahoo.com,par1292
p-00001297,par1293@yahoo.com,par1293
p-00001298,par1294@yahoo.com,par1294
p-00001299,par1295@yahoo.com,par1295
p-00001300,par1296@yahoo.com,par1296
p-00001301,par1297@yahoo.com,par1297
p-00001302,par1298@yahoo.com,par1298
p-00001303,par1299@yahoo.com,par1299
p-00001304,par1300@yahoo.com,par1300
p-00001305,par1301@yahoo.com,par1301
p-00001306,par1302@yahoo.com,par1302
p-00001307,par1303@yahoo.com,par1303
p-00001308,par1304@yahoo.com,par1304
p-00001309,par1305@yahoo.com,par1305
p-00001310,par1306@yahoo.com,par1306
p-00001311,par1307@yahoo.com,par1307
p-00001312,par1308@yahoo.com,par1308
p-00001313,par1309@yahoo.com,par1309
p-00001314,par1310@yahoo.com,par1310
p-00001315,par1311@yahoo.com,par1311
p-00001316,par1312@yahoo.com,par1312
p-00001317,par1313@yahoo.com,par1313
p-00001318,par1314@yahoo.com,par1314
p-00001319,par1315@yahoo.com,par1315
p-00001320,par1316@yahoo.com,par1316
p-00001321,par1317@yahoo.com,par1317
p-00001322,par1318@yahoo.com,par1318
p-00001323,par1319@yahoo.com,par1319
p-00001324,par1320@yahoo.com,par1320
p-00001325,par1321@yahoo.com,par1321
p-00001326,par1322@yahoo.com,par1322
p-00001327,par1323@yahoo.com,par1323
p-00001328,par1324@yahoo.com,par1324
p-00001329,par1325@yahoo.com,par1325
p-00001330,par1326@yahoo.com,par1326
p-00001331,par1327@yahoo.com,par1327
p-00001332,par1328@yahoo.com,par1328
p-00001333,par1329@yahoo.com,par1329
p-00001334,par1330@yahoo.com,par1330
p-00001335,par1331@yahoo.com,par1331
p-00001336,par1332@yahoo.com,par1332
p-00001337,par1333@yahoo.com,par1333
p-00001338,par1334@yahoo.com,par1334
p-00001339,par1335@yahoo.com,par1335
p-00001340,par1336@yahoo.com,par1336
p-00001341,par1337@yahoo.com,par1337
p-00001342,par1338@yahoo.com,par1338
p-00001343,par1339@yahoo.com,par1339
p-00001344,par1340@yahoo.com,par1340
p-00001345,par1341@yahoo.com,par1341
p-00001346,par1342@yahoo.com,par1342
p-00001347,par1343@yahoo.com,par1343
p-00001348,par1344@yahoo.com,par1344
p-00001349,par1345@yahoo.com,par1345
p-00001350,par1346@yahoo.com,par1346
p-00001351,par1347@yahoo.com,par1347
p-00001352,par1348@yahoo.com,par1348
p-00001353,par1349@yahoo.com,par1349
p-00001354,par1350@yahoo.com,par1350
p-00001355,par1351@yahoo.com,par1351
p-00001356,par1352@yahoo.com,par1352
p-00001357,par1353@yahoo.com,par1353
p-00001358,par1354@yahoo.com,par1354
p-00001359,par1355@yahoo.com,par1355
p-00001360,par1356@yahoo.com,par1356
p-00001361,par1357@yahoo.com,par1357
p-00001362,par1358@yahoo.com,par1358
p-00001363,par1359@yahoo.com,par1359
p-00001364,par1360@yahoo.com,par1360
p-00001365,par1361@yahoo.com,par1361
p-00001366,par1362@yahoo.com,par1362
p-00001367,par1363@yahoo.com,par1363
p-00001368,par1364@yahoo.com,par1364
p-00001369,par1365@yahoo.com,par1365
p-00001370,par1366@yahoo.com,par1366
p-00001371,par1367@yahoo.com,par1367
p-00001372,par1368@yahoo.com,par1368
p-00001373,par1369@yahoo.com,par1369
p-00001374,par1370@yahoo.com,par1370
p-00001375,par1371@yahoo.com,par1371
p-00001376,par1372@yahoo.com,par1372
p-00001377,par1373@yahoo.com,par1373
p-00001378,par1374@yahoo.com,par1374
p-00001379,par1375@yahoo.com,par1375
p-00001380,par1376@yahoo.com,par1376
p-00001381,par1377@yahoo.com,par1377
p-00001382,par1378@yahoo.com,par1378
p-00001383,par1379@yahoo.com,par1379
p-00001384,par1380@yahoo.com,par1380
p-00001385,par1381@yahoo.com,par1381
p-00001386,par1382@yahoo.com,par1382
p-00001387,par1383@yahoo.com,par1383
p-00001388,par1384@yahoo.com,par1384
p-00001389,par1385@yahoo.com,par1385
p-00001390,par1386@yahoo.com,par1386
p-00001391,par1387@yahoo.com,par1387
p-00001392,par1388@yahoo.com,par1388
p-00001393,par1389@yahoo.com,par1389
p-00001394,par1390@yahoo.com,par1390
p-00001395,par1391@yahoo.com,par1391
p-00001396,par1392@yahoo.com,par1392
p-00001397,par1393@yahoo.com,par1393
p-00001398,par1394@yahoo.com,par1394
p-00001399,par1395@yahoo.com,par1395
p-00001400,par1396@yahoo.com,par1396
p-00001401,par1397@yahoo.com,par1397
p-00001402,par1398@yahoo.com,par1398
p-00001403,par1399@yahoo.com,par1399
p-00001404,par1400@yahoo.com,par1400
p-00001405,par1401@yahoo.com,par1401
p-00001406,par1402@yahoo.com,par1402
p-00001407,par1403@yahoo.com,par1403
p-00001408,par1404@yahoo.com,par1404
p-00001409,par1405@yahoo.com,par1405
p-00001410,par1406@yahoo.com,par1406
p-00001411,par1407@yahoo.com,par1407
p-00001412,par1408@yahoo.com,par1408
p-00001413,par1409@yahoo.com,par1409
p-00001414,par1410@yahoo.com,par1410
p-00001415,par1411@yahoo.com,par1411
p-00001416,par1412@yahoo.com,par1412
p-00001417,par1413@yahoo.com,par1413
p-00001418,par1414@yahoo.com,par1414
p-00001419,par1415@yahoo.com,par1415
p-00001420,par1416@yahoo.com,par1416
p-00001421,par1417@yahoo.com,par1417
p-00001422,par1418@yahoo.com,par1418
p-00001423,par1419@yahoo.com,par1419
p-00001424,par1420@yahoo.com,par1420
p-00001425,par1421@yahoo.com,par1421
p-00001426,par1422@yahoo.com,par1422
p-00001427,par1423@yahoo.com,par1423
p-00001428,par1424@yahoo.com,par1424
p-00001429,par1425@yahoo.com,par1425
p-00001430,par1426@yahoo.com,par1426
p-00001431,par1427@yahoo.com,par1427
p-00001432,par1428@yahoo.com,par1428
p-00001433,par1429@yahoo.com,par1429
p-00001434,par1430@yahoo.com,par1430
p-00001435,par1431@yahoo.com,par1431
p-00001436,par1432@yahoo.com,par1432
p-00001437,par1433@yahoo.com,par1433
p-00001438,par1434@yahoo.com,par1434
p-00001439,par1435@yahoo.com,par1435
p-00001440,par1436@yahoo.com,par1436
p-00001441,par1437@yahoo.com,par1437
p-00001442,par1438@yahoo.com,par1438
p-00001443,par1439@yahoo.com,par1439
p-00001444,par1440@yahoo.com,par1440
p-00001445,par1441@yahoo.com,par1441
p-00001446,par1442@yahoo.com,par1442
p-00001447,par1443@yahoo.com,par1443
p-00001448,par1444@yahoo.com,par1444
p-00001449,par1445@yahoo.com,par1445
p-00001450,par1446@yahoo.com,par1446
p-00001451,par1447@yahoo.com,par1447
p-00001452,par1448@yahoo.com,par1448
p-00001453,par1449@yahoo.com,par1449
p-00001454,par1450@yahoo.com,par1450
p-00001455,par1451@yahoo.com,par1451
p-00001456,par1452@yahoo.com,par1452
p-00001457,par1453@yahoo.com,par1453
p-00001458,par1454@yahoo.com,par1454
p-00001459,par1455@yahoo.com,par1455
p-00001460,par1456@yahoo.com,par1456
p-00001461,par1457@yahoo.com,par1457
p-00001462,par1458@yahoo.com,par1458
p-00001463,par1459@yahoo.com,par1459
p-00001464,par1460@yahoo.com,par1460
p-00001465,par1461@yahoo.com,par1461
p-00001466,par1462@yahoo.com,par1462
p-00001467,par1463@yahoo.com,par1463
p-00001468,par1464@yahoo.com,par1464
p-00001469,par1465@yahoo.com,par1465
p-00001470,par1466@yahoo.com,par1466
p-00001471,par1467@yahoo.com,par1467
p-00001472,par1468@yahoo.com,par1468
p-00001473,par1469@yahoo.com,par1469
p-00001474,par1470@yahoo.com,par1470
p-00001475,par1471@yahoo.com,par1471
p-00001476,par1472@yahoo.com,par1472
p-00001477,par1473@yahoo.com,par1473
p-00001478,par1474@yahoo.com,par1474
p-00001479,par1475@yahoo.com,par1475
p-00001480,par1476@yahoo.com,par1476
p-00001481,par1477@yahoo.com,par1477
p-00001482,par1478@yahoo.com,par1478
p-00001483,par1479@yahoo.com,par1479
p-00001484,par1480@yahoo.com,par1480
p-00001485,par1481@yahoo.com,par1481
p-00001486,par1482@yahoo.com,par1482
p-00001487,par1483@yahoo.com,par1483
p-00001488,par1484@yahoo.com,par1484
p-00001489,par1485@yahoo.com,par1485
p-00001490,par1486@yahoo.com,par1486
p-00001491,par1487@yahoo.com,par1487
p-00001492,par1488@yahoo.com,par1488
p-00001493,par1489@yahoo.com,par1489
p-00001494,par1490@yahoo.com,par1490
p-00001495,par1491@yahoo.com,par1491
p-00001496,par1492@yahoo.com,par1492
p-00001497,par1493@yahoo.com,par1493
p-00001498,par1494@yahoo.com,par1494
p-00001499,par1495@yahoo.com,par1495
p-00001500,par1496@yahoo.com,par1496
p-00001501,par1497@yahoo.com,par1497
p-00001502,par1498@yahoo.com,par1498
p-00001503,par1499@yahoo.com,par1499
p-00001504,par1500@yahoo.com,par1500
p-00001505,par1501@yahoo.com,par1501
p-00001506,par1502@yahoo.com,par1502
p-00001507,par1503@yahoo.com,par1503
p-00001508,par1504@yahoo.com,par1504
p-00001509,par1505@yahoo.com,par1505
p-00001510,par1506@yahoo.com,par1506
p-00001511,par1507@yahoo.com,par1507
p-00001512,par1508@yahoo.com,par1508
p-00001513,par1509@yahoo.com,par1509
p-00001514,par1510@yahoo.com,par1510
p-00001515,par1511@yahoo.com,par1511
p-00001516,par1512@yahoo.com,par1512
p-00001517,par1513@yahoo.com,par1513
p-00001518,par1514@yahoo.com,par1514
p-00001519,par1515@yahoo.com,par1515
p-00001520,par1516@yahoo.com,par1516
p-00001521,par1517@yahoo.com,par1517
p-00001522,par1518@yahoo.com,par1518
p-00001523,par1519@yahoo.com,par1519
p-00001524,par1520@yahoo.com,par1520
p-00001525,par1521@yahoo.com,par1521
p-00001526,par1522@yahoo.com,par1522
p-00001527,par1523@yahoo.com,par1523
p-00001528,par1524@yahoo.com,par1524
p-00001529,par1525@yahoo.com,par1525
p-00001530,par1526@yahoo.com,par1526
p-00001531,par1527@yahoo.com,par1527
p-00001532,par1528@yahoo.com,par1528
p-00001533,par1529@yahoo.com,par1529
p-00001534,par1530@yahoo.com,par1530
p-00001535,par1531@yahoo.com,par1531
p-00001536,par1532@yahoo.com,par1532
p-00001537,par1533@yahoo.com,par1533
p-00001538,par1534@yahoo.com,par1534
p-00001539,par1535@yahoo.com,par1535
p-00001540,par1536@yahoo.com,par1536
p-00001541,par1537@yahoo.com,par1537
p-00001542,par1538@yahoo.com,par1538
p-00001543,par1539@yahoo.com,par1539
p-00001544,par1540@yahoo.com,par1540
p-00001545,par1541@yahoo.com,par1541
p-00001546,par1542@yahoo.com,par1542
p-00001547,par1543@yahoo.com,par1543
p-00001548,par1544@yahoo.com,par1544
p-00001549,par1545@yahoo.com,par1545
p-00001550,par1546@yahoo.com,par1546
p-00001551,par1547@yahoo.com,par1547
p-00001552,par1548@yahoo.com,par1548
p-00001553,par1549@yahoo.com,par1549
p-00001554,par1550@yahoo.com,par1550
p-00001555,par1551@yahoo.com,par1551
p-00001556,par1552@yahoo.com,par1552
p-00001557,par1553@yahoo.com,par1553
p-00001558,par1554@yahoo.com,par1554
p-00001559,par1555@yahoo.com,par1555
p-00001560,par1556@yahoo.com,par1556
p-00001561,par1557@yahoo.com,par1557
p-00001562,par1558@yahoo.com,par1558
p-00001563,par1559@yahoo.com,par1559
p-00001564,par1560@yahoo.com,par1560
p-00001565,par1561@yahoo.com,par1561
p-00001566,par1562@yahoo.com,par1562
p-00001567,par1563@yahoo.com,par1563
p-00001568,par1564@yahoo.com,par1564
p-00001569,par1565@yahoo.com,par1565
p-00001570,par1566@yahoo.com,par1566
p-00001571,par1567@yahoo.com,par1567
p-00001572,par1568@yahoo.com,par1568
p-00001573,par1569@yahoo.com,par1569
p-00001574,par1570@yahoo.com,par1570
p-00001575,par1571@yahoo.com,par1571
p-00001576,par1572@yahoo.com,par1572
p-00001577,par1573@yahoo.com,par1573
p-00001578,par1574@yahoo.com,par1574
p-00001579,par1575@yahoo.com,par1575
p-00001580,par1576@yahoo.com,par1576
p-00001581,par1577@yahoo.com,par1577
p-00001582,par1578@yahoo.com,par1578
p-00001583,par1579@yahoo.com,par1579
p-00001584,par1580@yahoo.com,par1580
p-00001585,par1581@yahoo.com,par1581
p-00001586,par1582@yahoo.com,par1582
p-00001587,par1583@yahoo.com,par1583
p-00001588,par1584@yahoo.com,par1584
p-00001589,par1585@yahoo.com,par1585
p-00001590,par1586@yahoo.com,par1586
p-00001591,par1587@yahoo.com,par1587
p-00001592,par1588@yahoo.com,par1588
p-00001593,par1589@yahoo.com,par1589
p-00001594,par1590@yahoo.com,par1590
p-00001595,par1591@yahoo.com,par1591
p-00001596,par1592@yahoo.com,par1592
p-00001597,par1593@yahoo.com,par1593
p-00001598,par1594@yahoo.com,par1594
p-00001599,par1595@yahoo.com,par1595
p-00001600,par1596@yahoo.com,par1596
p-00001601,par1597@yahoo.com,par1597
p-00001602,par1598@yahoo.com,par1598
p-00001603,par1599@yahoo.com,par1599
p-00001604,par1600@yahoo.com,par1600
p-00001605,par1601@yahoo.com,par1601
p-00001606,par1602@yahoo.com,par1602
p-00001607,par1603@yahoo.com,par1603
p-00001608,par1604@yahoo.com,par1604
p-00001609,par1605@yahoo.com,par1605
p-00001610,par1606@yahoo.com,par1606
p-00001611,par1607@yahoo.com,par1607
p-00001612,par1608@yahoo.com,par1608
p-00001613,par1609@yahoo.com,par1609
p-00001614,par1610@yahoo.com,par1610
p-00001615,par1611@yahoo.com,par1611
p-00001616,par1612@yahoo.com,par1612
p-00001617,par1613@yahoo.com,par1613
p-00001618,par1614@yahoo.com,par1614
p-00001619,par1615@yahoo.com,par1615
p-00001620,par1616@yahoo.com,par1616
p-00001621,par1617@yahoo.com,par1617
p-00001622,par1618@yahoo.com,par1618
p-00001623,par1619@yahoo.com,par1619
p-00001624,par1620@yahoo.com,par1620
p-00001625,par1621@yahoo.com,par1621
p-00001626,par1622@yahoo.com,par1622
p-00001627,par1623@yahoo.com,par1623
p-00001628,par1624@yahoo.com,par1624
p-00001629,par1625@yahoo.com,par1625
p-00001630,par1626@yahoo.com,par1626
p-00001631,par1627@yahoo.com,par1627
p-00001632,par1628@yahoo.com,par1628
p-00001633,par1629@yahoo.com,par1629
p-00001634,par1630@yahoo.com,par1630
p-00001635,par1631@yahoo.com,par1631
p-00001636,par1632@yahoo.com,par1632
p-00001637,par1633@yahoo.com,par1633
p-00001638,par1634@yahoo.com,par1634
p-00001639,par1635@yahoo.com,par1635
p-00001640,par1636@yahoo.com,par1636
p-00001641,par1637@yahoo.com,par1637
p-00001642,par1638@yahoo.com,par1638
p-00001643,par1639@yahoo.com,par1639
p-00001644,par1640@yahoo.com,par1640
p-00001645,par1641@yahoo.com,par1641
p-00001646,par1642@yahoo.com,par1642
p-00001647,par1643@yahoo.com,par1643
p-00001648,par1644@yahoo.com,par1644
p-00001649,par1645@yahoo.com,par1645
p-00001650,par1646@yahoo.com,par1646
p-00001651,par1647@yahoo.com,par1647
p-00001652,par1648@yahoo.com,par1648
p-00001653,par1649@yahoo.com,par1649
p-00001654,par1650@yahoo.com,par1650
p-00001655,par1651@yahoo.com,par1651
p-00001656,par1652@yahoo.com,par1652
p-00001657,par1653@yahoo.com,par1653
p-00001658,par1654@yahoo.com,par1654
p-00001659,par1655@yahoo.com,par1655
p-00001660,par1656@yahoo.com,par1656
p-00001661,par1657@yahoo.com,par1657
p-00001662,par1658@yahoo.com,par1658
p-00001663,par1659@yahoo.com,par1659
p-00001664,par1660@yahoo.com,par1660
p-00001665,par1661@yahoo.com,par1661
p-00001666,par1662@yahoo.com,par1662
p-00001667,par1663@yahoo.com,par1663
p-00001668,par1664@yahoo.com,par1664
p-00001669,par1665@yahoo.com,par1665
p-00001670,par1666@yahoo.com,par1666
p-00001671,par1667@yahoo.com,par1667
p-00001672,par1668@yahoo.com,par1668
p-00001673,par1669@yahoo.com,par1669
p-00001674,par1670@yahoo.com,par1670
p-00001675,par1671@yahoo.com,par1671
p-00001676,par1672@yahoo.com,par1672
p-00001677,par1673@yahoo.com,par1673
p-00001678,par1674@yahoo.com,par1674
p-00001679,par1675@yahoo.com,par1675
p-00001680,par1676@yahoo.com,par1676
p-00001681,par1677@yahoo.com,par1677
p-00001682,par1678@yahoo.com,par1678
p-00001683,par1679@yahoo.com,par1679
p-00001684,par1680@yahoo.com,par1680
p-00001685,par1681@yahoo.com,par1681
p-00001686,par1682@yahoo.com,par1682
p-00001687,par1683@yahoo.com,par1683
p-00001688,par1684@yahoo.com,par1684
p-00001689,par1685@yahoo.com,par1685
p-00001690,par1686@yahoo.com,par1686
p-00001691,par1687@yahoo.com,par1687
p-00001692,par1688@yahoo.com,par1688
p-00001693,par1689@yahoo.com,par1689
p-00001694,par1690@yahoo.com,par1690
p-00001695,par1691@yahoo.com,par1691
p-00001696,par1692@yahoo.com,par1692
p-00001697,par1693@yahoo.com,par1693
p-00001698,par1694@yahoo.com,par1694
p-00001699,par1695@yahoo.com,par1695
p-00001700,par1696@yahoo.com,par1696
p-00001701,par1697@yahoo.com,par1697
p-00001702,par1698@yahoo.com,par1698
p-00001703,par1699@yahoo.com,par1699
p-00001704,par1700@yahoo.com,par1700
p-00001705,par1701@yahoo.com,par1701
p-00001706,par1702@yahoo.com,par1702
p-00001707,par1703@yahoo.com,par1703
p-00001708,par1704@yahoo.com,par1704
p-00001709,par1705@yahoo.com,par1705
p-00001710,par1706@yahoo.com,par1706
p-00001711,par1707@yahoo.com,par1707
p-00001712,par1708@yahoo.com,par1708
p-00001713,par1709@yahoo.com,par1709
p-00001714,par1710@yahoo.com,par1710
p-00001715,par1711@yahoo.com,par1711
p-00001716,par1712@yahoo.com,par1712
p-00001717,par1713@yahoo.com,par1713
p-00001718,par1714@yahoo.com,par1714
p-00001719,par1715@yahoo.com,par1715
p-00001720,par1716@yahoo.com,par1716
p-00001721,par1717@yahoo.com,par1717
p-00001722,par1718@yahoo.com,par1718
p-00001723,par1719@yahoo.com,par1719
p-00001724,par1720@yahoo.com,par1720
p-00001725,par1721@yahoo.com,par1721
p-00001726,par1722@yahoo.com,par1722
p-00001727,par1723@yahoo.com,par1723
p-00001728,par1724@yahoo.com,par1724
p-00001729,par1725@yahoo.com,par1725
p-00001730,par1726@yahoo.com,par1726
p-00001731,par1727@yahoo.com,par1727
p-00001732,par1728@yahoo.com,par1728
p-00001733,par1729@yahoo.com,par1729
p-00001734,par1730@yahoo.com,par1730
p-00001735,par1731@yahoo.com,par1731
p-00001736,par1732@yahoo.com,par1732
p-00001737,par1733@yahoo.com,par1733
p-00001738,par1734@yahoo.com,par1734
p-00001739,par1735@yahoo.com,par1735
p-00001740,par1736@yahoo.com,par1736
p-00001741,par1737@yahoo.com,par1737
p-00001742,par1738@yahoo.com,par1738
p-00001743,par1739@yahoo.com,par1739
p-00001744,par1740@yahoo.com,par1740
p-00001745,par1741@yahoo.com,par1741
p-00001746,par1742@yahoo.com,par1742
p-00001747,par1743@yahoo.com,par1743
p-00001748,par1744@yahoo.com,par1744
p-00001749,par1745@yahoo.com,par1745
p-00001750,par1746@yahoo.com,par1746
p-00001751,par1747@yahoo.com,par1747
p-00001752,par1748@yahoo.com,par1748
p-00001753,par1749@yahoo.com,par1749
p-00001754,par1750@yahoo.com,par1750
p-00001755,par1751@yahoo.com,par1751
p-00001756,par1752@yahoo.com,par1752
p-00001757,par1753@yahoo.com,par1753
p-00001758,par1754@yahoo.com,par1754
p-00001759,par1755@yahoo.com,par1755
p-00001760,par1756@yahoo.com,par1756
p-00001761,par1757@yahoo.com,par1757
p-00001762,par1758@yahoo.com,par1758
p-00001763,par1759@yahoo.com,par1759
p-00001764,par1760@yahoo.com,par1760
p-00001765,par1761@yahoo.com,par1761
p-00001766,par1762@yahoo.com,par1762
p-00001767,par1763@yahoo.com,par1763
p-00001768,par1764@yahoo.com,par1764
p-00001769,par1765@yahoo.com,par1765
p-00001770,par1766@yahoo.com,par1766
p-00001771,par1767@yahoo.com,par1767
p-00001772,par1768@yahoo.com,par1768
p-00001773,par1769@yahoo.com,par1769
p-00001774,par1770@yahoo.com,par1770
p-00001775,par1771@yahoo.com,par1771
p-00001776,par1772@yahoo.com,par1772
p-00001777,par1773@yahoo.com,par1773
p-00001778,par1774@yahoo.com,par1774
p-00001779,par1775@yahoo.com,par1775
p-00001780,par1776@yahoo.com,par1776
p-00001781,par1777@yahoo.com,par1777
p-00001782,par1778@yahoo.com,par1778
p-00001783,par1779@yahoo.com,par1779
p-00001784,par1780@yahoo.com,par1780
p-00001785,par1781@yahoo.com,par1781
p-00001786,par1782@yahoo.com,par1782
p-00001787,par1783@yahoo.com,par1783
p-00001788,par1784@yahoo.com,par1784
p-00001789,par1785@yahoo.com,par1785
p-00001790,par1786@yahoo.com,par1786
p-00001791,par1787@yahoo.com,par1787
p-00001792,par1788@yahoo.com,par1788
p-00001793,par1789@yahoo.com,par1789
p-00001794,par1790@yahoo.com,par1790
p-00001795,par1791@yahoo.com,par1791
p-00001796,par1792@yahoo.com,par1792
p-00001797,par1793@yahoo.com,par1793
p-00001798,par1794@yahoo.com,par1794
p-00001799,par1795@yahoo.com,par1795
p-00001800,par1796@yahoo.com,par1796
p-00001801,par1797@yahoo.com,par1797
p-00001802,par1798@yahoo.com,par1798
p-00001803,par1799@yahoo.com,par1799
p-00001804,par1800@yahoo.com,par1800
p-00001805,par1801@yahoo.com,par1801
p-00001806,par1802@yahoo.com,par1802
p-00001807,par1803@yahoo.com,par1803
p-00001808,par1804@yahoo.com,par1804
p-00001809,par1805@yahoo.com,par1805
p-00001810,par1806@yahoo.com,par1806
p-00001811,par1807@yahoo.com,par1807
p-00001812,par1808@yahoo.com,par1808
p-00001813,par1809@yahoo.com,par1809
p-00001814,par1810@yahoo.com,par1810
p-00001815,par1811@yahoo.com,par1811
p-00001816,par1812@yahoo.com,par1812
p-00001817,par1813@yahoo.com,par1813
p-00001818,par1814@yahoo.com,par1814
p-00001819,par1815@yahoo.com,par1815
p-00001820,par1816@yahoo.com,par1816
p-00001821,par1817@yahoo.com,par1817
p-00001822,par1818@yahoo.com,par1818
p-00001823,par1819@yahoo.com,par1819
p-00001824,par1820@yahoo.com,par1820
p-00001825,par1821@yahoo.com,par1821
p-00001826,par1822@yahoo.com,par1822
p-00001827,par1823@yahoo.com,par1823
p-00001828,par1824@yahoo.com,par1824
p-00001829,par1825@yahoo.com,par1825
p-00001830,par1826@yahoo.com,par1826
p-00001831,par1827@yahoo.com,par1827
p-00001832,par1828@yahoo.com,par1828
p-00001833,par1829@yahoo.com,par1829
p-00001834,par1830@yahoo.com,par1830
p-00001835,par1831@yahoo.com,par1831
p-00001836,par1832@yahoo.com,par1832
p-00001837,par1833@yahoo.com,par1833
p-00001838,par1834@yahoo.com,par1834
p-00001839,par1835@yahoo.com,par1835
p-00001840,par1836@yahoo.com,par1836
p-00001841,par1837@yahoo.com,par1837
p-00001842,par1838@yahoo.com,par1838
p-00001843,par1839@yahoo.com,par1839
p-00001844,par1840@yahoo.com,par1840
p-00001845,par1841@yahoo.com,par1841
p-00001846,par1842@yahoo.com,par1842
p-00001847,par1843@yahoo.com,par1843
p-00001848,par1844@yahoo.com,par1844
p-00001849,par1845@yahoo.com,par1845
p-00001850,par1846@yahoo.com,par1846
p-00001851,par1847@yahoo.com,par1847
p-00001852,par1848@yahoo.com,par1848
p-00001853,par1849@yahoo.com,par1849
p-00001854,par1850@yahoo.com,par1850
p-00001855,par1851@yahoo.com,par1851
p-00001856,par1852@yahoo.com,par1852
p-00001857,par1853@yahoo.com,par1853
p-00001858,par1854@yahoo.com,par1854
p-00001859,par1855@yahoo.com,par1855
p-00001860,par1856@yahoo.com,par1856
p-00001861,par1857@yahoo.com,par1857
p-00001862,par1858@yahoo.com,par1858
p-00001863,par1859@yahoo.com,par1859
p-00001864,par1860@yahoo.com,par1860
p-00001865,par1861@yahoo.com,par1861
p-00001866,par1862@yahoo.com,par1862
p-00001867,par1863@yahoo.com,par1863
p-00001868,par1864@yahoo.com,par1864
p-00001869,par1865@yahoo.com,par1865
p-00001870,par1866@yahoo.com,par1866
p-00001871,par1867@yahoo.com,par1867
p-00001872,par1868@yahoo.com,par1868
p-00001873,par1869@yahoo.com,par1869
p-00001874,par1870@yahoo.com,par1870
p-00001875,par1871@yahoo.com,par1871
p-00001876,par1872@yahoo.com,par1872
p-00001877,par1873@yahoo.com,par1873
p-00001878,par1874@yahoo.com,par1874
p-00001879,par1875@yahoo.com,par1875
p-00001880,par1876@yahoo.com,par1876
p-00001881,par1877@yahoo.com,par1877
p-00001882,par1878@yahoo.com,par1878
p-00001883,par1879@yahoo.com,par1879
p-00001884,par1880@yahoo.com,par1880
p-00001885,par1881@yahoo.com,par1881
p-00001886,par1882@yahoo.com,par1882
p-00001887,par1883@yahoo.com,par1883
p-00001888,par1884@yahoo.com,par1884
p-00001889,par1885@yahoo.com,par1885
p-00001890,par1886@yahoo.com,par1886
p-00001891,par1887@yahoo.com,par1887
p-00001892,par1888@yahoo.com,par1888
p-00001893,par1889@yahoo.com,par1889
p-00001894,par1890@yahoo.com,par1890
p-00001895,par1891@yahoo.com,par1891
p-00001896,par1892@yahoo.com,par1892
p-00001897,par1893@yahoo.com,par1893
p-00001898,par1894@yahoo.com,par1894
p-00001899,par1895@yahoo.com,par1895
p-00001900,par1896@yahoo.com,par1896
p-00001901,par1897@yahoo.com,par1897
p-00001902,par1898@yahoo.com,par1898
p-00001903,par1899@yahoo.com,par1899
p-00001904,par1900@yahoo.com,par1900
p-00001905,par1901@yahoo.com,par1901
p-00001906,par1902@yahoo.com,par1902
p-00001907,par1903@yahoo.com,par1903
p-00001908,par1904@yahoo.com,par1904
p-00001909,par1905@yahoo.com,par1905
p-00001910,par1906@yahoo.com,par1906
p-00001911,par1907@yahoo.com,par1907
p-00001912,par1908@yahoo.com,par1908
p-00001913,par1909@yahoo.com,par1909
p-00001914,par1910@yahoo.com,par1910
p-00001915,par1911@yahoo.com,par1911
p-00001916,par1912@yahoo.com,par1912
p-00001917,par1913@yahoo.com,par1913
p-00001918,par1914@yahoo.com,par1914
p-00001919,par1915@yahoo.com,par1915
p-00001920,par1916@yahoo.com,par1916
p-00001921,par1917@yahoo.com,par1917
p-00001922,par1918@yahoo.com,par1918
p-00001923,par1919@yahoo.com,par1919
p-00001924,par1920@yahoo.com,par1920
p-00001925,par1921@yahoo.com,par1921
p-00001926,par1922@yahoo.com,par1922
p-00001927,par1923@yahoo.com,par1923
p-00001928,par1924@yahoo.com,par1924
p-00001929,par1925@yahoo.com,par1925
p-00001930,par1926@yahoo.com,par1926
p-00001931,par1927@yahoo.com,par1927
p-00001932,par1928@yahoo.com,par1928
p-00001933,par1929@yahoo.com,par1929
p-00001934,par1930@yahoo.com,par1930
p-00001935,par1931@yahoo.com,par1931
p-00001936,par1932@yahoo.com,par1932
p-00001937,par1933@yahoo.com,par1933
p-00001938,par1934@yahoo.com,par1934
p-00001939,par1935@yahoo.com,par1935
p-00001940,par1936@yahoo.com,par1936
p-00001941,par1937@yahoo.com,par1937
p-00001942,par1938@yahoo.com,par1938
p-00001943,par1939@yahoo.com,par1939
p-00001944,par1940@yahoo.com,par1940
p-00001945,par1941@yahoo.com,par1941
p-00001946,par1942@yahoo.com,par1942
p-00001947,par1943@yahoo.com,par1943
p-00001948,par1944@yahoo.com,par1944
p-00001949,par1945@yahoo.com,par1945
p-00001950,par1946@yahoo.com,par1946
p-00001951,par1947@yahoo.com,par1947
p-00001952,par1948@yahoo.com,par1948
p-00001953,par1949@yahoo.com,par1949
p-00001954,par1950@yahoo.com,par1950
p-00001955,par1951@yahoo.com,par1951
p-00001956,par1952@yahoo.com,par1952
p-00001957,par1953@yahoo.com,par1953
p-00001958,par1954@yahoo.com,par1954
p-00001959,par1955@yahoo.com,par1955
p-00001960,par1956@yahoo.com,par1956
p-00001961,par1957@yahoo.com,par1957
p-00001962,par1958@yahoo.com,par1958
p-00001963,par1959@yahoo.com,par1959
p-00001964,par1960@yahoo.com,par1960
p-00001965,par1961@yahoo.com,par1961
p-00001966,par1962@yahoo.com,par1962
p-00001967,par1963@yahoo.com,par1963
p-00001968,par1964@yahoo.com,par1964
p-00001969,par1965@yahoo.com,par1965
p-00001970,par1966@yahoo.com,par1966
p-00001971,par1967@yahoo.com,par1967
p-00001972,par1968@yahoo.com,par1968
p-00001973,par1969@yahoo.com,par1969
p-00001974,par1970@yahoo.com,par1970
p-00001975,par1971@yahoo.com,par1971
p-00001976,par1972@yahoo.com,par1972
p-00001977,par1973@yahoo.com,par1973
p-00001978,par1974@yahoo.com,par1974
p-00001979,par1975@yahoo.com,par1975
p-00001980,par1976@yahoo.com,par1976
p-00001981,par1977@yahoo.com,par1977
p-00001982,par1978@yahoo.com,par1978
p-00001983,par1979@yahoo.com,par1979
p-00001984,par1980@yahoo.com,par1980
p-00001985,par1981@yahoo.com,par1981
p-00001986,par1982@yahoo.com,par1982
p-00001987,par1983@yahoo.com,par1983
p-00001988,par1984@yahoo.com,par1984
p-00001989,par1985@yahoo.com,par1985
p-00001990,par1986@yahoo.com,par1986
p-00001991,par1987@yahoo.com,par1987
p-00001992,par1988@yahoo.com,par1988
p-00001993,par1989@yahoo.com,par1989
p-00001994,par1990@yahoo.com,par1990
p-00001995,par1991@yahoo.com,par1991
p-00001996,par1992@yahoo.com,par1992
p-00001997,par1993@yahoo.com,par1993
p-00001998,par1994@yahoo.com,par1994
p-00001999,par1995@yahoo.com,par1995
p-00002000,par1996@yahoo.com,par1996
p-00002001,par1997@yahoo.com,par1997
p-00002002,par1998@yahoo.com,par1998
p-00002003,par1999@yahoo.com,par1999
p-00002004,par2000@yahoo.com,par2000
