idD,correo,dise
1000000001,dis1@gmail.com,dis1
1000000002,dis2@gmail.com,dis2
1000000003,dis3@gmail.com,dis3
1000000004,dis4@gmail.com,dis4
1000000005,dis5@gmail.com,dis5
1000000006,dis6@gmail.com,dis6
1000000007,dis7@gmail.com,dis7
1000000008,dis8@gmail.com,dis8
1000000009,dis9@gmail.com,dis9
1000000010,dis10@gmail.com,dis10
1000000011,dis11@gmail.com,dis11
1000000012,dis12@gmail.com,dis12
1000000013,dis13@gmail.com,dis13
1000000014,dis14@gmail.com,dis14
1000000015,dis15@gmail.com,dis15
1000000016,dis16@gmail.com,dis16
1000000017,dis17@gmail.com,dis17
1000000018,dis18@gmail.com,dis18
1000000019,dis19@gmail.com,dis19
1000000020,dis20@gmail.com,dis20
1000000021,dis21@gmail.com,dis21
1000000022,dis22@gmail.com,dis22
1000000023,dis23@gmail.com,dis23
1000000024,dis24@gmail.com,dis24
1000000025,dis25@gmail.com,dis25
1000000026,dis26@gmail.com,dis26
1000000027,dis27@gmail.com,dis27
1000000028,dis28@gmail.com,dis28
1000000029,dis29@gmail.com,dis29
1000000030,dis30@gmail.com,dis30
1000000031,dis31@gmail.com,dis31
1000000032,dis32@gmail.com,dis32
1000000033,dis33@gmail.com,dis33
1000000034,dis34@gmail.com,dis34
1000000035,dis35@gmail.com,dis35
1000000036,dis36@gmail.com,dis36
1000000037,dis37@gmail.com,dis37
1000000038,dis38@gmail.com,dis38
1000000039,dis39@gmail.com,dis39
1000000040,dis40@gmail.com,dis40
1000000041,dis41@gmail.com,dis41
1000000042,dis42@gmail.com,dis42
1000000043,dis43@gmail.com,dis43
1000000044,dis44@gmail.com,dis44
1000000045,dis45@gmail.com,dis45
1000000046,dis46@gmail.com,dis46
1000000047,dis47@gmail.com,dis47
1000000048,dis48@gmail.com,dis48
1000000049,dis49@gmail.com,dis49
1000000050,dis50@gmail.com,dis50
1000000051,dis51@gmail.com,dis51
1000000052,dis52@gmail.com,dis52
1000000053,dis53@gmail.com,dis53
1000000054,dis54@gmail.com,dis54
1000000055,dis55@gmail.com,dis55
1000000056,dis56@gmail.com,dis56
1000000057,dis57@gmail.com,dis57
1000000058,dis58@gmail.com,dis58
1000000059,dis59@gmail.com,dis59
1000000060,dis60@gmail.com,dis60
1000000061,dis61@gmail.com,dis61
1000000062,dis62@gmail.com,dis62
1000000063,dis63@gmail.com,dis63
1000000064,dis64@gmail.com,dis64
1000000065,dis65@gmail.com,dis65
1000000066,dis66@gmail.com,dis66
1000000067,dis67@gmail.com,dis67
1000000068,dis68@gmail.com,dis68
1000000069,dis69@gmail.com,dis69
1000000070,dis70@gmail.com,dis70
1000000071,dis71@gmail.com,dis71
1000000072,dis72@gmail.com,dis72
1000000073,dis73@gmail.com,dis73
1000000074,dis74@gmail.com,dis74
1000000075,dis75@gmail.com,dis75
1000000076,dis76@gmail.com,dis76
1000000077,dis77@gmail.com,dis77
1000000078,dis78@gmail.com,dis78
1000000079,dis79@gmail.com,dis79
1000000080,dis80@gmail.com,dis80
1000000081,dis81@gmail.com,dis81
1000000082,dis82@gmail.com,dis82
1000000083,dis83@gmail.com,dis83
1000000084,dis84@gmail.com,dis84
1000000085,dis85@gmail.com,dis85
1000000086,dis86@gmail.com,dis86
1000000087,dis87@gmail.com,dis87
1000000088,dis88@gmail.com,dis88
1000000089,dis89@gmail.com,dis89
1000000090,dis90@gmail.com,dis90
1000000091,dis91@gmail.com,dis91
1000000092,dis92@gmail.com,dis92
1000000093,dis93@gmail.com,dis93
1000000094,dis94@gmail.com,dis94
1000000095,dis95@gmail.com,dis95
1000000096,dis96@gmail.com,dis96
1000000097,dis97@gmail.com,dis97
1000000098,dis98@gmail.com,dis98
1000000099,dis99@gmail.com,dis99
1000000100,dis100@gmail.com,dis100
1000000101,dis101@gmail.com,dis101
1000000102,dis102@gmail.com,dis102
1000000103,dis103@gmail.com,dis103
1000000104,dis104@gmail.com,dis104
1000000105,dis105@gmail.com,dis105
1000000106,dis106@gmail.com,dis106
1000000107,dis107@gmail.com,dis107
1000000108,dis108@gmail.com,dis108
1000000109,dis109@gmail.com,dis109
1000000110,dis110@gmail.com,dis110
1000000111,dis111@gmail.com,dis111
1000000112,dis112@gmail.com,dis112
1000000113,dis113@gmail.com,dis113
1000000114,dis114@gmail.com,dis114
1000000115,dis115@gmail.com,dis115
1000000116,dis116@gmail.com,dis116
1000000117,dis117@gmail.com,dis117
1000000118,dis118@gmail.com,dis118
1000000119,dis119@gmail.com,dis119
1000000120,dis120@gmail.com,dis120
1000000121,dis121@gmail.com,dis121
1000000122,dis122@gmail.com,dis122
1000000123,dis123@gmail.com,dis123
1000000124,dis124@gmail.com,dis124
1000000125,dis125@gmail.com,dis125
1000000126,dis126@gmail.com,dis126
1000000127,dis127@gmail.com,dis127
1000000128,dis128@gmail.com,dis128
1000000129,dis129@gmail.com,dis129
1000000130,dis130@gmail.com,dis130
1000000131,dis131@gmail.com,dis131
1000000132,dis132@gmail.com,dis132
1000000133,dis133@gmail.com,dis133
1000000134,dis134@gmail.com,dis134
1000000135,dis135@gmail.com,dis135
1000000136,dis136@gmail.com,dis136
1000000137,dis137@gmail.com,dis137
1000000138,dis138@gmail.com,dis138
1000000139,dis139@gmail.com,dis139
1000000140,dis140@gmail.com,dis140
1000000141,dis141@gmail.com,dis141
1000000142,dis142@gmail.com,dis142
1000000143,dis143@gmail.com,dis143
1000000144,dis144@gmail.com,dis144
1000000145,dis145@gmail.com,dis145
1000000146,dis146@gmail.com,dis146
1000000147,dis147@gmail.com,dis147
1000000148,dis148@gmail.com,dis148
1000000149,dis149@gmail.com,dis149
1000000150,dis150@gmail.com,dis150
1000000151,dis151@gmail.com,dis151
1000000152,dis152@gmail.com,dis152
1000000153,dis153@gmail.com,dis153
1000000154,dis154@gmail.com,dis154
1000000155,dis155@gmail.com,dis155
1000000156,dis156@gmail.com,dis156
1000000157,dis157@gmail.com,dis157
1000000158,dis158@gmail.com,dis158
1000000159,dis159@gmail.com,dis159
1000000160,dis160@gmail.com,dis160
1000000161,dis161@gmail.com,dis161
1000000162,dis162@gmail.com,dis162
1000000163,dis163@gmail.com,dis163
1000000164,dis164@gmail.com,dis164
1000000165,dis165@gmail.com,dis165
1000000166,dis166@gmail.com,dis166
1000000167,dis167@gmail.com,dis167
1000000168,dis168@gmail.com,dis168
1000000169,dis169@gmail.com,dis169
1000000170,dis170@gmail.com,dis170
1000000171,dis171@gmail.com,dis171
1000000172,dis172@gmail.com,dis172
1000000173,dis173@gmail.com,dis173
1000000174,dis174@gmail.com,dis174
1000000175,dis175@gmail.com,dis175
1000000176,dis176@gmail.com,dis176
1000000177,dis177@gmail.com,dis177
1000000178,dis178@gmail.com,dis178
1000000179,dis179@gmail.com,dis179
1000000180,dis180@gmail.com,dis180
1000000181,dis181@gmail.com,dis181
1000000182,dis182@gmail.com,dis182
1000000183,dis183@gmail.com,dis183
1000000184,dis184@gmail.com,dis184
1000000185,dis185@gmail.com,dis185
1000000186,dis186@gmail.com,dis186
1000000187,dis187@gmail.com,dis187
1000000188,dis188@gmail.com,dis188
1000000189,dis189@gmail.com,dis189
1000000190,dis190@gmail.com,dis190
1000000191,dis191@gmail.com,dis191
1000000192,dis192@gmail.com,dis192
1000000193,dis193@gmail.com,dis193
1000000194,dis194@gmail.com,dis194
1000000195,dis195@gmail.com,dis195
1000000196,dis196@gmail.com,dis196
1000000197,dis197@gmail.com,dis197
1000000198,dis198@gmail.com,dis198
1000000199,dis199@gmail.com,dis199
1000000200,dis200@gmail.com,dis200
1000000201,dis201@gmail.com,dis201
1000000202,dis202@gmail.com,dis202
1000000203,dis203@gmail.com,dis203
1000000204,dis204@gmail.com,dis204
1000000205,dis205@gmail.com,dis205
1000000206,dis206@gmail.com,dis206
1000000207,dis207@gmail.com,dis207
1000000208,dis208@gmail.com,dis208
1000000209,dis209@gmail.com,dis209
1000000210,dis210@gmail.com,dis210
1000000211,dis211@gmail.com,dis211
1000000212,dis212@gmail.com,dis212
1000000213,dis213@gmail.com,dis213
1000000214,dis214@gmail.com,dis214
1000000215,dis215@gmail.com,dis215
1000000216,dis216@gmail.com,dis216
1000000217,dis217@gmail.com,dis217
1000000218,dis218@gmail.com,dis218
1000000219,dis219@gmail.com,dis219
1000000220,dis220@gmail.com,dis220
1000000221,dis221@gmail.com,dis221
1000000222,dis222@gmail.com,dis222
1000000223,dis223@gmail.com,dis223
1000000224,dis224@gmail.com,dis224
1000000225,dis225@gmail.com,dis225
1000000226,dis226@gmail.com,dis226
1000000227,dis227@gmail.com,dis227
1000000228,dis228@gmail.com,dis228
1000000229,dis229@gmail.com,dis229
1000000230,dis230@gmail.com,dis230
1000000231,dis231@gmail.com,dis231
1000000232,dis232@gmail.com,dis232
1000000233,dis233@gmail.com,dis233
1000000234,dis234@gmail.com,dis234
1000000235,dis235@gmail.com,dis235
1000000236,dis236@gmail.com,dis236
1000000237,dis237@gmail.com,dis237
1000000238,dis238@gmail.com,dis238
1000000239,dis239@gmail.com,dis239
1000000240,dis240@gmail.com,dis240
1000000241,dis241@gmail.com,dis241
1000000242,dis242@gmail.com,dis242
1000000243,dis243@gmail.com,dis243
1000000244,dis244@gmail.com,dis244
1000000245,dis245@gmail.com,dis245
1000000246,dis246@gmail.com,dis246
1000000247,dis247@gmail.com,dis247
1000000248,dis248@gmail.com,dis248
1000000249,dis249@gmail.com,dis249
1000000250,dis250@gmail.com,dis250
1000000251,dis251@gmail.com,dis251
1000000252,dis252@gmail.com,dis252
1000000253,dis253@gmail.com,dis253
1000000254,dis254@gmail.com,dis254
1000000255,dis255@gmail.com,dis255
1000000256,dis256@gmail.com,dis256
1000000257,dis257@gmail.com,dis257
1000000258,dis258@gmail.com,dis258
1000000259,dis259@gmail.com,dis259
1000000260,dis260@gmail.com,dis260
1000000261,dis261@gmail.com,dis261
1000000262,dis262@gmail.com,dis262
1000000263,dis263@gmail.com,dis263
1000000264,dis264@gmail.com,dis264
1000000265,dis265@gmail.com,dis265
1000000266,dis266@gmail.com,dis266
1000000267,dis267@gmail.com,dis267
1000000268,dis268@gmail.com,dis268
1000000269,dis269@gmail.com,dis269
1000000270,dis270@gmail.com,dis270
1000000271,dis271@gmail.com,dis271
1000000272,dis272@gmail.com,dis272
1000000273,dis273@gmail.com,dis273
1000000274,dis274@gmail.com,dis274
1000000275,dis275@gmail.com,dis275
1000000276,dis276@gmail.com,dis276
1000000277,dis277@gmail.com,dis277
1000000278,dis278@gmail.com,dis278
1000000279,dis279@gmail.com,dis279
1000000280,dis280@gmail.com,dis280
1000000281,dis281@gmail.com,dis281
1000000282,dis282@gmail.com,dis282
1000000283,dis283@gmail.com,dis283
1000000284,dis284@gmail.com,dis284
1000000285,dis285@gmail.com,dis285
1000000286,dis286@gmail.com,dis286
1000000287,dis287@gmail.com,dis287
1000000288,dis288@gmail.com,dis288
1000000289,dis289@gmail.com,dis289
1000000290,dis290@gmail.com,dis290
1000000291,dis291@gmail.com,dis291
1000000292,dis292@gmail.com,dis292
1000000293,dis293@gmail.com,dis293
1000000294,dis294@gmail.com,dis294
1000000295,dis295@gmail.com,dis295
1000000296,dis296@gmail.com,dis296
1000000297,dis297@gmail.com,dis297
1000000298,dis298@gmail.com,dis298
1000000299,dis299@gmail.com,dis299
1000000300,dis300@gmail.com,dis300
1000000301,dis301@gmail.com,dis301
1000000302,dis302@gmail.com,dis302
1000000303,dis303@gmail.com,dis303
1000000304,dis304@gmail.com,dis304
1000000305,dis305@gmail.com,dis305
1000000306,dis306@gmail.com,dis306
1000000307,dis307@gmail.com,dis307
1000000308,dis308@gmail.com,dis308
1000000309,dis309@gmail.com,dis309
1000000310,dis310@gmail.com,dis310
1000000311,dis311@gmail.com,dis311
1000000312,dis312@gmail.com,dis312
1000000313,dis313@gmail.com,dis313
1000000314,dis314@gmail.com,dis314
1000000315,dis315@gmail.com,dis315
1000000316,dis316@gmail.com,dis316
1000000317,dis317@gmail.com,dis317
1000000318,dis318@gmail.com,dis318
1000000319,dis319@gmail.com,dis319
1000000320,dis320@gmail.com,dis320
1000000321,dis321@gmail.com,dis321
1000000322,dis322@gmail.com,dis322
1000000323,dis323@gmail.com,dis323
1000000324,dis324@gmail.com,dis324
1000000325,dis325@gmail.com,dis325
1000000326,dis326@gmail.com,dis326
1000000327,dis327@gmail.com,dis327
1000000328,dis328@gmail.com,dis328
1000000329,dis329@gmail.com,dis329
1000000330,dis330@gmail.com,dis330
1000000331,dis331@gmail.com,dis331
1000000332,dis332@gmail.com,dis332
1000000333,dis333@gmail.com,dis333
1000000334,dis334@gmail.com,dis334
1000000335,dis335@gmail.com,dis335
1000000336,dis336@gmail.com,dis336
1000000337,dis337@gmail.com,dis337
1000000338,dis338@gmail.com,dis338
1000000339,dis339@gmail.com,dis339
1000000340,dis340@gmail.com,dis340
1000000341,dis341@gmail.com,dis341
1000000342,dis342@gmail.com,dis342
1000000343,dis343@gmail.com,dis343
1000000344,dis344@gmail.com,dis344
1000000345,dis345@gmail.com,dis345
1000000346,dis346@gmail.com,dis346
1000000347,dis347@gmail.com,dis347
1000000348,dis348@gmail.com,dis348
1000000349,dis349@gmail.com,dis349
1000000350,dis350@gmail.com,dis350
1000000351,dis351@gmail.com,dis351
1000000352,dis352@gmail.com,dis352
1000000353,dis353@gmail.com,dis353
1000000354,dis354@gmail.com,dis354
1000000355,dis355@gmail.com,dis355
1000000356,dis356@gmail.com,dis356
1000000357,dis357@gmail.com,dis357
1000000358,dis358@gmail.com,dis358
1000000359,dis359@gmail.com,dis359
1000000360,dis360@gmail.com,dis360
1000000361,dis361@gmail.com,dis361
1000000362,dis362@gmail.com,dis362
1000000363,dis363@gmail.com,dis363
1000000364,dis364@gmail.com,dis364
1000000365,dis365@gmail.com,dis365
1000000366,dis366@gmail.com,dis366
1000000367,dis367@gmail.com,dis367
1000000368,dis368@gmail.com,dis368
1000000369,dis369@gmail.com,dis369
1000000370,dis370@gmail.com,dis370
1000000371,dis371@gmail.com,dis371
1000000372,dis372@gmail.com,dis372
1000000373,dis373@gmail.com,dis373
1000000374,dis374@gmail.com,dis374
1000000375,dis375@gmail.com,dis375
1000000376,dis376@gmail.com,dis376
1000000377,dis377@gmail.com,dis377
1000000378,dis378@gmail.com,dis378
1000000379,dis379@gmail.com,dis379
1000000380,dis380@gmail.com,dis380
1000000381,dis381@gmail.com,dis381
1000000382,dis382@gmail.com,dis382
1000000383,dis383@gmail.com,dis383
1000000384,dis384@gmail.com,dis384
1000000385,dis385@gmail.com,dis385
1000000386,dis386@gmail.com,dis386
1000000387,dis387@gmail.com,dis387
1000000388,dis388@gmail.com,dis388
1000000389,dis389@gmail.com,dis389
1000000390,dis390@gmail.com,dis390
1000000391,dis391@gmail.com,dis391
1000000392,dis392@gmail.com,dis392
1000000393,dis393@gmail.com,dis393
1000000394,dis394@gmail.com,dis394
1000000395,dis395@gmail.com,dis395
1000000396,dis396@gmail.com,dis396
1000000397,dis397@gmail.com,dis397
1000000398,dis398@gmail.com,dis398
1000000399,dis399@gmail.com,dis399
1000000400,dis400@gmail.com,dis400
1000000401,dis401@gmail.com,dis401
1000000402,dis402@gmail.com,dis402
1000000403,dis403@gmail.com,dis403
1000000404,dis404@gmail.com,dis404
1000000405,dis405@gmail.com,dis405
1000000406,dis406@gmail.com,dis406
1000000407,dis407@gmail.com,dis407
1000000408,dis408@gmail.com,dis408
1000000409,dis409@gmail.com,dis409
1000000410,dis410@gmail.com,dis410
1000000411,dis411@gmail.com,dis411
1000000412,dis412@gmail.com,dis412
1000000413,dis413@gmail.com,dis413
1000000414,dis414@gmail.com,dis414
1000000415,dis415@gmail.com,dis415
1000000416,dis416@gmail.com,dis416
1000000417,dis417@gmail.com,dis417
1000000418,dis418@gmail.com,dis418
1000000419,dis419@gmail.com,dis419
1000000420,dis420@gmail.com,dis420
1000000421,dis421@gmail.com,dis421
1000000422,dis422@gmail.com,dis422
1000000423,dis423@gmail.com,dis423
1000000424,dis424@gmail.com,dis424
1000000425,dis425@gmail.com,dis425
1000000426,dis426@gmail.com,dis426
1000000427,dis427@gmail.com,dis427
1000000428,dis428@gmail.com,dis428
1000000429,dis429@gmail.com,dis429
1000000430,dis430@gmail.com,dis430
1000000431,dis431@gmail.com,dis431
1000000432,dis432@gmail.com,dis432
1000000433,dis433@gmail.com,dis433
1000000434,dis434@gmail.com,dis434
1000000435,dis435@gmail.com,dis435
1000000436,dis436@gmail.com,dis436
1000000437,dis437@gmail.com,dis437
1000000438,dis438@gmail.com,dis438
1000000439,dis439@gmail.com,dis439
1000000440,dis440@gmail.com,dis440
1000000441,dis441@gmail.com,dis441
1000000442,dis442@gmail.com,dis442
1000000443,dis443@gmail.com,dis443
1000000444,dis444@gmail.com,dis444
1000000445,dis445@gmail.com,dis445
1000000446,dis446@gmail.com,dis446
1000000447,dis447@gmail.com,dis447
1000000448,dis448@gmail.com,dis448
1000000449,dis449@gmail.com,dis449
1000000450,dis450@gmail.com,dis450
1000000451,dis451@gmail.com,dis451
1000000452,dis452@gmail.com,dis452
1000000453,dis453@gmail.com,dis453
1000000454,dis454@gmail.com,dis454
1000000455,dis455@gmail.com,dis455
1000000456,dis456@gmail.com,dis456
1000000457,dis457@gmail.com,dis457
1000000458,dis458@gmail.com,dis458
1000000459,dis459@gmail.com,dis459
1000000460,dis460@gmail.com,dis460
1000000461,dis461@gmail.com,dis461
1000000462,dis462@gmail.com,dis462
1000000463,dis463@gmail.com,dis463
1000000464,dis464@gmail.com,dis464
1000000465,dis465@gmail.com,dis465
1000000466,dis466@gmail.com,dis466
1000000467,dis467@gmail.com,dis467
1000000468,dis468@gmail.com,dis468
1000000469,dis469@gmail.com,dis469
1000000470,dis470@gmail.com,dis470
1000000471,dis471@gmail.com,dis471
1000000472,dis472@gmail.com,dis472
1000000473,dis473@gmail.com,dis473
1000000474,dis474@gmail.com,dis474
1000000475,dis475@gmail.com,dis475
1000000476,dis476@gmail.com,dis476
1000000477,dis477@gmail.com,dis477
1000000478,dis478@gmail.com,dis478
1000000479,dis479@gmail.com,dis479
1000000480,dis480@gmail.com,dis480
1000000481,dis481@gmail.com,dis481
1000000482,dis482@gmail.com,dis482
1000000483,dis483@gmail.com,dis483
1000000484,dis484@gmail.com,dis484
1000000485,dis485@gmail.com,dis485
1000000486,dis486@gmail.com,dis486
1000000487,dis487@gmail.com,dis487
1000000488,dis488@gmail.com,dis488
1000000489,dis489@gmail.com,dis489
1000000490,dis490@gmail.com,dis490
1000000491,dis491@gmail.com,dis491
1000000492,dis492@gmail.com,dis492
1000000493,dis493@gmail.com,dis493
1000000494,dis494@gmail.com,dis494
1000000495,dis495@gmail.com,dis495
1000000496,dis496@gmail.com,dis496
1000000497,dis497@gmail.com,dis497
1000000498,dis498@gmail.com,dis498
1000000499,dis499@gmail.com,dis499
1000000500,dis500@gmail.com,dis500
1000000501,dis501@gmail.com,dis501
1000000502,dis502@gmail.com,dis502
1000000503,dis503@gmail.com,dis503
1000000504,dis504@gmail.com,dis504
1000000505,dis505@gmail.com,dis505
1000000506,dis506@gmail.com,dis506
1000000507,dis507@gmail.com,dis507
1000000508,dis508@gmail.com,dis508
1000000509,dis509@gmail.com,dis509
1000000510,dis510@gmail.com,dis510
1000000511,dis511@gmail.com,dis511
1000000512,dis512@gmail.com,dis512
1000000513,dis513@gmail.com,dis513
1000000514,dis514@gmail.com,dis514
1000000515,dis515@gmail.com,dis515
1000000516,dis516@gmail.com,dis516
1000000517,dis517@gmail.com,dis517
1000000518,dis518@gmail.com,dis518
1000000519,dis519@gmail.com,dis519
1000000520,dis520@gmail.com,dis520
1000000521,dis521@gmail.com,dis521
1000000522,dis522@gmail.com,dis522
1000000523,dis523@gmail.com,dis523
1000000524,dis524@gmail.com,dis524
1000000525,dis525@gmail.com,dis525
1000000526,dis526@gmail.com,dis526
1000000527,dis527@gmail.com,dis527
1000000528,dis528@gmail.com,dis528
1000000529,dis529@gmail.com,dis529
1000000530,dis530@gmail.com,dis530
1000000531,dis531@gmail.com,dis531
1000000532,dis532@gmail.com,dis532
1000000533,dis533@gmail.com,dis533
1000000534,dis534@gmail.com,dis534
1000000535,dis535@gmail.com,dis535
1000000536,dis536@gmail.com,dis536
1000000537,dis537@gmail.com,dis537
1000000538,dis538@gmail.com,dis538
1000000539,dis539@gmail.com,dis539
1000000540,dis540@gmail.com,dis540
1000000541,dis541@gmail.com,dis541
1000000542,dis542@gmail.com,dis542
1000000543,dis543@gmail.com,dis543
1000000544,dis544@gmail.com,dis544
1000000545,dis545@gmail.com,dis545
1000000546,dis546@gmail.com,dis546
1000000547,dis547@gmail.com,dis547
1000000548,dis548@gmail.com,dis548
1000000549,dis549@gmail.com,dis549
1000000550,dis550@gmail.com,dis550
1000000551,dis551@gmail.com,dis551
1000000552,dis552@gmail.com,dis552
1000000553,dis553@gmail.com,dis553
1000000554,dis554@gmail.com,dis554
1000000555,dis555@gmail.com,dis555
1000000556,dis556@gmail.com,dis556
1000000557,dis557@gmail.com,dis557
1000000558,dis558@gmail.com,dis558
1000000559,dis559@gmail.com,dis559
1000000560,dis560@gmail.com,dis560
1000000561,dis561@gmail.com,dis561
1000000562,dis562@gmail.com,dis562
1000000563,dis563@gmail.com,dis563
1000000564,dis564@gmail.com,dis564
1000000565,dis565@gmail.com,dis565
1000000566,dis566@gmail.com,dis566
1000000567,dis567@gmail.com,dis567
1000000568,dis568@gmail.com,dis568
1000000569,dis569@gmail.com,dis569
1000000570,dis570@gmail.com,dis570
1000000571,dis571@gmail.com,dis571
1000000572,dis572@gmail.com,dis572
1000000573,dis573@gmail.com,dis573
1000000574,dis574@gmail.com,dis574
1000000575,dis575@gmail.com,dis575
1000000576,dis576@gmail.com,dis576
1000000577,dis577@gmail.com,dis577
1000000578,dis578@gmail.com,dis578
1000000579,dis579@gmail.com,dis579
1000000580,dis580@gmail.com,dis580
1000000581,dis581@gmail.com,dis581
1000000582,dis582@gmail.com,dis582
1000000583,dis583@gmail.com,dis583
1000000584,dis584@gmail.com,dis584
1000000585,dis585@gmail.com,dis585
1000000586,dis586@gmail.com,dis586
1000000587,dis587@gmail.com,dis587
1000000588,dis588@gmail.com,dis588
1000000589,dis589@gmail.com,dis589
1000000590,dis590@gmail.com,dis590
1000000591,dis591@gmail.com,dis591
1000000592,dis592@gmail.com,dis592
1000000593,dis593@gmail.com,dis593
1000000594,dis594@gmail.com,dis594
1000000595,dis595@gmail.com,dis595
1000000596,dis596@gmail.com,dis596
1000000597,dis597@gmail.com,dis597
1000000598,dis598@gmail.com,dis598
1000000599,dis599@gmail.com,dis599
1000000600,dis600@gmail.com,dis600
1000000601,dis601@gmail.com,dis601
1000000602,dis602@gmail.com,dis602
1000000603,dis603@gmail.com,dis603
1000000604,dis604@gmail.com,dis604
1000000605,dis605@gmail.com,dis605
1000000606,dis606@gmail.com,dis606
1000000607,dis607@gmail.com,dis607
1000000608,dis608@gmail.com,dis608
1000000609,dis609@gmail.com,dis609
1000000610,dis610@gmail.com,dis610
1000000611,dis611@gmail.com,dis611
1000000612,dis612@gmail.com,dis612
1000000613,dis613@gmail.com,dis613
1000000614,dis614@gmail.com,dis614
1000000615,dis615@gmail.com,dis615
1000000616,dis616@gmail.com,dis616
1000000617,dis617@gmail.com,dis617
1000000618,dis618@gmail.com,dis618
1000000619,dis619@gmail.com,dis619
1000000620,dis620@gmail.com,dis620
1000000621,dis621@gmail.com,dis621
1000000622,dis622@gmail.com,dis622
1000000623,dis623@gmail.com,dis623
1000000624,dis624@gmail.com,dis624
1000000625,dis625@gmail.com,dis625
1000000626,dis626@gmail.com,dis626
1000000627,dis627@gmail.com,dis627
1000000628,dis628@gmail.com,dis628
1000000629,dis629@gmail.com,dis629
1000000630,dis630@gmail.com,dis630
1000000631,dis631@gmail.com,dis631
1000000632,dis632@gmail.com,dis632
1000000633,dis633@gmail.com,dis633
1000000634,dis634@gmail.com,dis634
1000000635,dis635@gmail.com,dis635
1000000636,dis636@gmail.com,dis636
1000000637,dis637@gmail.com,dis637
1000000638,dis638@gmail.com,dis638
1000000639,dis639@gmail.com,dis639
1000000640,dis640@gmail.com,dis640
1000000641,dis641@gmail.com,dis641
1000000642,dis642@gmail.com,dis642
1000000643,dis643@gmail.com,dis643
1000000644,dis644@gmail.com,dis644
1000000645,dis645@gmail.com,dis645
1000000646,dis646@gmail.com,dis646
1000000647,dis647@gmail.com,dis647
1000000648,dis648@gmail.com,dis648
1000000649,dis649@gmail.com,dis649
1000000650,dis650@gmail.com,dis650
1000000651,dis651@gmail.com,dis651
1000000652,dis652@gmail.com,dis652
1000000653,dis653@gmail.com,dis653
1000000654,dis654@gmail.com,dis654
1000000655,dis655@gmail.com,dis655
1000000656,dis656@gmail.com,dis656
1000000657,dis657@gmail.com,dis657
1000000658,dis658@gmail.com,dis658
1000000659,dis659@gmail.com,dis659
1000000660,dis660@gmail.com,dis660
1000000661,dis661@gmail.com,dis661
1000000662,dis662@gmail.com,dis662
1000000663,dis663@gmail.com,dis663
1000000664,dis664@gmail.com,dis664
1000000665,dis665@gmail.com,dis665
1000000666,dis666@gmail.com,dis666
1000000667,dis667@gmail.com,dis667
1000000668,dis668@gmail.com,dis668
1000000669,dis669@gmail.com,dis669
1000000670,dis670@gmail.com,dis670
1000000671,dis671@gmail.com,dis671
1000000672,dis672@gmail.com,dis672
1000000673,dis673@gmail.com,dis673
1000000674,dis674@gmail.com,dis674
1000000675,dis675@gmail.com,dis675
1000000676,dis676@gmail.com,dis676
1000000677,dis677@gmail.com,dis677
1000000678,dis678@gmail.com,dis678
1000000679,dis679@gmail.com,dis679
1000000680,dis680@gmail.com,dis680
1000000681,dis681@gmail.com,dis681
1000000682,dis682@gmail.com,dis682
1000000683,dis683@gmail.com,dis683
1000000684,dis684@gmail.com,dis684
1000000685,dis685@gmail.com,dis685
1000000686,dis686@gmail.com,dis686
1000000687,dis687@gmail.com,dis687
1000000688,dis688@gmail.com,dis688
1000000689,dis689@gmail.com,dis689
1000000690,dis690@gmail.com,dis690
1000000691,dis691@gmail.com,dis691
1000000692,dis692@gmail.com,dis692
1000000693,dis693@gmail.com,dis693
1000000694,dis694@gmail.com,dis694
1000000695,dis695@gmail.com,dis695
1000000696,dis696@gmail.com,dis696
1000000697,dis697@gmail.com,dis697
1000000698,dis698@gmail.com,dis698
1000000699,dis699@gmail.com,dis699
1000000700,dis700@gmail.com,dis700
1000000701,dis701@gmail.com,dis701
1000000702,dis702@gmail.com,dis702
1000000703,dis703@gmail.com,dis703
1000000704,dis704@gmail.com,dis704
1000000705,dis705@gmail.com,dis705
1000000706,dis706@gmail.com,dis706
1000000707,dis707@gmail.com,dis707
1000000708,dis708@gmail.com,dis708
1000000709,dis709@gmail.com,dis709
1000000710,dis710@gmail.com,dis710
1000000711,dis711@gmail.com,dis711
1000000712,dis712@gmail.com,dis712
1000000713,dis713@gmail.com,dis713
1000000714,dis714@gmail.com,dis714
1000000715,dis715@gmail.com,dis715
1000000716,dis716@gmail.com,dis716
1000000717,dis717@gmail.com,dis717
1000000718,dis718@gmail.com,dis718
1000000719,dis719@gmail.com,dis719
1000000720,dis720@gmail.com,dis720
1000000721,dis721@gmail.com,dis721
1000000722,dis722@gmail.com,dis722
1000000723,dis723@gmail.com,dis723
1000000724,dis724@gmail.com,dis724
1000000725,dis725@gmail.com,dis725
1000000726,dis726@gmail.com,dis726
1000000727,dis727@gmail.com,dis727
1000000728,dis728@gmail.com,dis728
1000000729,dis729@gmail.com,dis729
1000000730,dis730@gmail.com,dis730
1000000731,dis731@gmail.com,dis731
1000000732,dis732@gmail.com,dis732
1000000733,dis733@gmail.com,dis733
1000000734,dis734@gmail.com,dis734
1000000735,dis735@gmail.com,dis735
1000000736,dis736@gmail.com,dis736
1000000737,dis737@gmail.com,dis737
1000000738,dis738@gmail.com,dis738
1000000739,dis739@gmail.com,dis739
1000000740,dis740@gmail.com,dis740
1000000741,dis741@gmail.com,dis741
1000000742,dis742@gmail.com,dis742
1000000743,dis743@gmail.com,dis743
1000000744,dis744@gmail.com,dis744
1000000745,dis745@gmail.com,dis745
1000000746,dis746@gmail.com,dis746
1000000747,dis747@gmail.com,dis747
1000000748,dis748@gmail.com,dis748
1000000749,dis749@gmail.com,dis749
1000000750,dis750@gmail.com,dis750
1000000751,dis751@gmail.com,dis751
1000000752,dis752@gmail.com,dis752
1000000753,dis753@gmail.com,dis753
1000000754,dis754@gmail.com,dis754
1000000755,dis755@gmail.com,dis755
1000000756,dis756@gmail.com,dis756
1000000757,dis757@gmail.com,dis757
1000000758,dis758@gmail.com,dis758
1000000759,dis759@gmail.com,dis759
1000000760,dis760@gmail.com,dis760
1000000761,dis761@gmail.com,dis761
1000000762,dis762@gmail.com,dis762
1000000763,dis763@gmail.com,dis763
1000000764,dis764@gmail.com,dis764
1000000765,dis765@gmail.com,dis765
1000000766,dis766@gmail.com,dis766
1000000767,dis767@gmail.com,dis767
1000000768,dis768@gmail.com,dis768
1000000769,dis769@gmail.com,dis769
1000000770,dis770@gmail.com,dis770
1000000771,dis771@gmail.com,dis771
1000000772,dis772@gmail.com,dis772
1000000773,dis773@gmail.com,dis773
1000000774,dis774@gmail.com,dis774
1000000775,dis775@gmail.com,dis775
1000000776,dis776@gmail.com,dis776
1000000777,dis777@gmail.com,dis777
1000000778,dis778@gmail.com,dis778
1000000779,dis779@gmail.com,dis779
1000000780,dis780@gmail.com,dis780
1000000781,dis781@gmail.com,dis781
1000000782,dis782@gmail.com,dis782
1000000783,dis783@gmail.com,dis783
1000000784,dis784@gmail.com,dis784
1000000785,dis785@gmail.com,dis785
1000000786,dis786@gmail.com,dis786
1000000787,dis787@gmail.com,dis787
1000000788,dis788@gmail.com,dis788
1000000789,dis789@gmail.com,dis789
1000000790,dis790@gmail.com,dis790
1000000791,dis791@gmail.com,dis791
1000000792,dis792@gmail.com,dis792
1000000793,dis793@gmail.com,dis793
1000000794,dis794@gmail.com,dis794
1000000795,dis795@gmail.com,dis795
1000000796,dis796@gmail.com,dis796
1000000797,dis797@gmail.com,dis797
1000000798,dis798@gmail.com,dis798
1000000799,dis799@gmail.com,dis799
1000000800,dis800@gmail.com,dis800
1000000801,dis801@gmail.com,dis801
1000000802,dis802@gmail.com,dis802
1000000803,dis803@gmail.com,dis803
1000000804,dis804@gmail.com,dis804
1000000805,dis805@gmail.com,dis805
1000000806,dis806@gmail.com,dis806
1000000807,dis807@gmail.com,dis807
1000000808,dis808@gmail.com,dis808
1000000809,dis809@gmail.com,dis809
1000000810,dis810@gmail.com,dis810
1000000811,dis811@gmail.com,dis811
1000000812,dis812@gmail.com,dis812
1000000813,dis813@gmail.com,dis813
1000000814,dis814@gmail.com,dis814
1000000815,dis815@gmail.com,dis815
1000000816,dis816@gmail.com,dis816
1000000817,dis817@gmail.com,dis817
1000000818,dis818@gmail.com,dis818
1000000819,dis819@gmail.com,dis819
1000000820,dis820@gmail.com,dis820
1000000821,dis821@gmail.com,dis821
1000000822,dis822@gmail.com,dis822
1000000823,dis823@gmail.com,dis823
1000000824,dis824@gmail.com,dis824
1000000825,dis825@gmail.com,dis825
1000000826,dis826@gmail.com,dis826
1000000827,dis827@gmail.com,dis827
1000000828,dis828@gmail.com,dis828
1000000829,dis829@gmail.com,dis829
1000000830,dis830@gmail.com,dis830
1000000831,dis831@gmail.com,dis831
1000000832,dis832@gmail.com,dis832
1000000833,dis833@gmail.com,dis833
1000000834,dis834@gmail.com,dis834
1000000835,dis835@gmail.com,dis835
1000000836,dis836@gmail.com,dis836
1000000837,dis837@gmail.com,dis837
1000000838,dis838@gmail.com,dis838
1000000839,dis839@gmail.com,dis839
1000000840,dis840@gmail.com,dis840
1000000841,dis841@gmail.com,dis841
1000000842,dis842@gmail.com,dis842
1000000843,dis843@gmail.com,dis843
1000000844,dis844@gmail.com,dis844
1000000845,dis845@gmail.com,dis845
1000000846,dis846@gmail.com,dis846
1000000847,dis847@gmail.com,dis847
1000000848,dis848@gmail.com,dis848
1000000849,dis849@gmail.com,dis849
1000000850,dis850@gmail.com,dis850
1000000851,dis851@gmail.com,dis851
1000000852,dis852@gmail.com,dis852
1000000853,dis853@gmail.com,dis853
1000000854,dis854@gmail.com,dis854
1000000855,dis855@gmail.com,dis855
1000000856,dis856@gmail.com,dis856
1000000857,dis857@gmail.com,dis857
1000000858,dis858@gmail.com,dis858
1000000859,dis859@gmail.com,dis859
1000000860,dis860@gmail.com,dis860
1000000861,dis861@gmail.com,dis861
1000000862,dis862@gmail.com,dis862
1000000863,dis863@gmail.com,dis863
1000000864,dis864@gmail.com,dis864
1000000865,dis865@gmail.com,dis865
1000000866,dis866@gmail.com,dis866
1000000867,dis867@gmail.com,dis867
1000000868,dis868@gmail.com,dis868
1000000869,dis869@gmail.com,dis869
1000000870,dis870@gmail.com,dis870
1000000871,dis871@gmail.com,dis871
1000000872,dis872@gmail.com,dis872
1000000873,dis873@gmail.com,dis873
1000000874,dis874@gmail.com,dis874
1000000875,dis875@gmail.com,dis875
1000000876,dis876@gmail.com,dis876
1000000877,dis877@gmail.com,dis877
1000000878,dis878@gmail.com,dis878
1000000879,dis879@gmail.com,dis879
1000000880,dis880@gmail.com,dis880
1000000881,dis881@gmail.com,dis881
1000000882,dis882@gmail.com,dis882
1000000883,dis883@gmail.com,dis883
1000000884,dis884@gmail.com,dis884
1000000885,dis885@gmail.com,dis885
1000000886,dis886@gmail.com,dis886
1000000887,dis887@gmail.com,dis887
1000000888,dis888@gmail.com,dis888
1000000889,dis889@gmail.com,dis889
1000000890,dis890@gmail.com,dis890
1000000891,dis891@gmail.com,dis891
1000000892,dis892@gmail.com,dis892
1000000893,dis893@gmail.com,dis893
1000000894,dis894@gmail.com,dis894
1000000895,dis895@gmail.com,dis895
1000000896,dis896@gmail.com,dis896
1000000897,dis897@gmail.com,dis897
1000000898,dis898@gmail.com,dis898
1000000899,dis899@gmail.com,dis899
1000000900,dis900@gmail.com,dis900
1000000901,dis901@gmail.com,dis901
1000000902,dis902@gmail.com,dis902
1000000903,dis903@gmail.com,dis903
1000000904,dis904@gmail.com,dis904
1000000905,dis905@gmail.com,dis905
1000000906,dis906@gmail.com,dis906
1000000907,dis907@gmail.com,dis907
1000000908,dis908@gmail.com,dis908
1000000909,dis909@gmail.com,dis909
1000000910,dis910@gmail.com,dis910
1000000911,dis911@gmail.com,dis911
1000000912,dis912@gmail.com,dis912
1000000913,dis913@gmail.com,dis913
1000000914,dis914@gmail.com,dis914
1000000915,dis915@gmail.com,dis915
1000000916,dis916@gmail.com,dis916
1000000917,dis917@gmail.com,dis917
1000000918,dis918@gmail.com,dis918
1000000919,dis919@gmail.com,dis919
1000000920,dis920@gmail.com,dis920
1000000921,dis921@gmail.com,dis921
1000000922,dis922@gmail.com,dis922
1000000923,dis923@gmail.com,dis923
1000000924,dis924@gmail.com,dis924
1000000925,dis925@gmail.com,dis925
1000000926,dis926@gmail.com,dis926
1000000927,dis927@gmail.com,dis927
1000000928,dis928@gmail.com,dis928
1000000929,dis929@gmail.com,dis929
1000000930,dis930@gmail.com,dis930
1000000931,dis931@gmail.com,dis931
1000000932,dis932@gmail.com,dis932
1000000933,dis933@gmail.com,dis933
1000000934,dis934@gmail.com,dis934
1000000935,dis935@gmail.com,dis935
1000000936,dis936@gmail.com,dis936
1000000937,dis937@gmail.com,dis937
1000000938,dis938@gmail.com,dis938
1000000939,dis939@gmail.com,dis939
1000000940,dis940@gmail.com,dis940
1000000941,dis941@gmail.com,dis941
1000000942,dis942@gmail.com,dis942
1000000943,dis943@gmail.com,dis943
1000000944,dis944@gmail.com,dis944
1000000945,dis945@gmail.com,dis945
1000000946,dis946@gmail.com,dis946
1000000947,dis947@gmail.com,dis947
1000000948,dis948@gmail.com,dis948
1000000949,dis949@gmail.com,dis949
1000000950,dis950@gmail.com,dis950
1000000951,dis951@gmail.com,dis951
1000000952,dis952@gmail.com,dis952
1000000953,dis953@gmail.com,dis953
1000000954,dis954@gmail.com,dis954
1000000955,dis955@gmail.com,dis955
1000000956,dis956@gmail.com,dis956
1000000957,dis957@gmail.com,dis957
1000000958,dis958@gmail.com,dis958
1000000959,dis959@gmail.com,dis959
1000000960,dis960@gmail.com,dis960
1000000961,dis961@gmail.com,dis961
1000000962,dis962@gmail.com,dis962
1000000963,dis963@gmail.com,dis963
1000000964,dis964@gmail.com,dis964
1000000965,dis965@gmail.com,dis965
1000000966,dis966@gmail.com,dis966
1000000967,dis967@gmail.com,dis967
1000000968,dis968@gmail.com,dis968
1000000969,dis969@gmail.com,dis969
1000000970,dis970@gmail.com,dis970
1000000971,dis971@gmail.com,dis971
1000000972,dis972@gmail.com,dis972
1000000973,dis973@gmail.com,dis973
1000000974,dis974@gmail.com,dis974
1000000975,dis975@gmail.com,dis975
1000000976,dis976@gmail.com,dis976
1000000977,dis977@gmail.com,dis977
1000000978,dis978@gmail.com,dis978
1000000979,dis979@gmail.com,dis979
1000000980,dis980@gmail.com,dis980
1000000981,dis981@gmail.com,dis981
1000000982,dis982@gmail.com,dis982
1000000983,dis983@gmail.com,dis983
1000000984,dis984@gmail.com,dis984
1000000985,dis985@gmail.com,dis985
1000000986,dis986@gmail.com,dis986
1000000987,dis987@gmail.com,dis987
1000000988,dis988@gmail.com,dis988
1000000989,dis989@gmail.com,dis989
1000000990,dis990@gmail.com,dis990
1000000991,dis991@gmail.com,dis991
1000000992,dis992@gmail.com,dis992
1000000993,dis993@gmail.com,dis993
1000000994,dis994@gmail.com,dis994
1000000995,dis995@gmail.com,dis995
1000000996,dis996@gmail.com,dis996
1000000997,dis997@gmail.com,dis997
1000000998,dis998@gmail.com,dis998
1000000999,dis999@gmail.com,dis999
1000001000,dis1000@gmail.com,dis1000
1000001001,dis1001@gmail.com,dis1001
1000001002,dis1002@gmail.com,dis1002
1000001003,dis1003@gmail.com,dis1003
1000001004,dis1004@gmail.com,dis1004
1000001005,dis1005@gmail.com,dis1005
1000001006,dis1006@gmail.com,dis1006
1000001007,dis1007@gmail.com,dis1007
1000001008,dis1008@gmail.com,dis1008
1000001009,dis1009@gmail.com,dis1009
1000001010,dis1010@gmail.com,dis1010
1000001011,dis1011@gmail.com,dis1011
1000001012,dis1012@gmail.com,dis1012
1000001013,dis1013@gmail.com,dis1013
1000001014,dis1014@gmail.com,dis1014
1000001015,dis1015@gmail.com,dis1015
1000001016,dis1016@gmail.com,dis1016
1000001017,dis1017@gmail.com,dis1017
1000001018,dis1018@gmail.com,dis1018
1000001019,dis1019@gmail.com,dis1019
1000001020,dis1020@gmail.com,dis1020
1000001021,dis1021@gmail.com,dis1021
1000001022,dis1022@gmail.com,dis1022
1000001023,dis1023@gmail.com,dis1023
1000001024,dis1024@gmail.com,dis1024
1000001025,dis1025@gmail.com,dis1025
1000001026,dis1026@gmail.com,dis1026
1000001027,dis1027@gmail.com,dis1027
1000001028,dis1028@gmail.com,dis1028
1000001029,dis1029@gmail.com,dis1029
1000001030,dis1030@gmail.com,dis1030
1000001031,dis1031@gmail.com,dis1031
1000001032,dis1032@gmail.com,dis1032
1000001033,dis1033@gmail.com,dis1033
1000001034,dis1034@gmail.com,dis1034
1000001035,dis1035@gmail.com,dis1035
1000001036,dis1036@gmail.com,dis1036
1000001037,dis1037@gmail.com,dis1037
1000001038,dis1038@gmail.com,dis1038
1000001039,dis1039@gmail.com,dis1039
1000001040,dis1040@gmail.com,dis1040
1000001041,dis1041@gmail.com,dis1041
1000001042,dis1042@gmail.com,dis1042
1000001043,dis1043@gmail.com,dis1043
1000001044,dis1044@gmail.com,dis1044
1000001045,dis1045@gmail.com,dis1045
1000001046,dis1046@gmail.com,dis1046
1000001047,dis1047@gmail.com,dis1047
1000001048,dis1048@gmail.com,dis1048
1000001049,dis1049@gmail.com,dis1049
1000001050,dis1050@gmail.com,dis1050
1000001051,dis1051@gmail.com,dis1051
1000001052,dis1052@gmail.com,dis1052
1000001053,dis1053@gmail.com,dis1053
1000001054,dis1054@gmail.com,dis1054
1000001055,dis1055@gmail.com,dis1055
1000001056,dis1056@gmail.com,dis1056
1000001057,dis1057@gmail.com,dis1057
1000001058,dis1058@gmail.com,dis1058
1000001059,dis1059@gmail.com,dis1059
1000001060,dis1060@gmail.com,dis1060
1000001061,dis1061@gmail.com,dis1061
1000001062,dis1062@gmail.com,dis1062
1000001063,dis1063@gmail.com,dis1063
1000001064,dis1064@gmail.com,dis1064
1000001065,dis1065@gmail.com,dis1065
1000001066,dis1066@gmail.com,dis1066
1000001067,dis1067@gmail.com,dis1067
1000001068,dis1068@gmail.com,dis1068
1000001069,dis1069@gmail.com,dis1069
1000001070,dis1070@gmail.com,dis1070
1000001071,dis1071@gmail.com,dis1071
1000001072,dis1072@gmail.com,dis1072
1000001073,dis1073@gmail.com,dis1073
1000001074,dis1074@gmail.com,dis1074
1000001075,dis1075@gmail.com,dis1075
1000001076,dis1076@gmail.com,dis1076
1000001077,dis1077@gmail.com,dis1077
1000001078,dis1078@gmail.com,dis1078
1000001079,dis1079@gmail.com,dis1079
1000001080,dis1080@gmail.com,dis1080
1000001081,dis1081@gmail.com,dis1081
1000001082,dis1082@gmail.com,dis1082
1000001083,dis1083@gmail.com,dis1083
1000001084,dis1084@gmail.com,dis1084
1000001085,dis1085@gmail.com,dis1085
1000001086,dis1086@gmail.com,dis1086
1000001087,dis1087@gmail.com,dis1087
1000001088,dis1088@gmail.com,dis1088
1000001089,dis1089@gmail.com,dis1089
1000001090,dis1090@gmail.com,dis1090
1000001091,dis1091@gmail.com,dis1091
1000001092,dis1092@gmail.com,dis1092
1000001093,dis1093@gmail.com,dis1093
1000001094,dis1094@gmail.com,dis1094
1000001095,dis1095@gmail.com,dis1095
1000001096,dis1096@gmail.com,dis1096
1000001097,dis1097@gmail.com,dis1097
1000001098,dis1098@gmail.com,dis1098
1000001099,dis1099@gmail.com,dis1099
1000001100,dis1100@gmail.com,dis1100
1000001101,dis1101@gmail.com,dis1101
1000001102,dis1102@gmail.com,dis1102
1000001103,dis1103@gmail.com,dis1103
1000001104,dis1104@gmail.com,dis1104
1000001105,dis1105@gmail.com,dis1105
1000001106,dis1106@gmail.com,dis1106
1000001107,dis1107@gmail.com,dis1107
1000001108,dis1108@gmail.com,dis1108
1000001109,dis1109@gmail.com,dis1109
1000001110,dis1110@gmail.com,dis1110
1000001111,dis1111@gmail.com,dis1111
1000001112,dis1112@gmail.com,dis1112
1000001113,dis1113@gmail.com,dis1113
1000001114,dis1114@gmail.com,dis1114
1000001115,dis1115@gmail.com,dis1115
1000001116,dis1116@gmail.com,dis1116
1000001117,dis1117@gmail.com,dis1117
1000001118,dis1118@gmail.com,dis1118
1000001119,dis1119@gmail.com,dis1119
1000001120,dis1120@gmail.com,dis1120
1000001121,dis1121@gmail.com,dis1121
1000001122,dis1122@gmail.com,dis1122
1000001123,dis1123@gmail.com,dis1123
1000001124,dis1124@gmail.com,dis1124
1000001125,dis1125@gmail.com,dis1125
1000001126,dis1126@gmail.com,dis1126
1000001127,dis1127@gmail.com,dis1127
1000001128,dis1128@gmail.com,dis1128
1000001129,dis1129@gmail.com,dis1129
1000001130,dis1130@gmail.com,dis1130
1000001131,dis1131@gmail.com,dis1131
1000001132,dis1132@gmail.com,dis1132
1000001133,dis1133@gmail.com,dis1133
1000001134,dis1134@gmail.com,dis1134
1000001135,dis1135@gmail.com,dis1135
1000001136,dis1136@gmail.com,dis1136
1000001137,dis1137@gmail.com,dis1137
1000001138,dis1138@gmail.com,dis1138
1000001139,dis1139@gmail.com,dis1139
1000001140,dis1140@gmail.com,dis1140
1000001141,dis1141@gmail.com,dis1141
1000001142,dis1142@gmail.com,dis1142
1000001143,dis1143@gmail.com,dis1143
1000001144,dis1144@gmail.com,dis1144
1000001145,dis1145@gmail.com,dis1145
1000001146,dis1146@gmail.com,dis1146
1000001147,dis1147@gmail.com,dis1147
1000001148,dis1148@gmail.com,dis1148
1000001149,dis1149@gmail.com,dis1149
1000001150,dis1150@gmail.com,dis1150
1000001151,dis1151@gmail.com,dis1151
1000001152,dis1152@gmail.com,dis1152
1000001153,dis1153@gmail.com,dis1153
1000001154,dis1154@gmail.com,dis1154
1000001155,dis1155@gmail.com,dis1155
1000001156,dis1156@gmail.com,dis1156
1000001157,dis1157@gmail.com,dis1157
1000001158,dis1158@gmail.com,dis1158
1000001159,dis1159@gmail.com,dis1159
1000001160,dis1160@gmail.com,dis1160
1000001161,dis1161@gmail.com,dis1161
1000001162,dis1162@gmail.com,dis1162
1000001163,dis1163@gmail.com,dis1163
1000001164,dis1164@gmail.com,dis1164
1000001165,dis1165@gmail.com,dis1165
1000001166,dis1166@gmail.com,dis1166
1000001167,dis1167@gmail.com,dis1167
1000001168,dis1168@gmail.com,dis1168
1000001169,dis1169@gmail.com,dis1169
1000001170,dis1170@gmail.com,dis1170
1000001171,dis1171@gmail.com,dis1171
1000001172,dis1172@gmail.com,dis1172
1000001173,dis1173@gmail.com,dis1173
1000001174,dis1174@gmail.com,dis1174
1000001175,dis1175@gmail.com,dis1175
1000001176,dis1176@gmail.com,dis1176
1000001177,dis1177@gmail.com,dis1177
1000001178,dis1178@gmail.com,dis1178
1000001179,dis1179@gmail.com,dis1179
1000001180,dis1180@gmail.com,dis1180
1000001181,dis1181@gmail.com,dis1181
1000001182,dis1182@gmail.com,dis1182
1000001183,dis1183@gmail.com,dis1183
1000001184,dis1184@gmail.com,dis1184
1000001185,dis1185@gmail.com,dis1185
1000001186,dis1186@gmail.com,dis1186
1000001187,dis1187@gmail.com,dis1187
1000001188,dis1188@gmail.com,dis1188
1000001189,dis1189@gmail.com,dis1189
1000001190,dis1190@gmail.com,dis1190
1000001191,dis1191@gmail.com,dis1191
1000001192,dis1192@gmail.com,dis1192
1000001193,dis1193@gmail.com,dis1193
1000001194,dis1194@gmail.com,dis1194
1000001195,dis1195@gmail.com,dis1195
1000001196,dis1196@gmail.com,dis1196
1000001197,dis1197@gmail.com,dis1197
1000001198,dis1198@gmail.com,dis1198
1000001199,dis1199@gmail.com,dis1199
1000001200,dis1200@gmail.com,dis1200
1000001201,dis1201@gmail.com,dis1201
1000001202,dis1202@gmail.com,dis1202
1000001203,dis1203@gmail.com,dis1203
1000001204,dis1204@gmail.com,dis1204
1000001205,dis1205@gmail.com,dis1205
1000001206,dis1206@gmail.com,dis1206
1000001207,dis1207@gmail.com,dis1207
1000001208,dis1208@gmail.com,dis1208
1000001209,dis1209@gmail.com,dis1209
1000001210,dis1210@gmail.com,dis1210
1000001211,dis1211@gmail.com,dis1211
1000001212,dis1212@gmail.com,dis1212
1000001213,dis1213@gmail.com,dis1213
1000001214,dis1214@gmail.com,dis1214
1000001215,dis1215@gmail.com,dis1215
1000001216,dis1216@gmail.com,dis1216
1000001217,dis1217@gmail.com,dis1217
1000001218,dis1218@gmail.com,dis1218
1000001219,dis1219@gmail.com,dis1219
1000001220,dis1220@gmail.com,dis1220
1000001221,dis1221@gmail.com,dis1221
1000001222,dis1222@gmail.com,dis1222
1000001223,dis1223@gmail.com,dis1223
1000001224,dis1224@gmail.com,dis1224
1000001225,dis1225@gmail.com,dis1225
1000001226,dis1226@gmail.com,dis1226
1000001227,dis1227@gmail.com,dis1227
1000001228,dis1228@gmail.com,dis1228
1000001229,dis1229@gmail.com,dis1229
1000001230,dis1230@gmail.com,dis1230
1000001231,dis1231@gmail.com,dis1231
1000001232,dis1232@gmail.com,dis1232
1000001233,dis1233@gmail.com,dis1233
1000001234,dis1234@gmail.com,dis1234
1000001235,dis1235@gmail.com,dis1235
1000001236,dis1236@gmail.com,dis1236
1000001237,dis1237@gmail.com,dis1237
1000001238,dis1238@gmail.com,dis1238
1000001239,dis1239@gmail.com,dis1239
1000001240,dis1240@gmail.com,dis1240
1000001241,dis1241@gmail.com,dis1241
1000001242,dis1242@gmail.com,dis1242
1000001243,dis1243@gmail.com,dis1243
1000001244,dis1244@gmail.com,dis1244
1000001245,dis1245@gmail.com,dis1245
1000001246,dis1246@gmail.com,dis1246
1000001247,dis1247@gmail.com,dis1247
1000001248,dis1248@gmail.com,dis1248
1000001249,dis1249@gmail.com,dis1249
1000001250,dis1250@gmail.com,dis1250
1000001251,dis1251@gmail.com,dis1251
1000001252,dis1252@gmail.com,dis1252
1000001253,dis1253@gmail.com,dis1253
1000001254,dis1254@gmail.com,dis1254
1000001255,dis1255@gmail.com,dis1255
1000001256,dis1256@gmail.com,dis1256
1000001257,dis1257@gmail.com,dis1257
1000001258,dis1258@gmail.com,dis1258
1000001259,dis1259@gmail.com,dis1259
1000001260,dis1260@gmail.com,dis1260
1000001261,dis1261@gmail.com,dis1261
1000001262,dis1262@gmail.com,dis1262
1000001263,dis1263@gmail.com,dis1263
1000001264,dis1264@gmail.com,dis1264
1000001265,dis1265@gmail.com,dis1265
1000001266,dis1266@gmail.com,dis1266
1000001267,dis1267@gmail.com,dis1267
1000001268,dis1268@gmail.com,dis1268
1000001269,dis1269@gmail.com,dis1269
1000001270,dis1270@gmail.com,dis1270
1000001271,dis1271@gmail.com,dis1271
1000001272,dis1272@gmail.com,dis1272
1000001273,dis1273@gmail.com,dis1273
1000001274,dis1274@gmail.com,dis1274
1000001275,dis1275@gmail.com,dis1275
1000001276,dis1276@gmail.com,dis1276
1000001277,dis1277@gmail.com,dis1277
1000001278,dis1278@gmail.com,dis1278
1000001279,dis1279@gmail.com,dis1279
1000001280,dis1280@gmail.com,dis1280
1000001281,dis1281@gmail.com,dis1281
1000001282,dis1282@gmail.com,dis1282
1000001283,dis1283@gmail.com,dis1283
1000001284,dis1284@gmail.com,dis1284
1000001285,dis1285@gmail.com,dis1285
1000001286,dis1286@gmail.com,dis1286
1000001287,dis1287@gmail.com,dis1287
1000001288,dis1288@gmail.com,dis1288
1000001289,dis1289@gmail.com,dis1289
1000001290,dis1290@gmail.com,dis1290
1000001291,dis1291@gmail.com,dis1291
1000001292,dis1292@gmail.com,dis1292
1000001293,dis1293@gmail.com,dis1293
1000001294,dis1294@gmail.com,dis1294
1000001295,dis1295@gmail.com,dis1295
1000001296,dis1296@gmail.com,dis1296
1000001297,dis1297@gmail.com,dis1297
1000001298,dis1298@gmail.com,dis1298
1000001299,dis1299@gmail.com,dis1299
1000001300,dis1300@gmail.com,dis1300
1000001301,dis1301@gmail.com,dis1301
1000001302,dis1302@gmail.com,dis1302
1000001303,dis1303@gmail.com,dis1303
1000001304,dis1304@gmail.com,dis1304
1000001305,dis1305@gmail.com,dis1305
1000001306,dis1306@gmail.com,dis1306
1000001307,dis1307@gmail.com,dis1307
1000001308,dis1308@gmail.com,dis1308
1000001309,dis1309@gmail.com,dis1309
1000001310,dis1310@gmail.com,dis1310
1000001311,dis1311@gmail.com,dis1311
1000001312,dis1312@gmail.com,dis1312
1000001313,dis1313@gmail.com,dis1313
1000001314,dis1314@gmail.com,dis1314
1000001315,dis1315@gmail.com,dis1315
1000001316,dis1316@gmail.com,dis1316
1000001317,dis1317@gmail.com,dis1317
1000001318,dis1318@gmail.com,dis1318
1000001319,dis1319@gmail.com,dis1319
1000001320,dis1320@gmail.com,dis1320
1000001321,dis1321@gmail.com,dis1321
1000001322,dis1322@gmail.com,dis1322
1000001323,dis1323@gmail.com,dis1323
1000001324,dis1324@gmail.com,dis1324
1000001325,dis1325@gmail.com,dis1325
1000001326,dis1326@gmail.com,dis1326
1000001327,dis1327@gmail.com,dis1327
1000001328,dis1328@gmail.com,dis1328
1000001329,dis1329@gmail.com,dis1329
1000001330,dis1330@gmail.com,dis1330
1000001331,dis1331@gmail.com,dis1331
1000001332,dis1332@gmail.com,dis1332
1000001333,dis1333@gmail.com,dis1333
1000001334,dis1334@gmail.com,dis1334
1000001335,dis1335@gmail.com,dis1335
1000001336,dis1336@gmail.com,dis1336
1000001337,dis1337@gmail.com,dis1337
1000001338,dis1338@gmail.com,dis1338
1000001339,dis1339@gmail.com,dis1339
1000001340,dis1340@gmail.com,dis1340
1000001341,dis1341@gmail.com,dis1341
1000001342,dis1342@gmail.com,dis1342
1000001343,dis1343@gmail.com,dis1343
1000001344,dis1344@gmail.com,dis1344
1000001345,dis1345@gmail.com,dis1345
1000001346,dis1346@gmail.com,dis1346
1000001347,dis1347@gmail.com,dis1347
1000001348,dis1348@gmail.com,dis1348
1000001349,dis1349@gmail.com,dis1349
1000001350,dis1350@gmail.com,dis1350
1000001351,dis1351@gmail.com,dis1351
1000001352,dis1352@gmail.com,dis1352
1000001353,dis1353@gmail.com,dis1353
1000001354,dis1354@gmail.com,dis1354
1000001355,dis1355@gmail.com,dis1355
1000001356,dis1356@gmail.com,dis1356
1000001357,dis1357@gmail.com,dis1357
1000001358,dis1358@gmail.com,dis1358
1000001359,dis1359@gmail.com,dis1359
1000001360,dis1360@gmail.com,dis1360
1000001361,dis1361@gmail.com,dis1361
1000001362,dis1362@gmail.com,dis1362
1000001363,dis1363@gmail.com,dis1363
1000001364,dis1364@gmail.com,dis1364
1000001365,dis1365@gmail.com,dis1365
1000001366,dis1366@gmail.com,dis1366
1000001367,dis1367@gmail.com,dis1367
1000001368,dis1368@gmail.com,dis1368
1000001369,dis1369@gmail.com,dis1369
1000001370,dis1370@gmail.com,dis1370
1000001371,dis1371@gmail.com,dis1371
1000001372,dis1372@gmail.com,dis1372
1000001373,dis1373@gmail.com,dis1373
1000001374,dis1374@gmail.com,dis1374
1000001375,dis1375@gmail.com,dis1375
1000001376,dis1376@gmail.com,dis1376
1000001377,dis1377@gmail.com,dis1377
1000001378,dis1378@gmail.com,dis1378
1000001379,dis1379@gmail.com,dis1379
1000001380,dis1380@gmail.com,dis1380
1000001381,dis1381@gmail.com,dis1381
1000001382,dis1382@gmail.com,dis1382
1000001383,dis1383@gmail.com,dis1383
1000001384,dis1384@gmail.com,dis1384
1000001385,dis1385@gmail.com,dis1385
1000001386,dis1386@gmail.com,dis1386
1000001387,dis1387@gmail.com,dis1387
1000001388,dis1388@gmail.com,dis1388
1000001389,dis1389@gmail.com,dis1389
1000001390,dis1390@gmail.com,dis1390
1000001391,dis1391@gmail.com,dis1391
1000001392,dis1392@gmail.com,dis1392
1000001393,dis1393@gmail.com,dis1393
1000001394,dis1394@gmail.com,dis1394
1000001395,dis1395@gmail.com,dis1395
1000001396,dis1396@gmail.com,dis1396
1000001397,dis1397@gmail.com,dis1397
1000001398,dis1398@gmail.com,dis1398
1000001399,dis1399@gmail.com,dis1399
1000001400,dis1400@gmail.com,dis1400
1000001401,dis1401@gmail.com,dis1401
1000001402,dis1402@gmail.com,dis1402
1000001403,dis1403@gmail.com,dis1403
1000001404,dis1404@gmail.com,dis1404
1000001405,dis1405@gmail.com,dis1405
1000001406,dis1406@gmail.com,dis1406
1000001407,dis1407@gmail.com,dis1407
1000001408,dis1408@gmail.com,dis1408
1000001409,dis1409@gmail.com,dis1409
1000001410,dis1410@gmail.com,dis1410
1000001411,dis1411@gmail.com,dis1411
1000001412,dis1412@gmail.com,dis1412
1000001413,dis1413@gmail.com,dis1413
1000001414,dis1414@gmail.com,dis1414
1000001415,dis1415@gmail.com,dis1415
1000001416,dis1416@gmail.com,dis1416
1000001417,dis1417@gmail.com,dis1417
1000001418,dis1418@gmail.com,dis1418
1000001419,dis1419@gmail.com,dis1419
1000001420,dis1420@gmail.com,dis1420
1000001421,dis1421@gmail.com,dis1421
1000001422,dis1422@gmail.com,dis1422
1000001423,dis1423@gmail.com,dis1423
1000001424,dis1424@gmail.com,dis1424
1000001425,dis1425@gmail.com,dis1425
1000001426,dis1426@gmail.com,dis1426
1000001427,dis1427@gmail.com,dis1427
1000001428,dis1428@gmail.com,dis1428
1000001429,dis1429@gmail.com,dis1429
1000001430,dis1430@gmail.com,dis1430
1000001431,dis1431@gmail.com,dis1431
1000001432,dis1432@gmail.com,dis1432
1000001433,dis1433@gmail.com,dis1433
1000001434,dis1434@gmail.com,dis1434
1000001435,dis1435@gmail.com,dis1435
1000001436,dis1436@gmail.com,dis1436
1000001437,dis1437@gmail.com,dis1437
1000001438,dis1438@gmail.com,dis1438
1000001439,dis1439@gmail.com,dis1439
1000001440,dis1440@gmail.com,dis1440
1000001441,dis1441@gmail.com,dis1441
1000001442,dis1442@gmail.com,dis1442
1000001443,dis1443@gmail.com,dis1443
1000001444,dis1444@gmail.com,dis1444
1000001445,dis1445@gmail.com,dis1445
1000001446,dis1446@gmail.com,dis1446
1000001447,dis1447@gmail.com,dis1447
1000001448,dis1448@gmail.com,dis1448
1000001449,dis1449@gmail.com,dis1449
1000001450,dis1450@gmail.com,dis1450
1000001451,dis1451@gmail.com,dis1451
1000001452,dis1452@gmail.com,dis1452
1000001453,dis1453@gmail.com,dis1453
1000001454,dis1454@gmail.com,dis1454
1000001455,dis1455@gmail.com,dis1455
1000001456,dis1456@gmail.com,dis1456
1000001457,dis1457@gmail.com,dis1457
1000001458,dis1458@gmail.com,dis1458
1000001459,dis1459@gmail.com,dis1459
1000001460,dis1460@gmail.com,dis1460
1000001461,dis1461@gmail.com,dis1461
1000001462,dis1462@gmail.com,dis1462
1000001463,dis1463@gmail.com,dis1463
1000001464,dis1464@gmail.com,dis1464
1000001465,dis1465@gmail.com,dis1465
1000001466,dis1466@gmail.com,dis1466
1000001467,dis1467@gmail.com,dis1467
1000001468,dis1468@gmail.com,dis1468
1000001469,dis1469@gmail.com,dis1469
1000001470,dis1470@gmail.com,dis1470
1000001471,dis1471@gmail.com,dis1471
1000001472,dis1472@gmail.com,dis1472
1000001473,dis1473@gmail.com,dis1473
1000001474,dis1474@gmail.com,dis1474
1000001475,dis1475@gmail.com,dis1475
1000001476,dis1476@gmail.com,dis1476
1000001477,dis1477@gmail.com,dis1477
1000001478,dis1478@gmail.com,dis1478
1000001479,dis1479@gmail.com,dis1479
1000001480,dis1480@gmail.com,dis1480
1000001481,dis1481@gmail.com,dis1481
1000001482,dis1482@gmail.com,dis1482
1000001483,dis1483@gmail.com,dis1483
1000001484,dis1484@gmail.com,dis1484
1000001485,dis1485@gmail.com,dis1485
1000001486,dis1486@gmail.com,dis1486
1000001487,dis1487@gmail.com,dis1487
1000001488,dis1488@gmail.com,dis1488
1000001489,dis1489@gmail.com,dis1489
1000001490,dis1490@gmail.com,dis1490
1000001491,dis1491@gmail.com,dis1491
1000001492,dis1492@gmail.com,dis1492
1000001493,dis1493@gmail.com,dis1493
1000001494,dis1494@gmail.com,dis1494
1000001495,dis1495@gmail.com,dis1495
1000001496,dis1496@gmail.com,dis1496
1000001497,dis1497@gmail.com,dis1497
1000001498,dis1498@gmail.com,dis1498
1000001499,dis1499@gmail.com,dis1499
1000001500,dis1500@gmail.com,dis1500
1000001501,dis1501@gmail.com,dis1501
1000001502,dis1502@gmail.com,dis1502
1000001503,dis1503@gmail.com,dis1503
1000001504,dis1504@gmail.com,dis1504
1000001505,dis1505@gmail.com,dis1505
1000001506,dis1506@gmail.com,dis1506
1000001507,dis1507@gmail.com,dis1507
1000001508,dis1508@gmail.com,dis1508
1000001509,dis1509@gmail.com,dis1509
1000001510,dis1510@gmail.com,dis1510
1000001511,dis1511@gmail.com,dis1511
1000001512,dis1512@gmail.com,dis1512
1000001513,dis1513@gmail.com,dis1513
1000001514,dis1514@gmail.com,dis1514
1000001515,dis1515@gmail.com,dis1515
1000001516,dis1516@gmail.com,dis1516
1000001517,dis1517@gmail.com,dis1517
1000001518,dis1518@gmail.com,dis1518
1000001519,dis1519@gmail.com,dis1519
1000001520,dis1520@gmail.com,dis1520
1000001521,dis1521@gmail.com,dis1521
1000001522,dis1522@gmail.com,dis1522
1000001523,dis1523@gmail.com,dis1523
1000001524,dis1524@gmail.com,dis1524
1000001525,dis1525@gmail.com,dis1525
1000001526,dis1526@gmail.com,dis1526
1000001527,dis1527@gmail.com,dis1527
1000001528,dis1528@gmail.com,dis1528
1000001529,dis1529@gmail.com,dis1529
1000001530,dis1530@gmail.com,dis1530
1000001531,dis1531@gmail.com,dis1531
1000001532,dis1532@gmail.com,dis1532
1000001533,dis1533@gmail.com,dis1533
1000001534,dis1534@gmail.com,dis1534
1000001535,dis1535@gmail.com,dis1535
1000001536,dis1536@gmail.com,dis1536
1000001537,dis1537@gmail.com,dis1537
1000001538,dis1538@gmail.com,dis1538
1000001539,dis1539@gmail.com,dis1539
1000001540,dis1540@gmail.com,dis1540
1000001541,dis1541@gmail.com,dis1541
1000001542,dis1542@gmail.com,dis1542
1000001543,dis1543@gmail.com,dis1543
1000001544,dis1544@gmail.com,dis1544
1000001545,dis1545@gmail.com,dis1545
1000001546,dis1546@gmail.com,dis1546
1000001547,dis1547@gmail.com,dis1547
1000001548,dis1548@gmail.com,dis1548
1000001549,dis1549@gmail.com,dis1549
1000001550,dis1550@gmail.com,dis1550
1000001551,dis1551@gmail.com,dis1551
1000001552,dis1552@gmail.com,dis1552
1000001553,dis1553@gmail.com,dis1553
1000001554,dis1554@gmail.com,dis1554
1000001555,dis1555@gmail.com,dis1555
1000001556,dis1556@gmail.com,dis1556
1000001557,dis1557@gmail.com,dis1557
1000001558,dis1558@gmail.com,dis1558
1000001559,dis1559@gmail.com,dis1559
1000001560,dis1560@gmail.com,dis1560
1000001561,dis1561@gmail.com,dis1561
1000001562,dis1562@gmail.com,dis1562
1000001563,dis1563@gmail.com,dis1563
1000001564,dis1564@gmail.com,dis1564
1000001565,dis1565@gmail.com,dis1565
1000001566,dis1566@gmail.com,dis1566
1000001567,dis1567@gmail.com,dis1567
1000001568,dis1568@gmail.com,dis1568
1000001569,dis1569@gmail.com,dis1569
1000001570,dis1570@gmail.com,dis1570
1000001571,dis1571@gmail.com,dis1571
1000001572,dis1572@gmail.com,dis1572
1000001573,dis1573@gmail.com,dis1573
1000001574,dis1574@gmail.com,dis1574
1000001575,dis1575@gmail.com,dis1575
1000001576,dis1576@gmail.com,dis1576
1000001577,dis1577@gmail.com,dis1577
1000001578,dis1578@gmail.com,dis1578
1000001579,dis1579@gmail.com,dis1579
1000001580,dis1580@gmail.com,dis1580
1000001581,dis1581@gmail.com,dis1581
1000001582,dis1582@gmail.com,dis1582
1000001583,dis1583@gmail.com,dis1583
1000001584,dis1584@gmail.com,dis1584
1000001585,dis1585@gmail.com,dis1585
1000001586,dis1586@gmail.com,dis1586
1000001587,dis1587@gmail.com,dis1587
1000001588,dis1588@gmail.com,dis1588
1000001589,dis1589@gmail.com,dis1589
1000001590,dis1590@gmail.com,dis1590
1000001591,dis1591@gmail.com,dis1591
1000001592,dis1592@gmail.com,dis1592
1000001593,dis1593@gmail.com,dis1593
1000001594,dis1594@gmail.com,dis1594
1000001595,dis1595@gmail.com,dis1595
1000001596,dis1596@gmail.com,dis1596
1000001597,dis1597@gmail.com,dis1597
1000001598,dis1598@gmail.com,dis1598
1000001599,dis1599@gmail.com,dis1599
1000001600,dis1600@gmail.com,dis1600
1000001601,dis1601@gmail.com,dis1601
1000001602,dis1602@gmail.com,dis1602
1000001603,dis1603@gmail.com,dis1603
1000001604,dis1604@gmail.com,dis1604
1000001605,dis1605@gmail.com,dis1605
1000001606,dis1606@gmail.com,dis1606
1000001607,dis1607@gmail.com,dis1607
1000001608,dis1608@gmail.com,dis1608
1000001609,dis1609@gmail.com,dis1609
1000001610,dis1610@gmail.com,dis1610
1000001611,dis1611@gmail.com,dis1611
1000001612,dis1612@gmail.com,dis1612
1000001613,dis1613@gmail.com,dis1613
1000001614,dis1614@gmail.com,dis1614
1000001615,dis1615@gmail.com,dis1615
1000001616,dis1616@gmail.com,dis1616
1000001617,dis1617@gmail.com,dis1617
1000001618,dis1618@gmail.com,dis1618
1000001619,dis1619@gmail.com,dis1619
1000001620,dis1620@gmail.com,dis1620
1000001621,dis1621@gmail.com,dis1621
1000001622,dis1622@gmail.com,dis1622
1000001623,dis1623@gmail.com,dis1623
1000001624,dis1624@gmail.com,dis1624
1000001625,dis1625@gmail.com,dis1625
1000001626,dis1626@gmail.com,dis1626
1000001627,dis1627@gmail.com,dis1627
1000001628,dis1628@gmail.com,dis1628
1000001629,dis1629@gmail.com,dis1629
1000001630,dis1630@gmail.com,dis1630
1000001631,dis1631@gmail.com,dis1631
1000001632,dis1632@gmail.com,dis1632
1000001633,dis1633@gmail.com,dis1633
1000001634,dis1634@gmail.com,dis1634
1000001635,dis1635@gmail.com,dis1635
1000001636,dis1636@gmail.com,dis1636
1000001637,dis1637@gmail.com,dis1637
1000001638,dis1638@gmail.com,dis1638
1000001639,dis1639@gmail.com,dis1639
1000001640,dis1640@gmail.com,dis1640
1000001641,dis1641@gmail.com,dis1641
1000001642,dis1642@gmail.com,dis1642
1000001643,dis1643@gmail.com,dis1643
1000001644,dis1644@gmail.com,dis1644
1000001645,dis1645@gmail.com,dis1645
1000001646,dis1646@gmail.com,dis1646
1000001647,dis1647@gmail.com,dis1647
1000001648,dis1648@gmail.com,dis1648
1000001649,dis1649@gmail.com,dis1649
1000001650,dis1650@gmail.com,dis1650
1000001651,dis1651@gmail.com,dis1651
1000001652,dis1652@gmail.com,dis1652
1000001653,dis1653@gmail.com,dis1653
1000001654,dis1654@gmail.com,dis1654
1000001655,dis1655@gmail.com,dis1655
1000001656,dis1656@gmail.com,dis1656
1000001657,dis1657@gmail.com,dis1657
1000001658,dis1658@gmail.com,dis1658
1000001659,dis1659@gmail.com,dis1659
1000001660,dis1660@gmail.com,dis1660
1000001661,dis1661@gmail.com,dis1661
1000001662,dis1662@gmail.com,dis1662
1000001663,dis1663@gmail.com,dis1663
1000001664,dis1664@gmail.com,dis1664
1000001665,dis1665@gmail.com,dis1665
1000001666,dis1666@gmail.com,dis1666
1000001667,dis1667@gmail.com,dis1667
1000001668,dis1668@gmail.com,dis1668
1000001669,dis1669@gmail.com,dis1669
1000001670,dis1670@gmail.com,dis1670
1000001671,dis1671@gmail.com,dis1671
1000001672,dis1672@gmail.com,dis1672
1000001673,dis1673@gmail.com,dis1673
1000001674,dis1674@gmail.com,dis1674
1000001675,dis1675@gmail.com,dis1675
1000001676,dis1676@gmail.com,dis1676
1000001677,dis1677@gmail.com,dis1677
1000001678,dis1678@gmail.com,dis1678
1000001679,dis1679@gmail.com,dis1679
1000001680,dis1680@gmail.com,dis1680
1000001681,dis1681@gmail.com,dis1681
1000001682,dis1682@gmail.com,dis1682
1000001683,dis1683@gmail.com,dis1683
1000001684,dis1684@gmail.com,dis1684
1000001685,dis1685@gmail.com,dis1685
1000001686,dis1686@gmail.com,dis1686
1000001687,dis1687@gmail.com,dis1687
1000001688,dis1688@gmail.com,dis1688
1000001689,dis1689@gmail.com,dis1689
1000001690,dis1690@gmail.com,dis1690
1000001691,dis1691@gmail.com,dis1691
1000001692,dis1692@gmail.com,dis1692
1000001693,dis1693@gmail.com,dis1693
1000001694,dis1694@gmail.com,dis1694
1000001695,dis1695@gmail.com,dis1695
1000001696,dis1696@gmail.com,dis1696
1000001697,dis1697@gmail.com,dis1697
1000001698,dis1698@gmail.com,dis1698
1000001699,dis1699@gmail.com,dis1699
1000001700,dis1700@gmail.com,dis1700
1000001701,dis1701@gmail.com,dis1701
1000001702,dis1702@gmail.com,dis1702
1000001703,dis1703@gmail.com,dis1703
1000001704,dis1704@gmail.com,dis1704
1000001705,dis1705@gmail.com,dis1705
1000001706,dis1706@gmail.com,dis1706
1000001707,dis1707@gmail.com,dis1707
1000001708,dis1708@gmail.com,dis1708
1000001709,dis1709@gmail.com,dis1709
1000001710,dis1710@gmail.com,dis1710
1000001711,dis1711@gmail.com,dis1711
1000001712,dis1712@gmail.com,dis1712
1000001713,dis1713@gmail.com,dis1713
1000001714,dis1714@gmail.com,dis1714
1000001715,dis1715@gmail.com,dis1715
1000001716,dis1716@gmail.com,dis1716
1000001717,dis1717@gmail.com,dis1717
1000001718,dis1718@gmail.com,dis1718
1000001719,dis1719@gmail.com,dis1719
1000001720,dis1720@gmail.com,dis1720
1000001721,dis1721@gmail.com,dis1721
1000001722,dis1722@gmail.com,dis1722
1000001723,dis1723@gmail.com,dis1723
1000001724,dis1724@gmail.com,dis1724
1000001725,dis1725@gmail.com,dis1725
1000001726,dis1726@gmail.com,dis1726
1000001727,dis1727@gmail.com,dis1727
1000001728,dis1728@gmail.com,dis1728
1000001729,dis1729@gmail.com,dis1729
1000001730,dis1730@gmail.com,dis1730
1000001731,dis1731@gmail.com,dis1731
1000001732,dis1732@gmail.com,dis1732
1000001733,dis1733@gmail.com,dis1733
1000001734,dis1734@gmail.com,dis1734
1000001735,dis1735@gmail.com,dis1735
1000001736,dis1736@gmail.com,dis1736
1000001737,dis1737@gmail.com,dis1737
1000001738,dis1738@gmail.com,dis1738
1000001739,dis1739@gmail.com,dis1739
1000001740,dis1740@gmail.com,dis1740
1000001741,dis1741@gmail.com,dis1741
1000001742,dis1742@gmail.com,dis1742
1000001743,dis1743@gmail.com,dis1743
1000001744,dis1744@gmail.com,dis1744
1000001745,dis1745@gmail.com,dis1745
1000001746,dis1746@gmail.com,dis1746
1000001747,dis1747@gmail.com,dis1747
1000001748,dis1748@gmail.com,dis1748
1000001749,dis1749@gmail.com,dis1749
1000001750,dis1750@gmail.com,dis1750
1000001751,dis1751@gmail.com,dis1751
1000001752,dis1752@gmail.com,dis1752
1000001753,dis1753@gmail.com,dis1753
1000001754,dis1754@gmail.com,dis1754
1000001755,dis1755@gmail.com,dis1755
1000001756,dis1756@gmail.com,dis1756
1000001757,dis1757@gmail.com,dis1757
1000001758,dis1758@gmail.com,dis1758
1000001759,dis1759@gmail.com,dis1759
1000001760,dis1760@gmail.com,dis1760
1000001761,dis1761@gmail.com,dis1761
1000001762,dis1762@gmail.com,dis1762
1000001763,dis1763@gmail.com,dis1763
1000001764,dis1764@gmail.com,dis1764
1000001765,dis1765@gmail.com,dis1765
1000001766,dis1766@gmail.com,dis1766
1000001767,dis1767@gmail.com,dis1767
1000001768,dis1768@gmail.com,dis1768
1000001769,dis1769@gmail.com,dis1769
1000001770,dis1770@gmail.com,dis1770
1000001771,dis1771@gmail.com,dis1771
1000001772,dis1772@gmail.com,dis1772
1000001773,dis1773@gmail.com,dis1773
1000001774,dis1774@gmail.com,dis1774
1000001775,dis1775@gmail.com,dis1775
1000001776,dis1776@gmail.com,dis1776
1000001777,dis1777@gmail.com,dis1777
1000001778,dis1778@gmail.com,dis1778
1000001779,dis1779@gmail.com,dis1779
1000001780,dis1780@gmail.com,dis1780
1000001781,dis1781@gmail.com,dis1781
1000001782,dis1782@gmail.com,dis1782
1000001783,dis1783@gmail.com,dis1783
1000001784,dis1784@gmail.com,dis1784
1000001785,dis1785@gmail.com,dis1785
1000001786,dis1786@gmail.com,dis1786
1000001787,dis1787@gmail.com,dis1787
1000001788,dis1788@gmail.com,dis1788
1000001789,dis1789@gmail.com,dis1789
1000001790,dis1790@gmail.com,dis1790
1000001791,dis1791@gmail.com,dis1791
1000001792,dis1792@gmail.com,dis1792
1000001793,dis1793@gmail.com,dis1793
1000001794,dis1794@gmail.com,dis1794
1000001795,dis1795@gmail.com,dis1795
1000001796,dis1796@gmail.com,dis1796
1000001797,dis1797@gmail.com,dis1797
1000001798,dis1798@gmail.com,dis1798
1000001799,dis1799@gmail.com,dis1799
1000001800,dis1800@gmail.com,dis1800
1000001801,dis1801@gmail.com,dis1801
1000001802,dis1802@gmail.com,dis1802
1000001803,dis1803@gmail.com,dis1803
1000001804,dis1804@gmail.com,dis1804
1000001805,dis1805@gmail.com,dis1805
1000001806,dis1806@gmail.com,dis1806
1000001807,dis1807@gmail.com,dis1807
1000001808,dis1808@gmail.com,dis1808
1000001809,dis1809@gmail.com,dis1809
1000001810,dis1810@gmail.com,dis1810
1000001811,dis1811@gmail.com,dis1811
1000001812,dis1812@gmail.com,dis1812
1000001813,dis1813@gmail.com,dis1813
1000001814,dis1814@gmail.com,dis1814
1000001815,dis1815@gmail.com,dis1815
1000001816,dis1816@gmail.com,dis1816
1000001817,dis1817@gmail.com,dis1817
1000001818,dis1818@gmail.com,dis1818
1000001819,dis1819@gmail.com,dis1819
1000001820,dis1820@gmail.com,dis1820
1000001821,dis1821@gmail.com,dis1821
1000001822,dis1822@gmail.com,dis1822
1000001823,dis1823@gmail.com,dis1823
1000001824,dis1824@gmail.com,dis1824
1000001825,dis1825@gmail.com,dis1825
1000001826,dis1826@gmail.com,dis1826
1000001827,dis1827@gmail.com,dis1827
1000001828,dis1828@gmail.com,dis1828
1000001829,dis1829@gmail.com,dis1829
1000001830,dis1830@gmail.com,dis1830
1000001831,dis1831@gmail.com,dis1831
1000001832,dis1832@gmail.com,dis1832
1000001833,dis1833@gmail.com,dis1833
1000001834,dis1834@gmail.com,dis1834
1000001835,dis1835@gmail.com,dis1835
1000001836,dis1836@gmail.com,dis1836
1000001837,dis1837@gmail.com,dis1837
1000001838,dis1838@gmail.com,dis1838
1000001839,dis1839@gmail.com,dis1839
1000001840,dis1840@gmail.com,dis1840
1000001841,dis1841@gmail.com,dis1841
1000001842,dis1842@gmail.com,dis1842
1000001843,dis1843@gmail.com,dis1843
1000001844,dis1844@gmail.com,dis1844
1000001845,dis1845@gmail.com,dis1845
1000001846,dis1846@gmail.com,dis1846
1000001847,dis1847@gmail.com,dis1847
1000001848,dis1848@gmail.com,dis1848
1000001849,dis1849@gmail.com,dis1849
1000001850,dis1850@gmail.com,dis1850
1000001851,dis1851@gmail.com,dis1851
1000001852,dis1852@gmail.com,dis1852
1000001853,dis1853@gmail.com,dis1853
1000001854,dis1854@gmail.com,dis1854
1000001855,dis1855@gmail.com,dis1855
1000001856,dis1856@gmail.com,dis1856
1000001857,dis1857@gmail.com,dis1857
1000001858,dis1858@gmail.com,dis1858
1000001859,dis1859@gmail.com,dis1859
1000001860,dis1860@gmail.com,dis1860
1000001861,dis1861@gmail.com,dis1861
1000001862,dis1862@gmail.com,dis1862
1000001863,dis1863@gmail.com,dis1863
1000001864,dis1864@gmail.com,dis1864
1000001865,dis1865@gmail.com,dis1865
1000001866,dis1866@gmail.com,dis1866
1000001867,dis1867@gmail.com,dis1867
1000001868,dis1868@gmail.com,dis1868
1000001869,dis1869@gmail.com,dis1869
1000001870,dis1870@gmail.com,dis1870
1000001871,dis1871@gmail.com,dis1871
1000001872,dis1872@gmail.com,dis1872
1000001873,dis1873@gmail.com,dis1873
1000001874,dis1874@gmail.com,dis1874
1000001875,dis1875@gmail.com,dis1875
1000001876,dis1876@gmail.com,dis1876
1000001877,dis1877@gmail.com,dis1877
1000001878,dis1878@gmail.com,dis1878
1000001879,dis1879@gmail.com,dis1879
1000001880,dis1880@gmail.com,dis1880
1000001881,dis1881@gmail.com,dis1881
1000001882,dis1882@gmail.com,dis1882
1000001883,dis1883@gmail.com,dis1883
1000001884,dis1884@gmail.com,dis1884
1000001885,dis1885@gmail.com,dis1885
1000001886,dis1886@gmail.com,dis1886
1000001887,dis1887@gmail.com,dis1887
1000001888,dis1888@gmail.com,dis1888
1000001889,dis1889@gmail.com,dis1889
1000001890,dis1890@gmail.com,dis1890
1000001891,dis1891@gmail.com,dis1891
1000001892,dis1892@gmail.com,dis1892
1000001893,dis1893@gmail.com,dis1893
1000001894,dis1894@gmail.com,dis1894
1000001895,dis1895@gmail.com,dis1895
1000001896,dis1896@gmail.com,dis1896
1000001897,dis1897@gmail.com,dis1897
1000001898,dis1898@gmail.com,dis1898
1000001899,dis1899@gmail.com,dis1899
1000001900,dis1900@gmail.com,dis1900
1000001901,dis1901@gmail.com,dis1901
1000001902,dis1902@gmail.com,dis1902
1000001903,dis1903@gmail.com,dis1903
1000001904,dis1904@gmail.com,dis1904
1000001905,dis1905@gmail.com,dis1905
1000001906,dis1906@gmail.com,dis1906
1000001907,dis1907@gmail.com,dis1907
1000001908,dis1908@gmail.com,dis1908
1000001909,dis1909@gmail.com,dis1909
1000001910,dis1910@gmail.com,dis1910
1000001911,dis1911@gmail.com,dis1911
1000001912,dis1912@gmail.com,dis1912
1000001913,dis1913@gmail.com,dis1913
1000001914,dis1914@gmail.com,dis1914
1000001915,dis1915@gmail.com,dis1915
1000001916,dis1916@gmail.com,dis1916
1000001917,dis1917@gmail.com,dis1917
1000001918,dis1918@gmail.com,dis1918
1000001919,dis1919@gmail.com,dis1919
1000001920,dis1920@gmail.com,dis1920
1000001921,dis1921@gmail.com,dis1921
1000001922,dis1922@gmail.com,dis1922
1000001923,dis1923@gmail.com,dis1923
1000001924,dis1924@gmail.com,dis1924
1000001925,dis1925@gmail.com,dis1925
1000001926,dis1926@gmail.com,dis1926
1000001927,dis1927@gmail.com,dis1927
1000001928,dis1928@gmail.com,dis1928
1000001929,dis1929@gmail.com,dis1929
1000001930,dis1930@gmail.com,dis1930
1000001931,dis1931@gmail.com,dis1931
1000001932,dis1932@gmail.com,dis1932
1000001933,dis1933@gmail.com,dis1933
1000001934,dis1934@gmail.com,dis1934
1000001935,dis1935@gmail.com,dis1935
1000001936,dis1936@gmail.com,dis1936
1000001937,dis1937@gmail.com,dis1937
1000001938,dis1938@gmail.com,dis1938
1000001939,dis1939@gmail.com,dis1939
1000001940,dis1940@gmail.com,dis1940
1000001941,dis1941@gmail.com,dis1941
1000001942,dis1942@gmail.com,dis1942
1000001943,dis1943@gmail.com,dis1943
1000001944,dis1944@gmail.com,dis1944
1000001945,dis1945@gmail.com,dis1945
1000001946,dis1946@gmail.com,dis1946
1000001947,dis1947@gmail.com,dis1947
1000001948,dis1948@gmail.com,dis1948
1000001949,dis1949@gmail.com,dis1949
1000001950,dis1950@gmail.com,dis1950
1000001951,dis1951@gmail.com,dis1951
1000001952,dis1952@gmail.com,dis1952
1000001953,dis1953@gmail.com,dis1953
1000001954,dis1954@gmail.com,dis1954
1000001955,dis1955@gmail.com,dis1955
1000001956,dis1956@gmail.com,dis1956
1000001957,dis1957@gmail.com,dis1957
1000001958,dis1958@gmail.com,dis1958
1000001959,dis1959@gmail.com,dis1959
1000001960,dis1960@gmail.com,dis1960
1000001961,dis1961@gmail.com,dis1961
1000001962,dis1962@gmail.com,dis1962
1000001963,dis1963@gmail.com,dis1963
1000001964,dis1964@gmail.com,dis1964
1000001965,dis1965@gmail.com,dis1965
1000001966,dis1966@gmail.com,dis1966
1000001967,dis1967@gmail.com,dis1967
1000001968,dis1968@gmail.com,dis1968
1000001969,dis1969@gmail.com,dis1969
1000001970,dis1970@gmail.com,dis1970
1000001971,dis1971@gmail.com,dis1971
1000001972,dis1972@gmail.com,dis1972
1000001973,dis1973@gmail.com,dis1973
1000001974,dis1974@gmail.com,dis1974
1000001975,dis1975@gmail.com,dis1975
1000001976,dis1976@gmail.com,dis1976
1000001977,dis1977@gmail.com,dis1977
1000001978,dis1978@gmail.com,dis1978
1000001979,dis1979@gmail.com,dis1979
1000001980,dis1980@gmail.com,dis1980
1000001981,dis1981@gmail.com,dis1981
1000001982,dis1982@gmail.com,dis1982
1000001983,dis1983@gmail.com,dis1983
1000001984,dis1984@gmail.com,dis1984
1000001985,dis1985@gmail.com,dis1985
1000001986,dis1986@gmail.com,dis1986
1000001987,dis1987@gmail.com,dis1987
1000001988,dis1988@gmail.com,dis1988
1000001989,dis1989@gmail.com,dis1989
1000001990,dis1990@gmail.com,dis1990
1000001991,dis1991@gmail.com,dis1991
1000001992,dis1992@gmail.com,dis1992
1000001993,dis1993@gmail.com,dis1993
1000001994,dis1994@gmail.com,dis1994
1000001995,dis1995@gmail.com,dis1995
1000001996,dis1996@gmail.com,dis1996
1000001997,dis1997@gmail.com,dis1997
1000001998,dis1998@gmail.com,dis1998
1000001999,dis1999@gmail.com,dis1999
1000002000,dis2000@gmail.com,dis2000
