codigo,componente
propuesta1,juguete1
propuesta2,juguete2
propuesta3,juguete3
propuesta4,juguete4
propuesta5,juguete5
propuesta6,juguete6
propuesta7,juguete7
propuesta8,juguete8
propuesta9,juguete9
propuesta10,juguete10
propuesta11,juguete11
propuesta12,juguete12
propuesta13,juguete13
propuesta14,juguete14
propuesta15,juguete15
propuesta16,juguete16
propuesta17,juguete17
propuesta18,juguete18
propuesta19,juguete19
propuesta20,juguete20
propuesta21,juguete21
propuesta22,juguete22
propuesta23,juguete23
propuesta24,juguete24
propuesta25,juguete25
propuesta26,juguete26
propuesta27,juguete27
propuesta28,juguete28
propuesta29,juguete29
propuesta30,juguete30
propuesta31,juguete31
propuesta32,juguete32
propuesta33,juguete33
propuesta34,juguete34
propuesta35,juguete35
propuesta36,juguete36
propuesta37,juguete37
propuesta38,juguete38
propuesta39,juguete39
propuesta40,juguete40
propuesta41,juguete41
propuesta42,juguete42
propuesta43,juguete43
propuesta44,juguete44
propuesta45,juguete45
propuesta46,juguete46
propuesta47,juguete47
propuesta48,juguete48
propuesta49,juguete49
propuesta50,juguete50
propuesta51,juguete51
propuesta52,juguete52
propuesta53,juguete53
propuesta54,juguete54
propuesta55,juguete55
propuesta56,juguete56
propuesta57,juguete57
propuesta58,juguete58
propuesta59,juguete59
propuesta60,juguete60
propuesta61,juguete61
propuesta62,juguete62
propuesta63,juguete63
propuesta64,juguete64
propuesta65,juguete65
propuesta66,juguete66
propuesta67,juguete67
propuesta68,juguete68
propuesta69,juguete69
propuesta70,juguete70
propuesta71,juguete71
propuesta72,juguete72
propuesta73,juguete73
propuesta74,juguete74
propuesta75,juguete75
propuesta76,juguete76
propuesta77,juguete77
propuesta78,juguete78
propuesta79,juguete79
propuesta80,juguete80
propuesta81,juguete81
propuesta82,juguete82
propuesta83,juguete83
propuesta84,juguete84
propuesta85,juguete85
propuesta86,juguete86
propuesta87,juguete87
propuesta88,juguete88
propuesta89,juguete89
propuesta90,juguete90
propuesta91,juguete91
propuesta92,juguete92
propuesta93,juguete93
propuesta94,juguete94
propuesta95,juguete95
propuesta96,juguete96
propuesta97,juguete97
propuesta98,juguete98
propuesta99,juguete99
propuesta100,juguete100
propuesta101,juguete101
propuesta102,juguete102
propuesta103,juguete103
propuesta104,juguete104
propuesta105,juguete105
propuesta106,juguete106
propuesta107,juguete107
propuesta108,juguete108
propuesta109,juguete109
propuesta110,juguete110
propuesta111,juguete111
propuesta112,juguete112
propuesta113,juguete113
propuesta114,juguete114
propuesta115,juguete115
propuesta116,juguete116
propuesta117,juguete117
propuesta118,juguete118
propuesta119,juguete119
propuesta120,juguete120
propuesta121,juguete121
propuesta122,juguete122
propuesta123,juguete123
propuesta124,juguete124
propuesta125,juguete125
propuesta126,juguete126
propuesta127,juguete127
propuesta128,juguete128
propuesta129,juguete129
propuesta130,juguete130
propuesta131,juguete131
propuesta132,juguete132
propuesta133,juguete133
propuesta134,juguete134
propuesta135,juguete135
propuesta136,juguete136
propuesta137,juguete137
propuesta138,juguete138
propuesta139,juguete139
propuesta140,juguete140
propuesta141,juguete141
propuesta142,juguete142
propuesta143,juguete143
propuesta144,juguete144
propuesta145,juguete145
propuesta146,juguete146
propuesta147,juguete147
propuesta148,juguete148
propuesta149,juguete149
propuesta150,juguete150
propuesta151,juguete151
propuesta152,juguete152
propuesta153,juguete153
propuesta154,juguete154
propuesta155,juguete155
propuesta156,juguete156
propuesta157,juguete157
propuesta158,juguete158
propuesta159,juguete159
propuesta160,juguete160
propuesta161,juguete161
propuesta162,juguete162
propuesta163,juguete163
propuesta164,juguete164
propuesta165,juguete165
propuesta166,juguete166
propuesta167,juguete167
propuesta168,juguete168
propuesta169,juguete169
propuesta170,juguete170
propuesta171,juguete171
propuesta172,juguete172
propuesta173,juguete173
propuesta174,juguete174
propuesta175,juguete175
propuesta176,juguete176
propuesta177,juguete177
propuesta178,juguete178
propuesta179,juguete179
propuesta180,juguete180
propuesta181,juguete181
propuesta182,juguete182
propuesta183,juguete183
propuesta184,juguete184
propuesta185,juguete185
propuesta186,juguete186
propuesta187,juguete187
propuesta188,juguete188
propuesta189,juguete189
propuesta190,juguete190
propuesta191,juguete191
propuesta192,juguete192
propuesta193,juguete193
propuesta194,juguete194
propuesta195,juguete195
propuesta196,juguete196
propuesta197,juguete197
propuesta198,juguete198
propuesta199,juguete199
propuesta200,juguete200
propuesta201,juguete201
propuesta202,juguete202
propuesta203,juguete203
propuesta204,juguete204
propuesta205,juguete205
propuesta206,juguete206
propuesta207,juguete207
propuesta208,juguete208
propuesta209,juguete209
propuesta210,juguete210
propuesta211,juguete211
propuesta212,juguete212
propuesta213,juguete213
propuesta214,juguete214
propuesta215,juguete215
propuesta216,juguete216
propuesta217,juguete217
propuesta218,juguete218
propuesta219,juguete219
propuesta220,juguete220
propuesta221,juguete221
propuesta222,juguete222
propuesta223,juguete223
propuesta224,juguete224
propuesta225,juguete225
propuesta226,juguete226
propuesta227,juguete227
propuesta228,juguete228
propuesta229,juguete229
propuesta230,juguete230
propuesta231,juguete231
propuesta232,juguete232
propuesta233,juguete233
propuesta234,juguete234
propuesta235,juguete235
propuesta236,juguete236
propuesta237,juguete237
propuesta238,juguete238
propuesta239,juguete239
propuesta240,juguete240
propuesta241,juguete241
propuesta242,juguete242
propuesta243,juguete243
propuesta244,juguete244
propuesta245,juguete245
propuesta246,juguete246
propuesta247,juguete247
propuesta248,juguete248
propuesta249,juguete249
propuesta250,juguete250
propuesta251,juguete251
propuesta252,juguete252
propuesta253,juguete253
propuesta254,juguete254
propuesta255,juguete255
propuesta256,juguete256
propuesta257,juguete257
propuesta258,juguete258
propuesta259,juguete259
propuesta260,juguete260
propuesta261,juguete261
propuesta262,juguete262
propuesta263,juguete263
propuesta264,juguete264
propuesta265,juguete265
propuesta266,juguete266
propuesta267,juguete267
propuesta268,juguete268
propuesta269,juguete269
propuesta270,juguete270
propuesta271,juguete271
propuesta272,juguete272
propuesta273,juguete273
propuesta274,juguete274
propuesta275,juguete275
propuesta276,juguete276
propuesta277,juguete277
propuesta278,juguete278
propuesta279,juguete279
propuesta280,juguete280
propuesta281,juguete281
propuesta282,juguete282
propuesta283,juguete283
propuesta284,juguete284
propuesta285,juguete285
propuesta286,juguete286
propuesta287,juguete287
propuesta288,juguete288
propuesta289,juguete289
propuesta290,juguete290
propuesta291,juguete291
propuesta292,juguete292
propuesta293,juguete293
propuesta294,juguete294
propuesta295,juguete295
propuesta296,juguete296
propuesta297,juguete297
propuesta298,juguete298
propuesta299,juguete299
propuesta300,juguete300
propuesta301,juguete301
propuesta302,juguete302
propuesta303,juguete303
propuesta304,juguete304
propuesta305,juguete305
propuesta306,juguete306
propuesta307,juguete307
propuesta308,juguete308
propuesta309,juguete309
propuesta310,juguete310
propuesta311,juguete311
propuesta312,juguete312
propuesta313,juguete313
propuesta314,juguete314
propuesta315,juguete315
propuesta316,juguete316
propuesta317,juguete317
propuesta318,juguete318
propuesta319,juguete319
propuesta320,juguete320
propuesta321,juguete321
propuesta322,juguete322
propuesta323,juguete323
propuesta324,juguete324
propuesta325,juguete325
propuesta326,juguete326
propuesta327,juguete327
propuesta328,juguete328
propuesta329,juguete329
propuesta330,juguete330
propuesta331,juguete331
propuesta332,juguete332
propuesta333,juguete333
propuesta334,juguete334
propuesta335,juguete335
propuesta336,juguete336
propuesta337,juguete337
propuesta338,juguete338
propuesta339,juguete339
propuesta340,juguete340
propuesta341,juguete341
propuesta342,juguete342
propuesta343,juguete343
propuesta344,juguete344
propuesta345,juguete345
propuesta346,juguete346
propuesta347,juguete347
propuesta348,juguete348
propuesta349,juguete349
propuesta350,juguete350
propuesta351,juguete351
propuesta352,juguete352
propuesta353,juguete353
propuesta354,juguete354
propuesta355,juguete355
propuesta356,juguete356
propuesta357,juguete357
propuesta358,juguete358
propuesta359,juguete359
propuesta360,juguete360
propuesta361,juguete361
propuesta362,juguete362
propuesta363,juguete363
propuesta364,juguete364
propuesta365,juguete365
propuesta366,juguete366
propuesta367,juguete367
propuesta368,juguete368
propuesta369,juguete369
propuesta370,juguete370
propuesta371,juguete371
propuesta372,juguete372
propuesta373,juguete373
propuesta374,juguete374
propuesta375,juguete375
propuesta376,juguete376
propuesta377,juguete377
propuesta378,juguete378
propuesta379,juguete379
propuesta380,juguete380
propuesta381,juguete381
propuesta382,juguete382
propuesta383,juguete383
propuesta384,juguete384
propuesta385,juguete385
propuesta386,juguete386
propuesta387,juguete387
propuesta388,juguete388
propuesta389,juguete389
propuesta390,juguete390
propuesta391,juguete391
propuesta392,juguete392
propuesta393,juguete393
propuesta394,juguete394
propuesta395,juguete395
propuesta396,juguete396
propuesta397,juguete397
propuesta398,juguete398
propuesta399,juguete399
propuesta400,juguete400
propuesta401,juguete401
propuesta402,juguete402
propuesta403,juguete403
propuesta404,juguete404
propuesta405,juguete405
propuesta406,juguete406
propuesta407,juguete407
propuesta408,juguete408
propuesta409,juguete409
propuesta410,juguete410
propuesta411,juguete411
propuesta412,juguete412
propuesta413,juguete413
propuesta414,juguete414
propuesta415,juguete415
propuesta416,juguete416
propuesta417,juguete417
propuesta418,juguete418
propuesta419,juguete419
propuesta420,juguete420
propuesta421,juguete421
propuesta422,juguete422
propuesta423,juguete423
propuesta424,juguete424
propuesta425,juguete425
propuesta426,juguete426
propuesta427,juguete427
propuesta428,juguete428
propuesta429,juguete429
propuesta430,juguete430
propuesta431,juguete431
propuesta432,juguete432
propuesta433,juguete433
propuesta434,juguete434
propuesta435,juguete435
propuesta436,juguete436
propuesta437,juguete437
propuesta438,juguete438
propuesta439,juguete439
propuesta440,juguete440
propuesta441,juguete441
propuesta442,juguete442
propuesta443,juguete443
propuesta444,juguete444
propuesta445,juguete445
propuesta446,juguete446
propuesta447,juguete447
propuesta448,juguete448
propuesta449,juguete449
propuesta450,juguete450
propuesta451,juguete451
propuesta452,juguete452
propuesta453,juguete453
propuesta454,juguete454
propuesta455,juguete455
propuesta456,juguete456
propuesta457,juguete457
propuesta458,juguete458
propuesta459,juguete459
propuesta460,juguete460
propuesta461,juguete461
propuesta462,juguete462
propuesta463,juguete463
propuesta464,juguete464
propuesta465,juguete465
propuesta466,juguete466
propuesta467,juguete467
propuesta468,juguete468
propuesta469,juguete469
propuesta470,juguete470
propuesta471,juguete471
propuesta472,juguete472
propuesta473,juguete473
propuesta474,juguete474
propuesta475,juguete475
propuesta476,juguete476
propuesta477,juguete477
propuesta478,juguete478
propuesta479,juguete479
propuesta480,juguete480
propuesta481,juguete481
propuesta482,juguete482
propuesta483,juguete483
propuesta484,juguete484
propuesta485,juguete485
propuesta486,juguete486
propuesta487,juguete487
propuesta488,juguete488
propuesta489,juguete489
propuesta490,juguete490
propuesta491,juguete491
propuesta492,juguete492
propuesta493,juguete493
propuesta494,juguete494
propuesta495,juguete495
propuesta496,juguete496
propuesta497,juguete497
propuesta498,juguete498
propuesta499,juguete499
propuesta500,juguete500
propuesta501,juguete501
propuesta502,juguete502
propuesta503,juguete503
propuesta504,juguete504
propuesta505,juguete505
propuesta506,juguete506
propuesta507,juguete507
propuesta508,juguete508
propuesta509,juguete509
propuesta510,juguete510
propuesta511,juguete511
propuesta512,juguete512
propuesta513,juguete513
propuesta514,juguete514
propuesta515,juguete515
propuesta516,juguete516
propuesta517,juguete517
propuesta518,juguete518
propuesta519,juguete519
propuesta520,juguete520
propuesta521,juguete521
propuesta522,juguete522
propuesta523,juguete523
propuesta524,juguete524
propuesta525,juguete525
propuesta526,juguete526
propuesta527,juguete527
propuesta528,juguete528
propuesta529,juguete529
propuesta530,juguete530
propuesta531,juguete531
propuesta532,juguete532
propuesta533,juguete533
propuesta534,juguete534
propuesta535,juguete535
propuesta536,juguete536
propuesta537,juguete537
propuesta538,juguete538
propuesta539,juguete539
propuesta540,juguete540
propuesta541,juguete541
propuesta542,juguete542
propuesta543,juguete543
propuesta544,juguete544
propuesta545,juguete545
propuesta546,juguete546
propuesta547,juguete547
propuesta548,juguete548
propuesta549,juguete549
propuesta550,juguete550
propuesta551,juguete551
propuesta552,juguete552
propuesta553,juguete553
propuesta554,juguete554
propuesta555,juguete555
propuesta556,juguete556
propuesta557,juguete557
propuesta558,juguete558
propuesta559,juguete559
propuesta560,juguete560
propuesta561,juguete561
propuesta562,juguete562
propuesta563,juguete563
propuesta564,juguete564
propuesta565,juguete565
propuesta566,juguete566
propuesta567,juguete567
propuesta568,juguete568
propuesta569,juguete569
propuesta570,juguete570
propuesta571,juguete571
propuesta572,juguete572
propuesta573,juguete573
propuesta574,juguete574
propuesta575,juguete575
propuesta576,juguete576
propuesta577,juguete577
propuesta578,juguete578
propuesta579,juguete579
propuesta580,juguete580
propuesta581,juguete581
propuesta582,juguete582
propuesta583,juguete583
propuesta584,juguete584
propuesta585,juguete585
propuesta586,juguete586
propuesta587,juguete587
propuesta588,juguete588
propuesta589,juguete589
propuesta590,juguete590
propuesta591,juguete591
propuesta592,juguete592
propuesta593,juguete593
propuesta594,juguete594
propuesta595,juguete595
propuesta596,juguete596
propuesta597,juguete597
propuesta598,juguete598
propuesta599,juguete599
propuesta600,juguete600
propuesta601,juguete601
propuesta602,juguete602
propuesta603,juguete603
propuesta604,juguete604
propuesta605,juguete605
propuesta606,juguete606
propuesta607,juguete607
propuesta608,juguete608
propuesta609,juguete609
propuesta610,juguete610
propuesta611,juguete611
propuesta612,juguete612
propuesta613,juguete613
propuesta614,juguete614
propuesta615,juguete615
propuesta616,juguete616
propuesta617,juguete617
propuesta618,juguete618
propuesta619,juguete619
propuesta620,juguete620
propuesta621,juguete621
propuesta622,juguete622
propuesta623,juguete623
propuesta624,juguete624
propuesta625,juguete625
propuesta626,juguete626
propuesta627,juguete627
propuesta628,juguete628
propuesta629,juguete629
propuesta630,juguete630
propuesta631,juguete631
propuesta632,juguete632
propuesta633,juguete633
propuesta634,juguete634
propuesta635,juguete635
propuesta636,juguete636
propuesta637,juguete637
propuesta638,juguete638
propuesta639,juguete639
propuesta640,juguete640
propuesta641,juguete641
propuesta642,juguete642
propuesta643,juguete643
propuesta644,juguete644
propuesta645,juguete645
propuesta646,juguete646
propuesta647,juguete647
propuesta648,juguete648
propuesta649,juguete649
propuesta650,juguete650
propuesta651,juguete651
propuesta652,juguete652
propuesta653,juguete653
propuesta654,juguete654
propuesta655,juguete655
propuesta656,juguete656
propuesta657,juguete657
propuesta658,juguete658
propuesta659,juguete659
propuesta660,juguete660
propuesta661,juguete661
propuesta662,juguete662
propuesta663,juguete663
propuesta664,juguete664
propuesta665,juguete665
propuesta666,juguete666
propuesta667,juguete667
propuesta668,juguete668
propuesta669,juguete669
propuesta670,juguete670
propuesta671,juguete671
propuesta672,juguete672
propuesta673,juguete673
propuesta674,juguete674
propuesta675,juguete675
propuesta676,juguete676
propuesta677,juguete677
propuesta678,juguete678
propuesta679,juguete679
propuesta680,juguete680
propuesta681,juguete681
propuesta682,juguete682
propuesta683,juguete683
propuesta684,juguete684
propuesta685,juguete685
propuesta686,juguete686
propuesta687,juguete687
propuesta688,juguete688
propuesta689,juguete689
propuesta690,juguete690
propuesta691,juguete691
propuesta692,juguete692
propuesta693,juguete693
propuesta694,juguete694
propuesta695,juguete695
propuesta696,juguete696
propuesta697,juguete697
propuesta698,juguete698
propuesta699,juguete699
propuesta700,juguete700
propuesta701,juguete701
propuesta702,juguete702
propuesta703,juguete703
propuesta704,juguete704
propuesta705,juguete705
propuesta706,juguete706
propuesta707,juguete707
propuesta708,juguete708
propuesta709,juguete709
propuesta710,juguete710
propuesta711,juguete711
propuesta712,juguete712
propuesta713,juguete713
propuesta714,juguete714
propuesta715,juguete715
propuesta716,juguete716
propuesta717,juguete717
propuesta718,juguete718
propuesta719,juguete719
propuesta720,juguete720
propuesta721,juguete721
propuesta722,juguete722
propuesta723,juguete723
propuesta724,juguete724
propuesta725,juguete725
propuesta726,juguete726
propuesta727,juguete727
propuesta728,juguete728
propuesta729,juguete729
propuesta730,juguete730
propuesta731,juguete731
propuesta732,juguete732
propuesta733,juguete733
propuesta734,juguete734
propuesta735,juguete735
propuesta736,juguete736
propuesta737,juguete737
propuesta738,juguete738
propuesta739,juguete739
propuesta740,juguete740
propuesta741,juguete741
propuesta742,juguete742
propuesta743,juguete743
propuesta744,juguete744
propuesta745,juguete745
propuesta746,juguete746
propuesta747,juguete747
propuesta748,juguete748
propuesta749,juguete749
propuesta750,juguete750
propuesta751,juguete751
propuesta752,juguete752
propuesta753,juguete753
propuesta754,juguete754
propuesta755,juguete755
propuesta756,juguete756
propuesta757,juguete757
propuesta758,juguete758
propuesta759,juguete759
propuesta760,juguete760
propuesta761,juguete761
propuesta762,juguete762
propuesta763,juguete763
propuesta764,juguete764
propuesta765,juguete765
propuesta766,juguete766
propuesta767,juguete767
propuesta768,juguete768
propuesta769,juguete769
propuesta770,juguete770
propuesta771,juguete771
propuesta772,juguete772
propuesta773,juguete773
propuesta774,juguete774
propuesta775,juguete775
propuesta776,juguete776
propuesta777,juguete777
propuesta778,juguete778
propuesta779,juguete779
propuesta780,juguete780
propuesta781,juguete781
propuesta782,juguete782
propuesta783,juguete783
propuesta784,juguete784
propuesta785,juguete785
propuesta786,juguete786
propuesta787,juguete787
propuesta788,juguete788
propuesta789,juguete789
propuesta790,juguete790
propuesta791,juguete791
propuesta792,juguete792
propuesta793,juguete793
propuesta794,juguete794
propuesta795,juguete795
propuesta796,juguete796
propuesta797,juguete797
propuesta798,juguete798
propuesta799,juguete799
propuesta800,juguete800
propuesta801,juguete801
propuesta802,juguete802
propuesta803,juguete803
propuesta804,juguete804
propuesta805,juguete805
propuesta806,juguete806
propuesta807,juguete807
propuesta808,juguete808
propuesta809,juguete809
propuesta810,juguete810
propuesta811,juguete811
propuesta812,juguete812
propuesta813,juguete813
propuesta814,juguete814
propuesta815,juguete815
propuesta816,juguete816
propuesta817,juguete817
propuesta818,juguete818
propuesta819,juguete819
propuesta820,juguete820
propuesta821,juguete821
propuesta822,juguete822
propuesta823,juguete823
propuesta824,juguete824
propuesta825,juguete825
propuesta826,juguete826
propuesta827,juguete827
propuesta828,juguete828
propuesta829,juguete829
propuesta830,juguete830
propuesta831,juguete831
propuesta832,juguete832
propuesta833,juguete833
propuesta834,juguete834
propuesta835,juguete835
propuesta836,juguete836
propuesta837,juguete837
propuesta838,juguete838
propuesta839,juguete839
propuesta840,juguete840
propuesta841,juguete841
propuesta842,juguete842
propuesta843,juguete843
propuesta844,juguete844
propuesta845,juguete845
propuesta846,juguete846
propuesta847,juguete847
propuesta848,juguete848
propuesta849,juguete849
propuesta850,juguete850
propuesta851,juguete851
propuesta852,juguete852
propuesta853,juguete853
propuesta854,juguete854
propuesta855,juguete855
propuesta856,juguete856
propuesta857,juguete857
propuesta858,juguete858
propuesta859,juguete859
propuesta860,juguete860
propuesta861,juguete861
propuesta862,juguete862
propuesta863,juguete863
propuesta864,juguete864
propuesta865,juguete865
propuesta866,juguete866
propuesta867,juguete867
propuesta868,juguete868
propuesta869,juguete869
propuesta870,juguete870
propuesta871,juguete871
propuesta872,juguete872
propuesta873,juguete873
propuesta874,juguete874
propuesta875,juguete875
propuesta876,juguete876
propuesta877,juguete877
propuesta878,juguete878
propuesta879,juguete879
propuesta880,juguete880
propuesta881,juguete881
propuesta882,juguete882
propuesta883,juguete883
propuesta884,juguete884
propuesta885,juguete885
propuesta886,juguete886
propuesta887,juguete887
propuesta888,juguete888
propuesta889,juguete889
propuesta890,juguete890
propuesta891,juguete891
propuesta892,juguete892
propuesta893,juguete893
propuesta894,juguete894
propuesta895,juguete895
propuesta896,juguete896
propuesta897,juguete897
propuesta898,juguete898
propuesta899,juguete899
propuesta900,juguete900
propuesta901,juguete901
propuesta902,juguete902
propuesta903,juguete903
propuesta904,juguete904
propuesta905,juguete905
propuesta906,juguete906
propuesta907,juguete907
propuesta908,juguete908
propuesta909,juguete909
propuesta910,juguete910
propuesta911,juguete911
propuesta912,juguete912
propuesta913,juguete913
propuesta914,juguete914
propuesta915,juguete915
propuesta916,juguete916
propuesta917,juguete917
propuesta918,juguete918
propuesta919,juguete919
propuesta920,juguete920
propuesta921,juguete921
propuesta922,juguete922
propuesta923,juguete923
propuesta924,juguete924
propuesta925,juguete925
propuesta926,juguete926
propuesta927,juguete927
propuesta928,juguete928
propuesta929,juguete929
propuesta930,juguete930
propuesta931,juguete931
propuesta932,juguete932
propuesta933,juguete933
propuesta934,juguete934
propuesta935,juguete935
propuesta936,juguete936
propuesta937,juguete937
propuesta938,juguete938
propuesta939,juguete939
propuesta940,juguete940
propuesta941,juguete941
propuesta942,juguete942
propuesta943,juguete943
propuesta944,juguete944
propuesta945,juguete945
propuesta946,juguete946
propuesta947,juguete947
propuesta948,juguete948
propuesta949,juguete949
propuesta950,juguete950
propuesta951,juguete951
propuesta952,juguete952
propuesta953,juguete953
propuesta954,juguete954
propuesta955,juguete955
propuesta956,juguete956
propuesta957,juguete957
propuesta958,juguete958
propuesta959,juguete959
propuesta960,juguete960
propuesta961,juguete961
propuesta962,juguete962
propuesta963,juguete963
propuesta964,juguete964
propuesta965,juguete965
propuesta966,juguete966
propuesta967,juguete967
propuesta968,juguete968
propuesta969,juguete969
propuesta970,juguete970
propuesta971,juguete971
propuesta972,juguete972
propuesta973,juguete973
propuesta974,juguete974
propuesta975,juguete975
propuesta976,juguete976
propuesta977,juguete977
propuesta978,juguete978
propuesta979,juguete979
propuesta980,juguete980
propuesta981,juguete981
propuesta982,juguete982
propuesta983,juguete983
propuesta984,juguete984
propuesta985,juguete985
propuesta986,juguete986
propuesta987,juguete987
propuesta988,juguete988
propuesta989,juguete989
propuesta990,juguete990
propuesta991,juguete991
propuesta992,juguete992
propuesta993,juguete993
propuesta994,juguete994
propuesta995,juguete995
propuesta996,juguete996
propuesta997,juguete997
propuesta998,juguete998
propuesta999,juguete999
propuesta1000,juguete1000
propuesta1001,juguete1001
propuesta1002,juguete1002
propuesta1003,juguete1003
propuesta1004,juguete1004
propuesta1005,juguete1005
propuesta1006,juguete1006
propuesta1007,juguete1007
propuesta1008,juguete1008
propuesta1009,juguete1009
propuesta1010,juguete1010
propuesta1011,juguete1011
propuesta1012,juguete1012
propuesta1013,juguete1013
propuesta1014,juguete1014
propuesta1015,juguete1015
propuesta1016,juguete1016
propuesta1017,juguete1017
propuesta1018,juguete1018
propuesta1019,juguete1019
propuesta1020,juguete1020
propuesta1021,juguete1021
propuesta1022,juguete1022
propuesta1023,juguete1023
propuesta1024,juguete1024
propuesta1025,juguete1025
propuesta1026,juguete1026
propuesta1027,juguete1027
propuesta1028,juguete1028
propuesta1029,juguete1029
propuesta1030,juguete1030
propuesta1031,juguete1031
propuesta1032,juguete1032
propuesta1033,juguete1033
propuesta1034,juguete1034
propuesta1035,juguete1035
propuesta1036,juguete1036
propuesta1037,juguete1037
propuesta1038,juguete1038
propuesta1039,juguete1039
propuesta1040,juguete1040
propuesta1041,juguete1041
propuesta1042,juguete1042
propuesta1043,juguete1043
propuesta1044,juguete1044
propuesta1045,juguete1045
propuesta1046,juguete1046
propuesta1047,juguete1047
propuesta1048,juguete1048
propuesta1049,juguete1049
propuesta1050,juguete1050
propuesta1051,juguete1051
propuesta1052,juguete1052
propuesta1053,juguete1053
propuesta1054,juguete1054
propuesta1055,juguete1055
propuesta1056,juguete1056
propuesta1057,juguete1057
propuesta1058,juguete1058
propuesta1059,juguete1059
propuesta1060,juguete1060
propuesta1061,juguete1061
propuesta1062,juguete1062
propuesta1063,juguete1063
propuesta1064,juguete1064
propuesta1065,juguete1065
propuesta1066,juguete1066
propuesta1067,juguete1067
propuesta1068,juguete1068
propuesta1069,juguete1069
propuesta1070,juguete1070
propuesta1071,juguete1071
propuesta1072,juguete1072
propuesta1073,juguete1073
propuesta1074,juguete1074
propuesta1075,juguete1075
propuesta1076,juguete1076
propuesta1077,juguete1077
propuesta1078,juguete1078
propuesta1079,juguete1079
propuesta1080,juguete1080
propuesta1081,juguete1081
propuesta1082,juguete1082
propuesta1083,juguete1083
propuesta1084,juguete1084
propuesta1085,juguete1085
propuesta1086,juguete1086
propuesta1087,juguete1087
propuesta1088,juguete1088
propuesta1089,juguete1089
propuesta1090,juguete1090
propuesta1091,juguete1091
propuesta1092,juguete1092
propuesta1093,juguete1093
propuesta1094,juguete1094
propuesta1095,juguete1095
propuesta1096,juguete1096
propuesta1097,juguete1097
propuesta1098,juguete1098
propuesta1099,juguete1099
propuesta1100,juguete1100
propuesta1101,juguete1101
propuesta1102,juguete1102
propuesta1103,juguete1103
propuesta1104,juguete1104
propuesta1105,juguete1105
propuesta1106,juguete1106
propuesta1107,juguete1107
propuesta1108,juguete1108
propuesta1109,juguete1109
propuesta1110,juguete1110
propuesta1111,juguete1111
propuesta1112,juguete1112
propuesta1113,juguete1113
propuesta1114,juguete1114
propuesta1115,juguete1115
propuesta1116,juguete1116
propuesta1117,juguete1117
propuesta1118,juguete1118
propuesta1119,juguete1119
propuesta1120,juguete1120
propuesta1121,juguete1121
propuesta1122,juguete1122
propuesta1123,juguete1123
propuesta1124,juguete1124
propuesta1125,juguete1125
propuesta1126,juguete1126
propuesta1127,juguete1127
propuesta1128,juguete1128
propuesta1129,juguete1129
propuesta1130,juguete1130
propuesta1131,juguete1131
propuesta1132,juguete1132
propuesta1133,juguete1133
propuesta1134,juguete1134
propuesta1135,juguete1135
propuesta1136,juguete1136
propuesta1137,juguete1137
propuesta1138,juguete1138
propuesta1139,juguete1139
propuesta1140,juguete1140
propuesta1141,juguete1141
propuesta1142,juguete1142
propuesta1143,juguete1143
propuesta1144,juguete1144
propuesta1145,juguete1145
propuesta1146,juguete1146
propuesta1147,juguete1147
propuesta1148,juguete1148
propuesta1149,juguete1149
propuesta1150,juguete1150
propuesta1151,juguete1151
propuesta1152,juguete1152
propuesta1153,juguete1153
propuesta1154,juguete1154
propuesta1155,juguete1155
propuesta1156,juguete1156
propuesta1157,juguete1157
propuesta1158,juguete1158
propuesta1159,juguete1159
propuesta1160,juguete1160
propuesta1161,juguete1161
propuesta1162,juguete1162
propuesta1163,juguete1163
propuesta1164,juguete1164
propuesta1165,juguete1165
propuesta1166,juguete1166
propuesta1167,juguete1167
propuesta1168,juguete1168
propuesta1169,juguete1169
propuesta1170,juguete1170
propuesta1171,juguete1171
propuesta1172,juguete1172
propuesta1173,juguete1173
propuesta1174,juguete1174
propuesta1175,juguete1175
propuesta1176,juguete1176
propuesta1177,juguete1177
propuesta1178,juguete1178
propuesta1179,juguete1179
propuesta1180,juguete1180
propuesta1181,juguete1181
propuesta1182,juguete1182
propuesta1183,juguete1183
propuesta1184,juguete1184
propuesta1185,juguete1185
propuesta1186,juguete1186
propuesta1187,juguete1187
propuesta1188,juguete1188
propuesta1189,juguete1189
propuesta1190,juguete1190
propuesta1191,juguete1191
propuesta1192,juguete1192
propuesta1193,juguete1193
propuesta1194,juguete1194
propuesta1195,juguete1195
propuesta1196,juguete1196
propuesta1197,juguete1197
propuesta1198,juguete1198
propuesta1199,juguete1199
propuesta1200,juguete1200
propuesta1201,juguete1201
propuesta1202,juguete1202
propuesta1203,juguete1203
propuesta1204,juguete1204
propuesta1205,juguete1205
propuesta1206,juguete1206
propuesta1207,juguete1207
propuesta1208,juguete1208
propuesta1209,juguete1209
propuesta1210,juguete1210
propuesta1211,juguete1211
propuesta1212,juguete1212
propuesta1213,juguete1213
propuesta1214,juguete1214
propuesta1215,juguete1215
propuesta1216,juguete1216
propuesta1217,juguete1217
propuesta1218,juguete1218
propuesta1219,juguete1219
propuesta1220,juguete1220
propuesta1221,juguete1221
propuesta1222,juguete1222
propuesta1223,juguete1223
propuesta1224,juguete1224
propuesta1225,juguete1225
propuesta1226,juguete1226
propuesta1227,juguete1227
propuesta1228,juguete1228
propuesta1229,juguete1229
propuesta1230,juguete1230
propuesta1231,juguete1231
propuesta1232,juguete1232
propuesta1233,juguete1233
propuesta1234,juguete1234
propuesta1235,juguete1235
propuesta1236,juguete1236
propuesta1237,juguete1237
propuesta1238,juguete1238
propuesta1239,juguete1239
propuesta1240,juguete1240
propuesta1241,juguete1241
propuesta1242,juguete1242
propuesta1243,juguete1243
propuesta1244,juguete1244
propuesta1245,juguete1245
propuesta1246,juguete1246
propuesta1247,juguete1247
propuesta1248,juguete1248
propuesta1249,juguete1249
propuesta1250,juguete1250
propuesta1251,juguete1251
propuesta1252,juguete1252
propuesta1253,juguete1253
propuesta1254,juguete1254
propuesta1255,juguete1255
propuesta1256,juguete1256
propuesta1257,juguete1257
propuesta1258,juguete1258
propuesta1259,juguete1259
propuesta1260,juguete1260
propuesta1261,juguete1261
propuesta1262,juguete1262
propuesta1263,juguete1263
propuesta1264,juguete1264
propuesta1265,juguete1265
propuesta1266,juguete1266
propuesta1267,juguete1267
propuesta1268,juguete1268
propuesta1269,juguete1269
propuesta1270,juguete1270
propuesta1271,juguete1271
propuesta1272,juguete1272
propuesta1273,juguete1273
propuesta1274,juguete1274
propuesta1275,juguete1275
propuesta1276,juguete1276
propuesta1277,juguete1277
propuesta1278,juguete1278
propuesta1279,juguete1279
propuesta1280,juguete1280
propuesta1281,juguete1281
propuesta1282,juguete1282
propuesta1283,juguete1283
propuesta1284,juguete1284
propuesta1285,juguete1285
propuesta1286,juguete1286
propuesta1287,juguete1287
propuesta1288,juguete1288
propuesta1289,juguete1289
propuesta1290,juguete1290
propuesta1291,juguete1291
propuesta1292,juguete1292
propuesta1293,juguete1293
propuesta1294,juguete1294
propuesta1295,juguete1295
propuesta1296,juguete1296
propuesta1297,juguete1297
propuesta1298,juguete1298
propuesta1299,juguete1299
propuesta1300,juguete1300
propuesta1301,juguete1301
propuesta1302,juguete1302
propuesta1303,juguete1303
propuesta1304,juguete1304
propuesta1305,juguete1305
propuesta1306,juguete1306
propuesta1307,juguete1307
propuesta1308,juguete1308
propuesta1309,juguete1309
propuesta1310,juguete1310
propuesta1311,juguete1311
propuesta1312,juguete1312
propuesta1313,juguete1313
propuesta1314,juguete1314
propuesta1315,juguete1315
propuesta1316,juguete1316
propuesta1317,juguete1317
propuesta1318,juguete1318
propuesta1319,juguete1319
propuesta1320,juguete1320
propuesta1321,juguete1321
propuesta1322,juguete1322
propuesta1323,juguete1323
propuesta1324,juguete1324
propuesta1325,juguete1325
propuesta1326,juguete1326
propuesta1327,juguete1327
propuesta1328,juguete1328
propuesta1329,juguete1329
propuesta1330,juguete1330
propuesta1331,juguete1331
propuesta1332,juguete1332
propuesta1333,juguete1333
propuesta1334,juguete1334
propuesta1335,juguete1335
propuesta1336,juguete1336
propuesta1337,juguete1337
propuesta1338,juguete1338
propuesta1339,juguete1339
propuesta1340,juguete1340
propuesta1341,juguete1341
propuesta1342,juguete1342
propuesta1343,juguete1343
propuesta1344,juguete1344
propuesta1345,juguete1345
propuesta1346,juguete1346
propuesta1347,juguete1347
propuesta1348,juguete1348
propuesta1349,juguete1349
propuesta1350,juguete1350
propuesta1351,juguete1351
propuesta1352,juguete1352
propuesta1353,juguete1353
propuesta1354,juguete1354
propuesta1355,juguete1355
propuesta1356,juguete1356
propuesta1357,juguete1357
propuesta1358,juguete1358
propuesta1359,juguete1359
propuesta1360,juguete1360
propuesta1361,juguete1361
propuesta1362,juguete1362
propuesta1363,juguete1363
propuesta1364,juguete1364
propuesta1365,juguete1365
propuesta1366,juguete1366
propuesta1367,juguete1367
propuesta1368,juguete1368
propuesta1369,juguete1369
propuesta1370,juguete1370
propuesta1371,juguete1371
propuesta1372,juguete1372
propuesta1373,juguete1373
propuesta1374,juguete1374
propuesta1375,juguete1375
propuesta1376,juguete1376
propuesta1377,juguete1377
propuesta1378,juguete1378
propuesta1379,juguete1379
propuesta1380,juguete1380
propuesta1381,juguete1381
propuesta1382,juguete1382
propuesta1383,juguete1383
propuesta1384,juguete1384
propuesta1385,juguete1385
propuesta1386,juguete1386
propuesta1387,juguete1387
propuesta1388,juguete1388
propuesta1389,juguete1389
propuesta1390,juguete1390
propuesta1391,juguete1391
propuesta1392,juguete1392
propuesta1393,juguete1393
propuesta1394,juguete1394
propuesta1395,juguete1395
propuesta1396,juguete1396
propuesta1397,juguete1397
propuesta1398,juguete1398
propuesta1399,juguete1399
propuesta1400,juguete1400
propuesta1401,juguete1401
propuesta1402,juguete1402
propuesta1403,juguete1403
propuesta1404,juguete1404
propuesta1405,juguete1405
propuesta1406,juguete1406
propuesta1407,juguete1407
propuesta1408,juguete1408
propuesta1409,juguete1409
propuesta1410,juguete1410
propuesta1411,juguete1411
propuesta1412,juguete1412
propuesta1413,juguete1413
propuesta1414,juguete1414
propuesta1415,juguete1415
propuesta1416,juguete1416
propuesta1417,juguete1417
propuesta1418,juguete1418
propuesta1419,juguete1419
propuesta1420,juguete1420
propuesta1421,juguete1421
propuesta1422,juguete1422
propuesta1423,juguete1423
propuesta1424,juguete1424
propuesta1425,juguete1425
propuesta1426,juguete1426
propuesta1427,juguete1427
propuesta1428,juguete1428
propuesta1429,juguete1429
propuesta1430,juguete1430
propuesta1431,juguete1431
propuesta1432,juguete1432
propuesta1433,juguete1433
propuesta1434,juguete1434
propuesta1435,juguete1435
propuesta1436,juguete1436
propuesta1437,juguete1437
propuesta1438,juguete1438
propuesta1439,juguete1439
propuesta1440,juguete1440
propuesta1441,juguete1441
propuesta1442,juguete1442
propuesta1443,juguete1443
propuesta1444,juguete1444
propuesta1445,juguete1445
propuesta1446,juguete1446
propuesta1447,juguete1447
propuesta1448,juguete1448
propuesta1449,juguete1449
propuesta1450,juguete1450
propuesta1451,juguete1451
propuesta1452,juguete1452
propuesta1453,juguete1453
propuesta1454,juguete1454
propuesta1455,juguete1455
propuesta1456,juguete1456
propuesta1457,juguete1457
propuesta1458,juguete1458
propuesta1459,juguete1459
propuesta1460,juguete1460
propuesta1461,juguete1461
propuesta1462,juguete1462
propuesta1463,juguete1463
propuesta1464,juguete1464
propuesta1465,juguete1465
propuesta1466,juguete1466
propuesta1467,juguete1467
propuesta1468,juguete1468
propuesta1469,juguete1469
propuesta1470,juguete1470
propuesta1471,juguete1471
propuesta1472,juguete1472
propuesta1473,juguete1473
propuesta1474,juguete1474
propuesta1475,juguete1475
propuesta1476,juguete1476
propuesta1477,juguete1477
propuesta1478,juguete1478
propuesta1479,juguete1479
propuesta1480,juguete1480
propuesta1481,juguete1481
propuesta1482,juguete1482
propuesta1483,juguete1483
propuesta1484,juguete1484
propuesta1485,juguete1485
propuesta1486,juguete1486
propuesta1487,juguete1487
propuesta1488,juguete1488
propuesta1489,juguete1489
propuesta1490,juguete1490
propuesta1491,juguete1491
propuesta1492,juguete1492
propuesta1493,juguete1493
propuesta1494,juguete1494
propuesta1495,juguete1495
propuesta1496,juguete1496
propuesta1497,juguete1497
propuesta1498,juguete1498
propuesta1499,juguete1499
propuesta1500,juguete1500
propuesta1501,juguete1501
propuesta1502,juguete1502
propuesta1503,juguete1503
propuesta1504,juguete1504
propuesta1505,juguete1505
propuesta1506,juguete1506
propuesta1507,juguete1507
propuesta1508,juguete1508
propuesta1509,juguete1509
propuesta1510,juguete1510
propuesta1511,juguete1511
propuesta1512,juguete1512
propuesta1513,juguete1513
propuesta1514,juguete1514
propuesta1515,juguete1515
propuesta1516,juguete1516
propuesta1517,juguete1517
propuesta1518,juguete1518
propuesta1519,juguete1519
propuesta1520,juguete1520
propuesta1521,juguete1521
propuesta1522,juguete1522
propuesta1523,juguete1523
propuesta1524,juguete1524
propuesta1525,juguete1525
propuesta1526,juguete1526
propuesta1527,juguete1527
propuesta1528,juguete1528
propuesta1529,juguete1529
propuesta1530,juguete1530
propuesta1531,juguete1531
propuesta1532,juguete1532
propuesta1533,juguete1533
propuesta1534,juguete1534
propuesta1535,juguete1535
propuesta1536,juguete1536
propuesta1537,juguete1537
propuesta1538,juguete1538
propuesta1539,juguete1539
propuesta1540,juguete1540
propuesta1541,juguete1541
propuesta1542,juguete1542
propuesta1543,juguete1543
propuesta1544,juguete1544
propuesta1545,juguete1545
propuesta1546,juguete1546
propuesta1547,juguete1547
propuesta1548,juguete1548
propuesta1549,juguete1549
propuesta1550,juguete1550
propuesta1551,juguete1551
propuesta1552,juguete1552
propuesta1553,juguete1553
propuesta1554,juguete1554
propuesta1555,juguete1555
propuesta1556,juguete1556
propuesta1557,juguete1557
propuesta1558,juguete1558
propuesta1559,juguete1559
propuesta1560,juguete1560
propuesta1561,juguete1561
propuesta1562,juguete1562
propuesta1563,juguete1563
propuesta1564,juguete1564
propuesta1565,juguete1565
propuesta1566,juguete1566
propuesta1567,juguete1567
propuesta1568,juguete1568
propuesta1569,juguete1569
propuesta1570,juguete1570
propuesta1571,juguete1571
propuesta1572,juguete1572
propuesta1573,juguete1573
propuesta1574,juguete1574
propuesta1575,juguete1575
propuesta1576,juguete1576
propuesta1577,juguete1577
propuesta1578,juguete1578
propuesta1579,juguete1579
propuesta1580,juguete1580
propuesta1581,juguete1581
propuesta1582,juguete1582
propuesta1583,juguete1583
propuesta1584,juguete1584
propuesta1585,juguete1585
propuesta1586,juguete1586
propuesta1587,juguete1587
propuesta1588,juguete1588
propuesta1589,juguete1589
propuesta1590,juguete1590
propuesta1591,juguete1591
propuesta1592,juguete1592
propuesta1593,juguete1593
propuesta1594,juguete1594
propuesta1595,juguete1595
propuesta1596,juguete1596
propuesta1597,juguete1597
propuesta1598,juguete1598
propuesta1599,juguete1599
propuesta1600,juguete1600
propuesta1601,juguete1601
propuesta1602,juguete1602
propuesta1603,juguete1603
propuesta1604,juguete1604
propuesta1605,juguete1605
propuesta1606,juguete1606
propuesta1607,juguete1607
propuesta1608,juguete1608
propuesta1609,juguete1609
propuesta1610,juguete1610
propuesta1611,juguete1611
propuesta1612,juguete1612
propuesta1613,juguete1613
propuesta1614,juguete1614
propuesta1615,juguete1615
propuesta1616,juguete1616
propuesta1617,juguete1617
propuesta1618,juguete1618
propuesta1619,juguete1619
propuesta1620,juguete1620
propuesta1621,juguete1621
propuesta1622,juguete1622
propuesta1623,juguete1623
propuesta1624,juguete1624
propuesta1625,juguete1625
propuesta1626,juguete1626
propuesta1627,juguete1627
propuesta1628,juguete1628
propuesta1629,juguete1629
propuesta1630,juguete1630
propuesta1631,juguete1631
propuesta1632,juguete1632
propuesta1633,juguete1633
propuesta1634,juguete1634
propuesta1635,juguete1635
propuesta1636,juguete1636
propuesta1637,juguete1637
propuesta1638,juguete1638
propuesta1639,juguete1639
propuesta1640,juguete1640
propuesta1641,juguete1641
propuesta1642,juguete1642
propuesta1643,juguete1643
propuesta1644,juguete1644
propuesta1645,juguete1645
propuesta1646,juguete1646
propuesta1647,juguete1647
propuesta1648,juguete1648
propuesta1649,juguete1649
propuesta1650,juguete1650
propuesta1651,juguete1651
propuesta1652,juguete1652
propuesta1653,juguete1653
propuesta1654,juguete1654
propuesta1655,juguete1655
propuesta1656,juguete1656
propuesta1657,juguete1657
propuesta1658,juguete1658
propuesta1659,juguete1659
propuesta1660,juguete1660
propuesta1661,juguete1661
propuesta1662,juguete1662
propuesta1663,juguete1663
propuesta1664,juguete1664
propuesta1665,juguete1665
propuesta1666,juguete1666
propuesta1667,juguete1667
propuesta1668,juguete1668
propuesta1669,juguete1669
propuesta1670,juguete1670
propuesta1671,juguete1671
propuesta1672,juguete1672
propuesta1673,juguete1673
propuesta1674,juguete1674
propuesta1675,juguete1675
propuesta1676,juguete1676
propuesta1677,juguete1677
propuesta1678,juguete1678
propuesta1679,juguete1679
propuesta1680,juguete1680
propuesta1681,juguete1681
propuesta1682,juguete1682
propuesta1683,juguete1683
propuesta1684,juguete1684
propuesta1685,juguete1685
propuesta1686,juguete1686
propuesta1687,juguete1687
propuesta1688,juguete1688
propuesta1689,juguete1689
propuesta1690,juguete1690
propuesta1691,juguete1691
propuesta1692,juguete1692
propuesta1693,juguete1693
propuesta1694,juguete1694
propuesta1695,juguete1695
propuesta1696,juguete1696
propuesta1697,juguete1697
propuesta1698,juguete1698
propuesta1699,juguete1699
propuesta1700,juguete1700
propuesta1701,juguete1701
propuesta1702,juguete1702
propuesta1703,juguete1703
propuesta1704,juguete1704
propuesta1705,juguete1705
propuesta1706,juguete1706
propuesta1707,juguete1707
propuesta1708,juguete1708
propuesta1709,juguete1709
propuesta1710,juguete1710
propuesta1711,juguete1711
propuesta1712,juguete1712
propuesta1713,juguete1713
propuesta1714,juguete1714
propuesta1715,juguete1715
propuesta1716,juguete1716
propuesta1717,juguete1717
propuesta1718,juguete1718
propuesta1719,juguete1719
propuesta1720,juguete1720
propuesta1721,juguete1721
propuesta1722,juguete1722
propuesta1723,juguete1723
propuesta1724,juguete1724
propuesta1725,juguete1725
propuesta1726,juguete1726
propuesta1727,juguete1727
propuesta1728,juguete1728
propuesta1729,juguete1729
propuesta1730,juguete1730
propuesta1731,juguete1731
propuesta1732,juguete1732
propuesta1733,juguete1733
propuesta1734,juguete1734
propuesta1735,juguete1735
propuesta1736,juguete1736
propuesta1737,juguete1737
propuesta1738,juguete1738
propuesta1739,juguete1739
propuesta1740,juguete1740
propuesta1741,juguete1741
propuesta1742,juguete1742
propuesta1743,juguete1743
propuesta1744,juguete1744
propuesta1745,juguete1745
propuesta1746,juguete1746
propuesta1747,juguete1747
propuesta1748,juguete1748
propuesta1749,juguete1749
propuesta1750,juguete1750
propuesta1751,juguete1751
propuesta1752,juguete1752
propuesta1753,juguete1753
propuesta1754,juguete1754
propuesta1755,juguete1755
propuesta1756,juguete1756
propuesta1757,juguete1757
propuesta1758,juguete1758
propuesta1759,juguete1759
propuesta1760,juguete1760
propuesta1761,juguete1761
propuesta1762,juguete1762
propuesta1763,juguete1763
propuesta1764,juguete1764
propuesta1765,juguete1765
propuesta1766,juguete1766
propuesta1767,juguete1767
propuesta1768,juguete1768
propuesta1769,juguete1769
propuesta1770,juguete1770
propuesta1771,juguete1771
propuesta1772,juguete1772
propuesta1773,juguete1773
propuesta1774,juguete1774
propuesta1775,juguete1775
propuesta1776,juguete1776
propuesta1777,juguete1777
propuesta1778,juguete1778
propuesta1779,juguete1779
propuesta1780,juguete1780
propuesta1781,juguete1781
propuesta1782,juguete1782
propuesta1783,juguete1783
propuesta1784,juguete1784
propuesta1785,juguete1785
propuesta1786,juguete1786
propuesta1787,juguete1787
propuesta1788,juguete1788
propuesta1789,juguete1789
propuesta1790,juguete1790
propuesta1791,juguete1791
propuesta1792,juguete1792
propuesta1793,juguete1793
propuesta1794,juguete1794
propuesta1795,juguete1795
propuesta1796,juguete1796
propuesta1797,juguete1797
propuesta1798,juguete1798
propuesta1799,juguete1799
propuesta1800,juguete1800
propuesta1801,juguete1801
propuesta1802,juguete1802
propuesta1803,juguete1803
propuesta1804,juguete1804
propuesta1805,juguete1805
propuesta1806,juguete1806
propuesta1807,juguete1807
propuesta1808,juguete1808
propuesta1809,juguete1809
propuesta1810,juguete1810
propuesta1811,juguete1811
propuesta1812,juguete1812
propuesta1813,juguete1813
propuesta1814,juguete1814
propuesta1815,juguete1815
propuesta1816,juguete1816
propuesta1817,juguete1817
propuesta1818,juguete1818
propuesta1819,juguete1819
propuesta1820,juguete1820
propuesta1821,juguete1821
propuesta1822,juguete1822
propuesta1823,juguete1823
propuesta1824,juguete1824
propuesta1825,juguete1825
propuesta1826,juguete1826
propuesta1827,juguete1827
propuesta1828,juguete1828
propuesta1829,juguete1829
propuesta1830,juguete1830
propuesta1831,juguete1831
propuesta1832,juguete1832
propuesta1833,juguete1833
propuesta1834,juguete1834
propuesta1835,juguete1835
propuesta1836,juguete1836
propuesta1837,juguete1837
propuesta1838,juguete1838
propuesta1839,juguete1839
propuesta1840,juguete1840
propuesta1841,juguete1841
propuesta1842,juguete1842
propuesta1843,juguete1843
propuesta1844,juguete1844
propuesta1845,juguete1845
propuesta1846,juguete1846
propuesta1847,juguete1847
propuesta1848,juguete1848
propuesta1849,juguete1849
propuesta1850,juguete1850
propuesta1851,juguete1851
propuesta1852,juguete1852
propuesta1853,juguete1853
propuesta1854,juguete1854
propuesta1855,juguete1855
propuesta1856,juguete1856
propuesta1857,juguete1857
propuesta1858,juguete1858
propuesta1859,juguete1859
propuesta1860,juguete1860
propuesta1861,juguete1861
propuesta1862,juguete1862
propuesta1863,juguete1863
propuesta1864,juguete1864
propuesta1865,juguete1865
propuesta1866,juguete1866
propuesta1867,juguete1867
propuesta1868,juguete1868
propuesta1869,juguete1869
propuesta1870,juguete1870
propuesta1871,juguete1871
propuesta1872,juguete1872
propuesta1873,juguete1873
propuesta1874,juguete1874
propuesta1875,juguete1875
propuesta1876,juguete1876
propuesta1877,juguete1877
propuesta1878,juguete1878
propuesta1879,juguete1879
propuesta1880,juguete1880
propuesta1881,juguete1881
propuesta1882,juguete1882
propuesta1883,juguete1883
propuesta1884,juguete1884
propuesta1885,juguete1885
propuesta1886,juguete1886
propuesta1887,juguete1887
propuesta1888,juguete1888
propuesta1889,juguete1889
propuesta1890,juguete1890
propuesta1891,juguete1891
propuesta1892,juguete1892
propuesta1893,juguete1893
propuesta1894,juguete1894
propuesta1895,juguete1895
propuesta1896,juguete1896
propuesta1897,juguete1897
propuesta1898,juguete1898
propuesta1899,juguete1899
propuesta1900,juguete1900
propuesta1901,juguete1901
propuesta1902,juguete1902
propuesta1903,juguete1903
propuesta1904,juguete1904
propuesta1905,juguete1905
propuesta1906,juguete1906
propuesta1907,juguete1907
propuesta1908,juguete1908
propuesta1909,juguete1909
propuesta1910,juguete1910
propuesta1911,juguete1911
propuesta1912,juguete1912
propuesta1913,juguete1913
propuesta1914,juguete1914
propuesta1915,juguete1915
propuesta1916,juguete1916
propuesta1917,juguete1917
propuesta1918,juguete1918
propuesta1919,juguete1919
propuesta1920,juguete1920
propuesta1921,juguete1921
propuesta1922,juguete1922
propuesta1923,juguete1923
propuesta1924,juguete1924
propuesta1925,juguete1925
propuesta1926,juguete1926
propuesta1927,juguete1927
propuesta1928,juguete1928
propuesta1929,juguete1929
propuesta1930,juguete1930
propuesta1931,juguete1931
propuesta1932,juguete1932
propuesta1933,juguete1933
propuesta1934,juguete1934
propuesta1935,juguete1935
propuesta1936,juguete1936
propuesta1937,juguete1937
propuesta1938,juguete1938
propuesta1939,juguete1939
propuesta1940,juguete1940
propuesta1941,juguete1941
propuesta1942,juguete1942
propuesta1943,juguete1943
propuesta1944,juguete1944
propuesta1945,juguete1945
propuesta1946,juguete1946
propuesta1947,juguete1947
propuesta1948,juguete1948
propuesta1949,juguete1949
propuesta1950,juguete1950
propuesta1951,juguete1951
propuesta1952,juguete1952
propuesta1953,juguete1953
propuesta1954,juguete1954
propuesta1955,juguete1955
propuesta1956,juguete1956
propuesta1957,juguete1957
propuesta1958,juguete1958
propuesta1959,juguete1959
propuesta1960,juguete1960
propuesta1961,juguete1961
propuesta1962,juguete1962
propuesta1963,juguete1963
propuesta1964,juguete1964
propuesta1965,juguete1965
propuesta1966,juguete1966
propuesta1967,juguete1967
propuesta1968,juguete1968
propuesta1969,juguete1969
propuesta1970,juguete1970
propuesta1971,juguete1971
propuesta1972,juguete1972
propuesta1973,juguete1973
propuesta1974,juguete1974
propuesta1975,juguete1975
propuesta1976,juguete1976
propuesta1977,juguete1977
propuesta1978,juguete1978
propuesta1979,juguete1979
propuesta1980,juguete1980
propuesta1981,juguete1981
propuesta1982,juguete1982
propuesta1983,juguete1983
propuesta1984,juguete1984
propuesta1985,juguete1985
propuesta1986,juguete1986
propuesta1987,juguete1987
propuesta1988,juguete1988
propuesta1989,juguete1989
propuesta1990,juguete1990
propuesta1991,juguete1991
propuesta1992,juguete1992
propuesta1993,juguete1993
propuesta1994,juguete1994
propuesta1995,juguete1995
propuesta1996,juguete1996
propuesta1997,juguete1997
propuesta1998,juguete1998
propuesta1999,juguete1999
propuesta2000,juguete2000
