juego,categoria
juego1,categoria1
juego2,categoria2
juego3,categoria3
juego4,categoria4
juego5,categoria5
juego6,categoria6
juego7,categoria7
juego8,categoria8
juego9,categoria9
juego10,categoria10
juego11,categoria11
juego12,categoria12
juego13,categoria13
juego14,categoria14
juego15,categoria15
juego16,categoria16
juego17,categoria17
juego18,categoria18
juego19,categoria19
juego20,categoria20
juego21,categoria21
juego22,categoria22
juego23,categoria23
juego24,categoria24
juego25,categoria25
juego26,categoria26
juego27,categoria27
juego28,categoria28
juego29,categoria29
juego30,categoria30
juego31,categoria31
juego32,categoria32
juego33,categoria33
juego34,categoria34
juego35,categoria35
juego36,categoria36
juego37,categoria37
juego38,categoria38
juego39,categoria39
juego40,categoria40
juego41,categoria41
juego42,categoria42
juego43,categoria43
juego44,categoria44
juego45,categoria45
juego46,categoria46
juego47,categoria47
juego48,categoria48
juego49,categoria49
juego50,categoria50
juego51,categoria51
juego52,categoria52
juego53,categoria53
juego54,categoria54
juego55,categoria55
juego56,categoria56
juego57,categoria57
juego58,categoria58
juego59,categoria59
juego60,categoria60
juego61,categoria61
juego62,categoria62
juego63,categoria63
juego64,categoria64
juego65,categoria65
juego66,categoria66
juego67,categoria67
juego68,categoria68
juego69,categoria69
juego70,categoria70
juego71,categoria71
juego72,categoria72
juego73,categoria73
juego74,categoria74
juego75,categoria75
juego76,categoria76
juego77,categoria77
juego78,categoria78
juego79,categoria79
juego80,categoria80
juego81,categoria81
juego82,categoria82
juego83,categoria83
juego84,categoria84
juego85,categoria85
juego86,categoria86
juego87,categoria87
juego88,categoria88
juego89,categoria89
juego90,categoria90
juego91,categoria91
juego92,categoria92
juego93,categoria93
juego94,categoria94
juego95,categoria95
juego96,categoria96
juego97,categoria97
juego98,categoria98
juego99,categoria99
juego100,categoria100
juego101,categoria101
juego102,categoria102
juego103,categoria103
juego104,categoria104
juego105,categoria105
juego106,categoria106
juego107,categoria107
juego108,categoria108
juego109,categoria109
juego110,categoria110
juego111,categoria111
juego112,categoria112
juego113,categoria113
juego114,categoria114
juego115,categoria115
juego116,categoria116
juego117,categoria117
juego118,categoria118
juego119,categoria119
juego120,categoria120
juego121,categoria121
juego122,categoria122
juego123,categoria123
juego124,categoria124
juego125,categoria125
juego126,categoria126
juego127,categoria127
juego128,categoria128
juego129,categoria129
juego130,categoria130
juego131,categoria131
juego132,categoria132
juego133,categoria133
juego134,categoria134
juego135,categoria135
juego136,categoria136
juego137,categoria137
juego138,categoria138
juego139,categoria139
juego140,categoria140
juego141,categoria141
juego142,categoria142
juego143,categoria143
juego144,categoria144
juego145,categoria145
juego146,categoria146
juego147,categoria147
juego148,categoria148
juego149,categoria149
juego150,categoria150
juego151,categoria151
juego152,categoria152
juego153,categoria153
juego154,categoria154
juego155,categoria155
juego156,categoria156
juego157,categoria157
juego158,categoria158
juego159,categoria159
juego160,categoria160
juego161,categoria161
juego162,categoria162
juego163,categoria163
juego164,categoria164
juego165,categoria165
juego166,categoria166
juego167,categoria167
juego168,categoria168
juego169,categoria169
juego170,categoria170
juego171,categoria171
juego172,categoria172
juego173,categoria173
juego174,categoria174
juego175,categoria175
juego176,categoria176
juego177,categoria177
juego178,categoria178
juego179,categoria179
juego180,categoria180
juego181,categoria181
juego182,categoria182
juego183,categoria183
juego184,categoria184
juego185,categoria185
juego186,categoria186
juego187,categoria187
juego188,categoria188
juego189,categoria189
juego190,categoria190
juego191,categoria191
juego192,categoria192
juego193,categoria193
juego194,categoria194
juego195,categoria195
juego196,categoria196
juego197,categoria197
juego198,categoria198
juego199,categoria199
juego200,categoria200
juego201,categoria201
juego202,categoria202
juego203,categoria203
juego204,categoria204
juego205,categoria205
juego206,categoria206
juego207,categoria207
juego208,categoria208
juego209,categoria209
juego210,categoria210
juego211,categoria211
juego212,categoria212
juego213,categoria213
juego214,categoria214
juego215,categoria215
juego216,categoria216
juego217,categoria217
juego218,categoria218
juego219,categoria219
juego220,categoria220
juego221,categoria221
juego222,categoria222
juego223,categoria223
juego224,categoria224
juego225,categoria225
juego226,categoria226
juego227,categoria227
juego228,categoria228
juego229,categoria229
juego230,categoria230
juego231,categoria231
juego232,categoria232
juego233,categoria233
juego234,categoria234
juego235,categoria235
juego236,categoria236
juego237,categoria237
juego238,categoria238
juego239,categoria239
juego240,categoria240
juego241,categoria241
juego242,categoria242
juego243,categoria243
juego244,categoria244
juego245,categoria245
juego246,categoria246
juego247,categoria247
juego248,categoria248
juego249,categoria249
juego250,categoria250
juego251,categoria251
juego252,categoria252
juego253,categoria253
juego254,categoria254
juego255,categoria255
juego256,categoria256
juego257,categoria257
juego258,categoria258
juego259,categoria259
juego260,categoria260
juego261,categoria261
juego262,categoria262
juego263,categoria263
juego264,categoria264
juego265,categoria265
juego266,categoria266
juego267,categoria267
juego268,categoria268
juego269,categoria269
juego270,categoria270
juego271,categoria271
juego272,categoria272
juego273,categoria273
juego274,categoria274
juego275,categoria275
juego276,categoria276
juego277,categoria277
juego278,categoria278
juego279,categoria279
juego280,categoria280
juego281,categoria281
juego282,categoria282
juego283,categoria283
juego284,categoria284
juego285,categoria285
juego286,categoria286
juego287,categoria287
juego288,categoria288
juego289,categoria289
juego290,categoria290
juego291,categoria291
juego292,categoria292
juego293,categoria293
juego294,categoria294
juego295,categoria295
juego296,categoria296
juego297,categoria297
juego298,categoria298
juego299,categoria299
juego300,categoria300
juego301,categoria301
juego302,categoria302
juego303,categoria303
juego304,categoria304
juego305,categoria305
juego306,categoria306
juego307,categoria307
juego308,categoria308
juego309,categoria309
juego310,categoria310
juego311,categoria311
juego312,categoria312
juego313,categoria313
juego314,categoria314
juego315,categoria315
juego316,categoria316
juego317,categoria317
juego318,categoria318
juego319,categoria319
juego320,categoria320
juego321,categoria321
juego322,categoria322
juego323,categoria323
juego324,categoria324
juego325,categoria325
juego326,categoria326
juego327,categoria327
juego328,categoria328
juego329,categoria329
juego330,categoria330
juego331,categoria331
juego332,categoria332
juego333,categoria333
juego334,categoria334
juego335,categoria335
juego336,categoria336
juego337,categoria337
juego338,categoria338
juego339,categoria339
juego340,categoria340
juego341,categoria341
juego342,categoria342
juego343,categoria343
juego344,categoria344
juego345,categoria345
juego346,categoria346
juego347,categoria347
juego348,categoria348
juego349,categoria349
juego350,categoria350
juego351,categoria351
juego352,categoria352
juego353,categoria353
juego354,categoria354
juego355,categoria355
juego356,categoria356
juego357,categoria357
juego358,categoria358
juego359,categoria359
juego360,categoria360
juego361,categoria361
juego362,categoria362
juego363,categoria363
juego364,categoria364
juego365,categoria365
juego366,categoria366
juego367,categoria367
juego368,categoria368
juego369,categoria369
juego370,categoria370
juego371,categoria371
juego372,categoria372
juego373,categoria373
juego374,categoria374
juego375,categoria375
juego376,categoria376
juego377,categoria377
juego378,categoria378
juego379,categoria379
juego380,categoria380
juego381,categoria381
juego382,categoria382
juego383,categoria383
juego384,categoria384
juego385,categoria385
juego386,categoria386
juego387,categoria387
juego388,categoria388
juego389,categoria389
juego390,categoria390
juego391,categoria391
juego392,categoria392
juego393,categoria393
juego394,categoria394
juego395,categoria395
juego396,categoria396
juego397,categoria397
juego398,categoria398
juego399,categoria399
juego400,categoria400
juego401,categoria401
juego402,categoria402
juego403,categoria403
juego404,categoria404
juego405,categoria405
juego406,categoria406
juego407,categoria407
juego408,categoria408
juego409,categoria409
juego410,categoria410
juego411,categoria411
juego412,categoria412
juego413,categoria413
juego414,categoria414
juego415,categoria415
juego416,categoria416
juego417,categoria417
juego418,categoria418
juego419,categoria419
juego420,categoria420
juego421,categoria421
juego422,categoria422
juego423,categoria423
juego424,categoria424
juego425,categoria425
juego426,categoria426
juego427,categoria427
juego428,categoria428
juego429,categoria429
juego430,categoria430
juego431,categoria431
juego432,categoria432
juego433,categoria433
juego434,categoria434
juego435,categoria435
juego436,categoria436
juego437,categoria437
juego438,categoria438
juego439,categoria439
juego440,categoria440
juego441,categoria441
juego442,categoria442
juego443,categoria443
juego444,categoria444
juego445,categoria445
juego446,categoria446
juego447,categoria447
juego448,categoria448
juego449,categoria449
juego450,categoria450
juego451,categoria451
juego452,categoria452
juego453,categoria453
juego454,categoria454
juego455,categoria455
juego456,categoria456
juego457,categoria457
juego458,categoria458
juego459,categoria459
juego460,categoria460
juego461,categoria461
juego462,categoria462
juego463,categoria463
juego464,categoria464
juego465,categoria465
juego466,categoria466
juego467,categoria467
juego468,categoria468
juego469,categoria469
juego470,categoria470
juego471,categoria471
juego472,categoria472
juego473,categoria473
juego474,categoria474
juego475,categoria475
juego476,categoria476
juego477,categoria477
juego478,categoria478
juego479,categoria479
juego480,categoria480
juego481,categoria481
juego482,categoria482
juego483,categoria483
juego484,categoria484
juego485,categoria485
juego486,categoria486
juego487,categoria487
juego488,categoria488
juego489,categoria489
juego490,categoria490
juego491,categoria491
juego492,categoria492
juego493,categoria493
juego494,categoria494
juego495,categoria495
juego496,categoria496
juego497,categoria497
juego498,categoria498
juego499,categoria499
juego500,categoria500
juego501,categoria501
juego502,categoria502
juego503,categoria503
juego504,categoria504
juego505,categoria505
juego506,categoria506
juego507,categoria507
juego508,categoria508
juego509,categoria509
juego510,categoria510
juego511,categoria511
juego512,categoria512
juego513,categoria513
juego514,categoria514
juego515,categoria515
juego516,categoria516
juego517,categoria517
juego518,categoria518
juego519,categoria519
juego520,categoria520
juego521,categoria521
juego522,categoria522
juego523,categoria523
juego524,categoria524
juego525,categoria525
juego526,categoria526
juego527,categoria527
juego528,categoria528
juego529,categoria529
juego530,categoria530
juego531,categoria531
juego532,categoria532
juego533,categoria533
juego534,categoria534
juego535,categoria535
juego536,categoria536
juego537,categoria537
juego538,categoria538
juego539,categoria539
juego540,categoria540
juego541,categoria541
juego542,categoria542
juego543,categoria543
juego544,categoria544
juego545,categoria545
juego546,categoria546
juego547,categoria547
juego548,categoria548
juego549,categoria549
juego550,categoria550
juego551,categoria551
juego552,categoria552
juego553,categoria553
juego554,categoria554
juego555,categoria555
juego556,categoria556
juego557,categoria557
juego558,categoria558
juego559,categoria559
juego560,categoria560
juego561,categoria561
juego562,categoria562
juego563,categoria563
juego564,categoria564
juego565,categoria565
juego566,categoria566
juego567,categoria567
juego568,categoria568
juego569,categoria569
juego570,categoria570
juego571,categoria571
juego572,categoria572
juego573,categoria573
juego574,categoria574
juego575,categoria575
juego576,categoria576
juego577,categoria577
juego578,categoria578
juego579,categoria579
juego580,categoria580
juego581,categoria581
juego582,categoria582
juego583,categoria583
juego584,categoria584
juego585,categoria585
juego586,categoria586
juego587,categoria587
juego588,categoria588
juego589,categoria589
juego590,categoria590
juego591,categoria591
juego592,categoria592
juego593,categoria593
juego594,categoria594
juego595,categoria595
juego596,categoria596
juego597,categoria597
juego598,categoria598
juego599,categoria599
juego600,categoria600
juego601,categoria601
juego602,categoria602
juego603,categoria603
juego604,categoria604
juego605,categoria605
juego606,categoria606
juego607,categoria607
juego608,categoria608
juego609,categoria609
juego610,categoria610
juego611,categoria611
juego612,categoria612
juego613,categoria613
juego614,categoria614
juego615,categoria615
juego616,categoria616
juego617,categoria617
juego618,categoria618
juego619,categoria619
juego620,categoria620
juego621,categoria621
juego622,categoria622
juego623,categoria623
juego624,categoria624
juego625,categoria625
juego626,categoria626
juego627,categoria627
juego628,categoria628
juego629,categoria629
juego630,categoria630
juego631,categoria631
juego632,categoria632
juego633,categoria633
juego634,categoria634
juego635,categoria635
juego636,categoria636
juego637,categoria637
juego638,categoria638
juego639,categoria639
juego640,categoria640
juego641,categoria641
juego642,categoria642
juego643,categoria643
juego644,categoria644
juego645,categoria645
juego646,categoria646
juego647,categoria647
juego648,categoria648
juego649,categoria649
juego650,categoria650
juego651,categoria651
juego652,categoria652
juego653,categoria653
juego654,categoria654
juego655,categoria655
juego656,categoria656
juego657,categoria657
juego658,categoria658
juego659,categoria659
juego660,categoria660
juego661,categoria661
juego662,categoria662
juego663,categoria663
juego664,categoria664
juego665,categoria665
juego666,categoria666
juego667,categoria667
juego668,categoria668
juego669,categoria669
juego670,categoria670
juego671,categoria671
juego672,categoria672
juego673,categoria673
juego674,categoria674
juego675,categoria675
juego676,categoria676
juego677,categoria677
juego678,categoria678
juego679,categoria679
juego680,categoria680
juego681,categoria681
juego682,categoria682
juego683,categoria683
juego684,categoria684
juego685,categoria685
juego686,categoria686
juego687,categoria687
juego688,categoria688
juego689,categoria689
juego690,categoria690
juego691,categoria691
juego692,categoria692
juego693,categoria693
juego694,categoria694
juego695,categoria695
juego696,categoria696
juego697,categoria697
juego698,categoria698
juego699,categoria699
juego700,categoria700
juego701,categoria701
juego702,categoria702
juego703,categoria703
juego704,categoria704
juego705,categoria705
juego706,categoria706
juego707,categoria707
juego708,categoria708
juego709,categoria709
juego710,categoria710
juego711,categoria711
juego712,categoria712
juego713,categoria713
juego714,categoria714
juego715,categoria715
juego716,categoria716
juego717,categoria717
juego718,categoria718
juego719,categoria719
juego720,categoria720
juego721,categoria721
juego722,categoria722
juego723,categoria723
juego724,categoria724
juego725,categoria725
juego726,categoria726
juego727,categoria727
juego728,categoria728
juego729,categoria729
juego730,categoria730
juego731,categoria731
juego732,categoria732
juego733,categoria733
juego734,categoria734
juego735,categoria735
juego736,categoria736
juego737,categoria737
juego738,categoria738
juego739,categoria739
juego740,categoria740
juego741,categoria741
juego742,categoria742
juego743,categoria743
juego744,categoria744
juego745,categoria745
juego746,categoria746
juego747,categoria747
juego748,categoria748
juego749,categoria749
juego750,categoria750
juego751,categoria751
juego752,categoria752
juego753,categoria753
juego754,categoria754
juego755,categoria755
juego756,categoria756
juego757,categoria757
juego758,categoria758
juego759,categoria759
juego760,categoria760
juego761,categoria761
juego762,categoria762
juego763,categoria763
juego764,categoria764
juego765,categoria765
juego766,categoria766
juego767,categoria767
juego768,categoria768
juego769,categoria769
juego770,categoria770
juego771,categoria771
juego772,categoria772
juego773,categoria773
juego774,categoria774
juego775,categoria775
juego776,categoria776
juego777,categoria777
juego778,categoria778
juego779,categoria779
juego780,categoria780
juego781,categoria781
juego782,categoria782
juego783,categoria783
juego784,categoria784
juego785,categoria785
juego786,categoria786
juego787,categoria787
juego788,categoria788
juego789,categoria789
juego790,categoria790
juego791,categoria791
juego792,categoria792
juego793,categoria793
juego794,categoria794
juego795,categoria795
juego796,categoria796
juego797,categoria797
juego798,categoria798
juego799,categoria799
juego800,categoria800
juego801,categoria801
juego802,categoria802
juego803,categoria803
juego804,categoria804
juego805,categoria805
juego806,categoria806
juego807,categoria807
juego808,categoria808
juego809,categoria809
juego810,categoria810
juego811,categoria811
juego812,categoria812
juego813,categoria813
juego814,categoria814
juego815,categoria815
juego816,categoria816
juego817,categoria817
juego818,categoria818
juego819,categoria819
juego820,categoria820
juego821,categoria821
juego822,categoria822
juego823,categoria823
juego824,categoria824
juego825,categoria825
juego826,categoria826
juego827,categoria827
juego828,categoria828
juego829,categoria829
juego830,categoria830
juego831,categoria831
juego832,categoria832
juego833,categoria833
juego834,categoria834
juego835,categoria835
juego836,categoria836
juego837,categoria837
juego838,categoria838
juego839,categoria839
juego840,categoria840
juego841,categoria841
juego842,categoria842
juego843,categoria843
juego844,categoria844
juego845,categoria845
juego846,categoria846
juego847,categoria847
juego848,categoria848
juego849,categoria849
juego850,categoria850
juego851,categoria851
juego852,categoria852
juego853,categoria853
juego854,categoria854
juego855,categoria855
juego856,categoria856
juego857,categoria857
juego858,categoria858
juego859,categoria859
juego860,categoria860
juego861,categoria861
juego862,categoria862
juego863,categoria863
juego864,categoria864
juego865,categoria865
juego866,categoria866
juego867,categoria867
juego868,categoria868
juego869,categoria869
juego870,categoria870
juego871,categoria871
juego872,categoria872
juego873,categoria873
juego874,categoria874
juego875,categoria875
juego876,categoria876
juego877,categoria877
juego878,categoria878
juego879,categoria879
juego880,categoria880
juego881,categoria881
juego882,categoria882
juego883,categoria883
juego884,categoria884
juego885,categoria885
juego886,categoria886
juego887,categoria887
juego888,categoria888
juego889,categoria889
juego890,categoria890
juego891,categoria891
juego892,categoria892
juego893,categoria893
juego894,categoria894
juego895,categoria895
juego896,categoria896
juego897,categoria897
juego898,categoria898
juego899,categoria899
juego900,categoria900
juego901,categoria901
juego902,categoria902
juego903,categoria903
juego904,categoria904
juego905,categoria905
juego906,categoria906
juego907,categoria907
juego908,categoria908
juego909,categoria909
juego910,categoria910
juego911,categoria911
juego912,categoria912
juego913,categoria913
juego914,categoria914
juego915,categoria915
juego916,categoria916
juego917,categoria917
juego918,categoria918
juego919,categoria919
juego920,categoria920
juego921,categoria921
juego922,categoria922
juego923,categoria923
juego924,categoria924
juego925,categoria925
juego926,categoria926
juego927,categoria927
juego928,categoria928
juego929,categoria929
juego930,categoria930
juego931,categoria931
juego932,categoria932
juego933,categoria933
juego934,categoria934
juego935,categoria935
juego936,categoria936
juego937,categoria937
juego938,categoria938
juego939,categoria939
juego940,categoria940
juego941,categoria941
juego942,categoria942
juego943,categoria943
juego944,categoria944
juego945,categoria945
juego946,categoria946
juego947,categoria947
juego948,categoria948
juego949,categoria949
juego950,categoria950
juego951,categoria951
juego952,categoria952
juego953,categoria953
juego954,categoria954
juego955,categoria955
juego956,categoria956
juego957,categoria957
juego958,categoria958
juego959,categoria959
juego960,categoria960
juego961,categoria961
juego962,categoria962
juego963,categoria963
juego964,categoria964
juego965,categoria965
juego966,categoria966
juego967,categoria967
juego968,categoria968
juego969,categoria969
juego970,categoria970
juego971,categoria971
juego972,categoria972
juego973,categoria973
juego974,categoria974
juego975,categoria975
juego976,categoria976
juego977,categoria977
juego978,categoria978
juego979,categoria979
juego980,categoria980
juego981,categoria981
juego982,categoria982
juego983,categoria983
juego984,categoria984
juego985,categoria985
juego986,categoria986
juego987,categoria987
juego988,categoria988
juego989,categoria989
juego990,categoria990
juego991,categoria991
juego992,categoria992
juego993,categoria993
juego994,categoria994
juego995,categoria995
juego996,categoria996
juego997,categoria997
juego998,categoria998
juego999,categoria999
juego1000,categoria1000
juego1001,categoria1001
juego1002,categoria1002
juego1003,categoria1003
juego1004,categoria1004
juego1005,categoria1005
juego1006,categoria1006
juego1007,categoria1007
juego1008,categoria1008
juego1009,categoria1009
juego1010,categoria1010
juego1011,categoria1011
juego1012,categoria1012
juego1013,categoria1013
juego1014,categoria1014
juego1015,categoria1015
juego1016,categoria1016
juego1017,categoria1017
juego1018,categoria1018
juego1019,categoria1019
juego1020,categoria1020
juego1021,categoria1021
juego1022,categoria1022
juego1023,categoria1023
juego1024,categoria1024
juego1025,categoria1025
juego1026,categoria1026
juego1027,categoria1027
juego1028,categoria1028
juego1029,categoria1029
juego1030,categoria1030
juego1031,categoria1031
juego1032,categoria1032
juego1033,categoria1033
juego1034,categoria1034
juego1035,categoria1035
juego1036,categoria1036
juego1037,categoria1037
juego1038,categoria1038
juego1039,categoria1039
juego1040,categoria1040
juego1041,categoria1041
juego1042,categoria1042
juego1043,categoria1043
juego1044,categoria1044
juego1045,categoria1045
juego1046,categoria1046
juego1047,categoria1047
juego1048,categoria1048
juego1049,categoria1049
juego1050,categoria1050
juego1051,categoria1051
juego1052,categoria1052
juego1053,categoria1053
juego1054,categoria1054
juego1055,categoria1055
juego1056,categoria1056
juego1057,categoria1057
juego1058,categoria1058
juego1059,categoria1059
juego1060,categoria1060
juego1061,categoria1061
juego1062,categoria1062
juego1063,categoria1063
juego1064,categoria1064
juego1065,categoria1065
juego1066,categoria1066
juego1067,categoria1067
juego1068,categoria1068
juego1069,categoria1069
juego1070,categoria1070
juego1071,categoria1071
juego1072,categoria1072
juego1073,categoria1073
juego1074,categoria1074
juego1075,categoria1075
juego1076,categoria1076
juego1077,categoria1077
juego1078,categoria1078
juego1079,categoria1079
juego1080,categoria1080
juego1081,categoria1081
juego1082,categoria1082
juego1083,categoria1083
juego1084,categoria1084
juego1085,categoria1085
juego1086,categoria1086
juego1087,categoria1087
juego1088,categoria1088
juego1089,categoria1089
juego1090,categoria1090
juego1091,categoria1091
juego1092,categoria1092
juego1093,categoria1093
juego1094,categoria1094
juego1095,categoria1095
juego1096,categoria1096
juego1097,categoria1097
juego1098,categoria1098
juego1099,categoria1099
juego1100,categoria1100
juego1101,categoria1101
juego1102,categoria1102
juego1103,categoria1103
juego1104,categoria1104
juego1105,categoria1105
juego1106,categoria1106
juego1107,categoria1107
juego1108,categoria1108
juego1109,categoria1109
juego1110,categoria1110
juego1111,categoria1111
juego1112,categoria1112
juego1113,categoria1113
juego1114,categoria1114
juego1115,categoria1115
juego1116,categoria1116
juego1117,categoria1117
juego1118,categoria1118
juego1119,categoria1119
juego1120,categoria1120
juego1121,categoria1121
juego1122,categoria1122
juego1123,categoria1123
juego1124,categoria1124
juego1125,categoria1125
juego1126,categoria1126
juego1127,categoria1127
juego1128,categoria1128
juego1129,categoria1129
juego1130,categoria1130
juego1131,categoria1131
juego1132,categoria1132
juego1133,categoria1133
juego1134,categoria1134
juego1135,categoria1135
juego1136,categoria1136
juego1137,categoria1137
juego1138,categoria1138
juego1139,categoria1139
juego1140,categoria1140
juego1141,categoria1141
juego1142,categoria1142
juego1143,categoria1143
juego1144,categoria1144
juego1145,categoria1145
juego1146,categoria1146
juego1147,categoria1147
juego1148,categoria1148
juego1149,categoria1149
juego1150,categoria1150
juego1151,categoria1151
juego1152,categoria1152
juego1153,categoria1153
juego1154,categoria1154
juego1155,categoria1155
juego1156,categoria1156
juego1157,categoria1157
juego1158,categoria1158
juego1159,categoria1159
juego1160,categoria1160
juego1161,categoria1161
juego1162,categoria1162
juego1163,categoria1163
juego1164,categoria1164
juego1165,categoria1165
juego1166,categoria1166
juego1167,categoria1167
juego1168,categoria1168
juego1169,categoria1169
juego1170,categoria1170
juego1171,categoria1171
juego1172,categoria1172
juego1173,categoria1173
juego1174,categoria1174
juego1175,categoria1175
juego1176,categoria1176
juego1177,categoria1177
juego1178,categoria1178
juego1179,categoria1179
juego1180,categoria1180
juego1181,categoria1181
juego1182,categoria1182
juego1183,categoria1183
juego1184,categoria1184
juego1185,categoria1185
juego1186,categoria1186
juego1187,categoria1187
juego1188,categoria1188
juego1189,categoria1189
juego1190,categoria1190
juego1191,categoria1191
juego1192,categoria1192
juego1193,categoria1193
juego1194,categoria1194
juego1195,categoria1195
juego1196,categoria1196
juego1197,categoria1197
juego1198,categoria1198
juego1199,categoria1199
juego1200,categoria1200
juego1201,categoria1201
juego1202,categoria1202
juego1203,categoria1203
juego1204,categoria1204
juego1205,categoria1205
juego1206,categoria1206
juego1207,categoria1207
juego1208,categoria1208
juego1209,categoria1209
juego1210,categoria1210
juego1211,categoria1211
juego1212,categoria1212
juego1213,categoria1213
juego1214,categoria1214
juego1215,categoria1215
juego1216,categoria1216
juego1217,categoria1217
juego1218,categoria1218
juego1219,categoria1219
juego1220,categoria1220
juego1221,categoria1221
juego1222,categoria1222
juego1223,categoria1223
juego1224,categoria1224
juego1225,categoria1225
juego1226,categoria1226
juego1227,categoria1227
juego1228,categoria1228
juego1229,categoria1229
juego1230,categoria1230
juego1231,categoria1231
juego1232,categoria1232
juego1233,categoria1233
juego1234,categoria1234
juego1235,categoria1235
juego1236,categoria1236
juego1237,categoria1237
juego1238,categoria1238
juego1239,categoria1239
juego1240,categoria1240
juego1241,categoria1241
juego1242,categoria1242
juego1243,categoria1243
juego1244,categoria1244
juego1245,categoria1245
juego1246,categoria1246
juego1247,categoria1247
juego1248,categoria1248
juego1249,categoria1249
juego1250,categoria1250
juego1251,categoria1251
juego1252,categoria1252
juego1253,categoria1253
juego1254,categoria1254
juego1255,categoria1255
juego1256,categoria1256
juego1257,categoria1257
juego1258,categoria1258
juego1259,categoria1259
juego1260,categoria1260
juego1261,categoria1261
juego1262,categoria1262
juego1263,categoria1263
juego1264,categoria1264
juego1265,categoria1265
juego1266,categoria1266
juego1267,categoria1267
juego1268,categoria1268
juego1269,categoria1269
juego1270,categoria1270
juego1271,categoria1271
juego1272,categoria1272
juego1273,categoria1273
juego1274,categoria1274
juego1275,categoria1275
juego1276,categoria1276
juego1277,categoria1277
juego1278,categoria1278
juego1279,categoria1279
juego1280,categoria1280
juego1281,categoria1281
juego1282,categoria1282
juego1283,categoria1283
juego1284,categoria1284
juego1285,categoria1285
juego1286,categoria1286
juego1287,categoria1287
juego1288,categoria1288
juego1289,categoria1289
juego1290,categoria1290
juego1291,categoria1291
juego1292,categoria1292
juego1293,categoria1293
juego1294,categoria1294
juego1295,categoria1295
juego1296,categoria1296
juego1297,categoria1297
juego1298,categoria1298
juego1299,categoria1299
juego1300,categoria1300
juego1301,categoria1301
juego1302,categoria1302
juego1303,categoria1303
juego1304,categoria1304
juego1305,categoria1305
juego1306,categoria1306
juego1307,categoria1307
juego1308,categoria1308
juego1309,categoria1309
juego1310,categoria1310
juego1311,categoria1311
juego1312,categoria1312
juego1313,categoria1313
juego1314,categoria1314
juego1315,categoria1315
juego1316,categoria1316
juego1317,categoria1317
juego1318,categoria1318
juego1319,categoria1319
juego1320,categoria1320
juego1321,categoria1321
juego1322,categoria1322
juego1323,categoria1323
juego1324,categoria1324
juego1325,categoria1325
juego1326,categoria1326
juego1327,categoria1327
juego1328,categoria1328
juego1329,categoria1329
juego1330,categoria1330
juego1331,categoria1331
juego1332,categoria1332
juego1333,categoria1333
juego1334,categoria1334
juego1335,categoria1335
juego1336,categoria1336
juego1337,categoria1337
juego1338,categoria1338
juego1339,categoria1339
juego1340,categoria1340
juego1341,categoria1341
juego1342,categoria1342
juego1343,categoria1343
juego1344,categoria1344
juego1345,categoria1345
juego1346,categoria1346
juego1347,categoria1347
juego1348,categoria1348
juego1349,categoria1349
juego1350,categoria1350
juego1351,categoria1351
juego1352,categoria1352
juego1353,categoria1353
juego1354,categoria1354
juego1355,categoria1355
juego1356,categoria1356
juego1357,categoria1357
juego1358,categoria1358
juego1359,categoria1359
juego1360,categoria1360
juego1361,categoria1361
juego1362,categoria1362
juego1363,categoria1363
juego1364,categoria1364
juego1365,categoria1365
juego1366,categoria1366
juego1367,categoria1367
juego1368,categoria1368
juego1369,categoria1369
juego1370,categoria1370
juego1371,categoria1371
juego1372,categoria1372
juego1373,categoria1373
juego1374,categoria1374
juego1375,categoria1375
juego1376,categoria1376
juego1377,categoria1377
juego1378,categoria1378
juego1379,categoria1379
juego1380,categoria1380
juego1381,categoria1381
juego1382,categoria1382
juego1383,categoria1383
juego1384,categoria1384
juego1385,categoria1385
juego1386,categoria1386
juego1387,categoria1387
juego1388,categoria1388
juego1389,categoria1389
juego1390,categoria1390
juego1391,categoria1391
juego1392,categoria1392
juego1393,categoria1393
juego1394,categoria1394
juego1395,categoria1395
juego1396,categoria1396
juego1397,categoria1397
juego1398,categoria1398
juego1399,categoria1399
juego1400,categoria1400
juego1401,categoria1401
juego1402,categoria1402
juego1403,categoria1403
juego1404,categoria1404
juego1405,categoria1405
juego1406,categoria1406
juego1407,categoria1407
juego1408,categoria1408
juego1409,categoria1409
juego1410,categoria1410
juego1411,categoria1411
juego1412,categoria1412
juego1413,categoria1413
juego1414,categoria1414
juego1415,categoria1415
juego1416,categoria1416
juego1417,categoria1417
juego1418,categoria1418
juego1419,categoria1419
juego1420,categoria1420
juego1421,categoria1421
juego1422,categoria1422
juego1423,categoria1423
juego1424,categoria1424
juego1425,categoria1425
juego1426,categoria1426
juego1427,categoria1427
juego1428,categoria1428
juego1429,categoria1429
juego1430,categoria1430
juego1431,categoria1431
juego1432,categoria1432
juego1433,categoria1433
juego1434,categoria1434
juego1435,categoria1435
juego1436,categoria1436
juego1437,categoria1437
juego1438,categoria1438
juego1439,categoria1439
juego1440,categoria1440
juego1441,categoria1441
juego1442,categoria1442
juego1443,categoria1443
juego1444,categoria1444
juego1445,categoria1445
juego1446,categoria1446
juego1447,categoria1447
juego1448,categoria1448
juego1449,categoria1449
juego1450,categoria1450
juego1451,categoria1451
juego1452,categoria1452
juego1453,categoria1453
juego1454,categoria1454
juego1455,categoria1455
juego1456,categoria1456
juego1457,categoria1457
juego1458,categoria1458
juego1459,categoria1459
juego1460,categoria1460
juego1461,categoria1461
juego1462,categoria1462
juego1463,categoria1463
juego1464,categoria1464
juego1465,categoria1465
juego1466,categoria1466
juego1467,categoria1467
juego1468,categoria1468
juego1469,categoria1469
juego1470,categoria1470
juego1471,categoria1471
juego1472,categoria1472
juego1473,categoria1473
juego1474,categoria1474
juego1475,categoria1475
juego1476,categoria1476
juego1477,categoria1477
juego1478,categoria1478
juego1479,categoria1479
juego1480,categoria1480
juego1481,categoria1481
juego1482,categoria1482
juego1483,categoria1483
juego1484,categoria1484
juego1485,categoria1485
juego1486,categoria1486
juego1487,categoria1487
juego1488,categoria1488
juego1489,categoria1489
juego1490,categoria1490
juego1491,categoria1491
juego1492,categoria1492
juego1493,categoria1493
juego1494,categoria1494
juego1495,categoria1495
juego1496,categoria1496
juego1497,categoria1497
juego1498,categoria1498
juego1499,categoria1499
juego1500,categoria1500
juego1501,categoria1501
juego1502,categoria1502
juego1503,categoria1503
juego1504,categoria1504
juego1505,categoria1505
juego1506,categoria1506
juego1507,categoria1507
juego1508,categoria1508
juego1509,categoria1509
juego1510,categoria1510
juego1511,categoria1511
juego1512,categoria1512
juego1513,categoria1513
juego1514,categoria1514
juego1515,categoria1515
juego1516,categoria1516
juego1517,categoria1517
juego1518,categoria1518
juego1519,categoria1519
juego1520,categoria1520
juego1521,categoria1521
juego1522,categoria1522
juego1523,categoria1523
juego1524,categoria1524
juego1525,categoria1525
juego1526,categoria1526
juego1527,categoria1527
juego1528,categoria1528
juego1529,categoria1529
juego1530,categoria1530
juego1531,categoria1531
juego1532,categoria1532
juego1533,categoria1533
juego1534,categoria1534
juego1535,categoria1535
juego1536,categoria1536
juego1537,categoria1537
juego1538,categoria1538
juego1539,categoria1539
juego1540,categoria1540
juego1541,categoria1541
juego1542,categoria1542
juego1543,categoria1543
juego1544,categoria1544
juego1545,categoria1545
juego1546,categoria1546
juego1547,categoria1547
juego1548,categoria1548
juego1549,categoria1549
juego1550,categoria1550
juego1551,categoria1551
juego1552,categoria1552
juego1553,categoria1553
juego1554,categoria1554
juego1555,categoria1555
juego1556,categoria1556
juego1557,categoria1557
juego1558,categoria1558
juego1559,categoria1559
juego1560,categoria1560
juego1561,categoria1561
juego1562,categoria1562
juego1563,categoria1563
juego1564,categoria1564
juego1565,categoria1565
juego1566,categoria1566
juego1567,categoria1567
juego1568,categoria1568
juego1569,categoria1569
juego1570,categoria1570
juego1571,categoria1571
juego1572,categoria1572
juego1573,categoria1573
juego1574,categoria1574
juego1575,categoria1575
juego1576,categoria1576
juego1577,categoria1577
juego1578,categoria1578
juego1579,categoria1579
juego1580,categoria1580
juego1581,categoria1581
juego1582,categoria1582
juego1583,categoria1583
juego1584,categoria1584
juego1585,categoria1585
juego1586,categoria1586
juego1587,categoria1587
juego1588,categoria1588
juego1589,categoria1589
juego1590,categoria1590
juego1591,categoria1591
juego1592,categoria1592
juego1593,categoria1593
juego1594,categoria1594
juego1595,categoria1595
juego1596,categoria1596
juego1597,categoria1597
juego1598,categoria1598
juego1599,categoria1599
juego1600,categoria1600
juego1601,categoria1601
juego1602,categoria1602
juego1603,categoria1603
juego1604,categoria1604
juego1605,categoria1605
juego1606,categoria1606
juego1607,categoria1607
juego1608,categoria1608
juego1609,categoria1609
juego1610,categoria1610
juego1611,categoria1611
juego1612,categoria1612
juego1613,categoria1613
juego1614,categoria1614
juego1615,categoria1615
juego1616,categoria1616
juego1617,categoria1617
juego1618,categoria1618
juego1619,categoria1619
juego1620,categoria1620
juego1621,categoria1621
juego1622,categoria1622
juego1623,categoria1623
juego1624,categoria1624
juego1625,categoria1625
juego1626,categoria1626
juego1627,categoria1627
juego1628,categoria1628
juego1629,categoria1629
juego1630,categoria1630
juego1631,categoria1631
juego1632,categoria1632
juego1633,categoria1633
juego1634,categoria1634
juego1635,categoria1635
juego1636,categoria1636
juego1637,categoria1637
juego1638,categoria1638
juego1639,categoria1639
juego1640,categoria1640
juego1641,categoria1641
juego1642,categoria1642
juego1643,categoria1643
juego1644,categoria1644
juego1645,categoria1645
juego1646,categoria1646
juego1647,categoria1647
juego1648,categoria1648
juego1649,categoria1649
juego1650,categoria1650
juego1651,categoria1651
juego1652,categoria1652
juego1653,categoria1653
juego1654,categoria1654
juego1655,categoria1655
juego1656,categoria1656
juego1657,categoria1657
juego1658,categoria1658
juego1659,categoria1659
juego1660,categoria1660
juego1661,categoria1661
juego1662,categoria1662
juego1663,categoria1663
juego1664,categoria1664
juego1665,categoria1665
juego1666,categoria1666
juego1667,categoria1667
juego1668,categoria1668
juego1669,categoria1669
juego1670,categoria1670
juego1671,categoria1671
juego1672,categoria1672
juego1673,categoria1673
juego1674,categoria1674
juego1675,categoria1675
juego1676,categoria1676
juego1677,categoria1677
juego1678,categoria1678
juego1679,categoria1679
juego1680,categoria1680
juego1681,categoria1681
juego1682,categoria1682
juego1683,categoria1683
juego1684,categoria1684
juego1685,categoria1685
juego1686,categoria1686
juego1687,categoria1687
juego1688,categoria1688
juego1689,categoria1689
juego1690,categoria1690
juego1691,categoria1691
juego1692,categoria1692
juego1693,categoria1693
juego1694,categoria1694
juego1695,categoria1695
juego1696,categoria1696
juego1697,categoria1697
juego1698,categoria1698
juego1699,categoria1699
juego1700,categoria1700
juego1701,categoria1701
juego1702,categoria1702
juego1703,categoria1703
juego1704,categoria1704
juego1705,categoria1705
juego1706,categoria1706
juego1707,categoria1707
juego1708,categoria1708
juego1709,categoria1709
juego1710,categoria1710
juego1711,categoria1711
juego1712,categoria1712
juego1713,categoria1713
juego1714,categoria1714
juego1715,categoria1715
juego1716,categoria1716
juego1717,categoria1717
juego1718,categoria1718
juego1719,categoria1719
juego1720,categoria1720
juego1721,categoria1721
juego1722,categoria1722
juego1723,categoria1723
juego1724,categoria1724
juego1725,categoria1725
juego1726,categoria1726
juego1727,categoria1727
juego1728,categoria1728
juego1729,categoria1729
juego1730,categoria1730
juego1731,categoria1731
juego1732,categoria1732
juego1733,categoria1733
juego1734,categoria1734
juego1735,categoria1735
juego1736,categoria1736
juego1737,categoria1737
juego1738,categoria1738
juego1739,categoria1739
juego1740,categoria1740
juego1741,categoria1741
juego1742,categoria1742
juego1743,categoria1743
juego1744,categoria1744
juego1745,categoria1745
juego1746,categoria1746
juego1747,categoria1747
juego1748,categoria1748
juego1749,categoria1749
juego1750,categoria1750
juego1751,categoria1751
juego1752,categoria1752
juego1753,categoria1753
juego1754,categoria1754
juego1755,categoria1755
juego1756,categoria1756
juego1757,categoria1757
juego1758,categoria1758
juego1759,categoria1759
juego1760,categoria1760
juego1761,categoria1761
juego1762,categoria1762
juego1763,categoria1763
juego1764,categoria1764
juego1765,categoria1765
juego1766,categoria1766
juego1767,categoria1767
juego1768,categoria1768
juego1769,categoria1769
juego1770,categoria1770
juego1771,categoria1771
juego1772,categoria1772
juego1773,categoria1773
juego1774,categoria1774
juego1775,categoria1775
juego1776,categoria1776
juego1777,categoria1777
juego1778,categoria1778
juego1779,categoria1779
juego1780,categoria1780
juego1781,categoria1781
juego1782,categoria1782
juego1783,categoria1783
juego1784,categoria1784
juego1785,categoria1785
juego1786,categoria1786
juego1787,categoria1787
juego1788,categoria1788
juego1789,categoria1789
juego1790,categoria1790
juego1791,categoria1791
juego1792,categoria1792
juego1793,categoria1793
juego1794,categoria1794
juego1795,categoria1795
juego1796,categoria1796
juego1797,categoria1797
juego1798,categoria1798
juego1799,categoria1799
juego1800,categoria1800
juego1801,categoria1801
juego1802,categoria1802
juego1803,categoria1803
juego1804,categoria1804
juego1805,categoria1805
juego1806,categoria1806
juego1807,categoria1807
juego1808,categoria1808
juego1809,categoria1809
juego1810,categoria1810
juego1811,categoria1811
juego1812,categoria1812
juego1813,categoria1813
juego1814,categoria1814
juego1815,categoria1815
juego1816,categoria1816
juego1817,categoria1817
juego1818,categoria1818
juego1819,categoria1819
juego1820,categoria1820
juego1821,categoria1821
juego1822,categoria1822
juego1823,categoria1823
juego1824,categoria1824
juego1825,categoria1825
juego1826,categoria1826
juego1827,categoria1827
juego1828,categoria1828
juego1829,categoria1829
juego1830,categoria1830
juego1831,categoria1831
juego1832,categoria1832
juego1833,categoria1833
juego1834,categoria1834
juego1835,categoria1835
juego1836,categoria1836
juego1837,categoria1837
juego1838,categoria1838
juego1839,categoria1839
juego1840,categoria1840
juego1841,categoria1841
juego1842,categoria1842
juego1843,categoria1843
juego1844,categoria1844
juego1845,categoria1845
juego1846,categoria1846
juego1847,categoria1847
juego1848,categoria1848
juego1849,categoria1849
juego1850,categoria1850
juego1851,categoria1851
juego1852,categoria1852
juego1853,categoria1853
juego1854,categoria1854
juego1855,categoria1855
juego1856,categoria1856
juego1857,categoria1857
juego1858,categoria1858
juego1859,categoria1859
juego1860,categoria1860
juego1861,categoria1861
juego1862,categoria1862
juego1863,categoria1863
juego1864,categoria1864
juego1865,categoria1865
juego1866,categoria1866
juego1867,categoria1867
juego1868,categoria1868
juego1869,categoria1869
juego1870,categoria1870
juego1871,categoria1871
juego1872,categoria1872
juego1873,categoria1873
juego1874,categoria1874
juego1875,categoria1875
juego1876,categoria1876
juego1877,categoria1877
juego1878,categoria1878
juego1879,categoria1879
juego1880,categoria1880
juego1881,categoria1881
juego1882,categoria1882
juego1883,categoria1883
juego1884,categoria1884
juego1885,categoria1885
juego1886,categoria1886
juego1887,categoria1887
juego1888,categoria1888
juego1889,categoria1889
juego1890,categoria1890
juego1891,categoria1891
juego1892,categoria1892
juego1893,categoria1893
juego1894,categoria1894
juego1895,categoria1895
juego1896,categoria1896
juego1897,categoria1897
juego1898,categoria1898
juego1899,categoria1899
juego1900,categoria1900
juego1901,categoria1901
juego1902,categoria1902
juego1903,categoria1903
juego1904,categoria1904
juego1905,categoria1905
juego1906,categoria1906
juego1907,categoria1907
juego1908,categoria1908
juego1909,categoria1909
juego1910,categoria1910
juego1911,categoria1911
juego1912,categoria1912
juego1913,categoria1913
juego1914,categoria1914
juego1915,categoria1915
juego1916,categoria1916
juego1917,categoria1917
juego1918,categoria1918
juego1919,categoria1919
juego1920,categoria1920
juego1921,categoria1921
juego1922,categoria1922
juego1923,categoria1923
juego1924,categoria1924
juego1925,categoria1925
juego1926,categoria1926
juego1927,categoria1927
juego1928,categoria1928
juego1929,categoria1929
juego1930,categoria1930
juego1931,categoria1931
juego1932,categoria1932
juego1933,categoria1933
juego1934,categoria1934
juego1935,categoria1935
juego1936,categoria1936
juego1937,categoria1937
juego1938,categoria1938
juego1939,categoria1939
juego1940,categoria1940
juego1941,categoria1941
juego1942,categoria1942
juego1943,categoria1943
juego1944,categoria1944
juego1945,categoria1945
juego1946,categoria1946
juego1947,categoria1947
juego1948,categoria1948
juego1949,categoria1949
juego1950,categoria1950
juego1951,categoria1951
juego1952,categoria1952
juego1953,categoria1953
juego1954,categoria1954
juego1955,categoria1955
juego1956,categoria1956
juego1957,categoria1957
juego1958,categoria1958
juego1959,categoria1959
juego1960,categoria1960
juego1961,categoria1961
juego1962,categoria1962
juego1963,categoria1963
juego1964,categoria1964
juego1965,categoria1965
juego1966,categoria1966
juego1967,categoria1967
juego1968,categoria1968
juego1969,categoria1969
juego1970,categoria1970
juego1971,categoria1971
juego1972,categoria1972
juego1973,categoria1973
juego1974,categoria1974
juego1975,categoria1975
juego1976,categoria1976
juego1977,categoria1977
juego1978,categoria1978
juego1979,categoria1979
juego1980,categoria1980
juego1981,categoria1981
juego1982,categoria1982
juego1983,categoria1983
juego1984,categoria1984
juego1985,categoria1985
juego1986,categoria1986
juego1987,categoria1987
juego1988,categoria1988
juego1989,categoria1989
juego1990,categoria1990
juego1991,categoria1991
juego1992,categoria1992
juego1993,categoria1993
juego1994,categoria1994
juego1995,categoria1995
juego1996,categoria1996
juego1997,categoria1997
juego1998,categoria1998
juego1999,categoria1999
juego2000,categoria2000
