juego,venta,unidades,vent
juego1,SELL-10,1,10
juego2,SELL-11,1,11
juego3,SELL-12,1,12
juego4,SELL-13,1,13
juego5,SELL-14,1,14
juego6,SELL-15,1,15
juego7,SELL-16,1,16
juego8,SELL-17,1,17
juego9,SELL-18,1,18
juego10,SELL-19,1,19
juego11,SELL-20,1,20
juego12,SELL-21,1,21
juego13,SELL-22,1,22
juego14,SELL-23,1,23
juego15,SELL-24,1,24
juego16,SELL-25,1,25
juego17,SELL-26,1,26
juego18,SELL-27,1,27
juego19,SELL-28,1,28
juego20,SELL-29,1,29
juego21,SELL-30,1,30
juego22,SELL-31,1,31
juego23,SELL-32,1,32
juego24,SELL-33,1,33
juego25,SELL-34,1,34
juego26,SELL-35,1,35
juego27,SELL-36,1,36
juego28,SELL-37,1,37
juego29,SELL-38,1,38
juego30,SELL-39,1,39
juego31,SELL-40,1,40
juego32,SELL-41,1,41
juego33,SELL-42,1,42
juego34,SELL-43,1,43
juego35,SELL-44,1,44
juego36,SELL-45,1,45
juego37,SELL-46,1,46
juego38,SELL-47,1,47
juego39,SELL-48,1,48
juego40,SELL-49,1,49
juego41,SELL-50,1,50
juego42,SELL-51,1,51
juego43,SELL-52,1,52
juego44,SELL-53,1,53
juego45,SELL-54,1,54
juego46,SELL-55,1,55
juego47,SELL-56,1,56
juego48,SELL-57,1,57
juego49,SELL-58,1,58
juego50,SELL-59,1,59
juego51,SELL-60,1,60
juego52,SELL-61,1,61
juego53,SELL-62,1,62
juego54,SELL-63,1,63
juego55,SELL-64,1,64
juego56,SELL-65,1,65
juego57,SELL-66,1,66
juego58,SELL-67,1,67
juego59,SELL-68,1,68
juego60,SELL-69,1,69
juego61,SELL-70,1,70
juego62,SELL-71,1,71
juego63,SELL-72,1,72
juego64,SELL-73,1,73
juego65,SELL-74,1,74
juego66,SELL-75,1,75
juego67,SELL-76,1,76
juego68,SELL-77,1,77
juego69,SELL-78,1,78
juego70,SELL-79,1,79
juego71,SELL-80,1,80
juego72,SELL-81,1,81
juego73,SELL-82,1,82
juego74,SELL-83,1,83
juego75,SELL-84,1,84
juego76,SELL-85,1,85
juego77,SELL-86,1,86
juego78,SELL-87,1,87
juego79,SELL-88,1,88
juego80,SELL-89,1,89
juego81,SELL-90,1,90
juego82,SELL-91,1,91
juego83,SELL-92,1,92
juego84,SELL-93,1,93
juego85,SELL-94,1,94
juego86,SELL-95,1,95
juego87,SELL-96,1,96
juego88,SELL-97,1,97
juego89,SELL-98,1,98
juego90,SELL-99,1,99
juego91,SELL-100,1,100
juego92,SELL-101,1,101
juego93,SELL-102,1,102
juego94,SELL-103,1,103
juego95,SELL-104,1,104
juego96,SELL-105,1,105
juego97,SELL-106,1,106
juego98,SELL-107,1,107
juego99,SELL-108,1,108
juego100,SELL-109,1,109
juego101,SELL-110,1,110
juego102,SELL-111,1,111
juego103,SELL-112,1,112
juego104,SELL-113,1,113
juego105,SELL-114,1,114
juego106,SELL-115,1,115
juego107,SELL-116,1,116
juego108,SELL-117,1,117
juego109,SELL-118,1,118
juego110,SELL-119,1,119
juego111,SELL-120,1,120
juego112,SELL-121,1,121
juego113,SELL-122,1,122
juego114,SELL-123,1,123
juego115,SELL-124,1,124
juego116,SELL-125,1,125
juego117,SELL-126,1,126
juego118,SELL-127,1,127
juego119,SELL-128,1,128
juego120,SELL-129,1,129
juego121,SELL-130,1,130
juego122,SELL-131,1,131
juego123,SELL-132,1,132
juego124,SELL-133,1,133
juego125,SELL-134,1,134
juego126,SELL-135,1,135
juego127,SELL-136,1,136
juego128,SELL-137,1,137
juego129,SELL-138,1,138
juego130,SELL-139,1,139
juego131,SELL-140,1,140
juego132,SELL-141,1,141
juego133,SELL-142,1,142
juego134,SELL-143,1,143
juego135,SELL-144,1,144
juego136,SELL-145,1,145
juego137,SELL-146,1,146
juego138,SELL-147,1,147
juego139,SELL-148,1,148
juego140,SELL-149,1,149
juego141,SELL-150,1,150
juego142,SELL-151,1,151
juego143,SELL-152,1,152
juego144,SELL-153,1,153
juego145,SELL-154,1,154
juego146,SELL-155,1,155
juego147,SELL-156,1,156
juego148,SELL-157,1,157
juego149,SELL-158,1,158
juego150,SELL-159,1,159
juego151,SELL-160,1,160
juego152,SELL-161,1,161
juego153,SELL-162,1,162
juego154,SELL-163,1,163
juego155,SELL-164,1,164
juego156,SELL-165,1,165
juego157,SELL-166,1,166
juego158,SELL-167,1,167
juego159,SELL-168,1,168
juego160,SELL-169,1,169
juego161,SELL-170,1,170
juego162,SELL-171,1,171
juego163,SELL-172,1,172
juego164,SELL-173,1,173
juego165,SELL-174,1,174
juego166,SELL-175,1,175
juego167,SELL-176,1,176
juego168,SELL-177,1,177
juego169,SELL-178,1,178
juego170,SELL-179,1,179
juego171,SELL-180,1,180
juego172,SELL-181,1,181
juego173,SELL-182,1,182
juego174,SELL-183,1,183
juego175,SELL-184,1,184
juego176,SELL-185,1,185
juego177,SELL-186,1,186
juego178,SELL-187,1,187
juego179,SELL-188,1,188
juego180,SELL-189,1,189
juego181,SELL-190,1,190
juego182,SELL-191,1,191
juego183,SELL-192,1,192
juego184,SELL-193,1,193
juego185,SELL-194,1,194
juego186,SELL-195,1,195
juego187,SELL-196,1,196
juego188,SELL-197,1,197
juego189,SELL-198,1,198
juego190,SELL-199,1,199
juego191,SELL-200,1,200
juego192,SELL-201,1,201
juego193,SELL-202,1,202
juego194,SELL-203,1,203
juego195,SELL-204,1,204
juego196,SELL-205,1,205
juego197,SELL-206,1,206
juego198,SELL-207,1,207
juego199,SELL-208,1,208
juego200,SELL-209,1,209
juego201,SELL-210,1,210
juego202,SELL-211,1,211
juego203,SELL-212,1,212
juego204,SELL-213,1,213
juego205,SELL-214,1,214
juego206,SELL-215,1,215
juego207,SELL-216,1,216
juego208,SELL-217,1,217
juego209,SELL-218,1,218
juego210,SELL-219,1,219
juego211,SELL-220,1,220
juego212,SELL-221,1,221
juego213,SELL-222,1,222
juego214,SELL-223,1,223
juego215,SELL-224,1,224
juego216,SELL-225,1,225
juego217,SELL-226,1,226
juego218,SELL-227,1,227
juego219,SELL-228,1,228
juego220,SELL-229,1,229
juego221,SELL-230,1,230
juego222,SELL-231,1,231
juego223,SELL-232,1,232
juego224,SELL-233,1,233
juego225,SELL-234,1,234
juego226,SELL-235,1,235
juego227,SELL-236,1,236
juego228,SELL-237,1,237
juego229,SELL-238,1,238
juego230,SELL-239,1,239
juego231,SELL-240,1,240
juego232,SELL-241,1,241
juego233,SELL-242,1,242
juego234,SELL-243,1,243
juego235,SELL-244,1,244
juego236,SELL-245,1,245
juego237,SELL-246,1,246
juego238,SELL-247,1,247
juego239,SELL-248,1,248
juego240,SELL-249,1,249
juego241,SELL-250,1,250
juego242,SELL-251,1,251
juego243,SELL-252,1,252
juego244,SELL-253,1,253
juego245,SELL-254,1,254
juego246,SELL-255,1,255
juego247,SELL-256,1,256
juego248,SELL-257,1,257
juego249,SELL-258,1,258
juego250,SELL-259,1,259
juego251,SELL-260,1,260
juego252,SELL-261,1,261
juego253,SELL-262,1,262
juego254,SELL-263,1,263
juego255,SELL-264,1,264
juego256,SELL-265,1,265
juego257,SELL-266,1,266
juego258,SELL-267,1,267
juego259,SELL-268,1,268
juego260,SELL-269,1,269
juego261,SELL-270,1,270
juego262,SELL-271,1,271
juego263,SELL-272,1,272
juego264,SELL-273,1,273
juego265,SELL-274,1,274
juego266,SELL-275,1,275
juego267,SELL-276,1,276
juego268,SELL-277,1,277
juego269,SELL-278,1,278
juego270,SELL-279,1,279
juego271,SELL-280,1,280
juego272,SELL-281,1,281
juego273,SELL-282,1,282
juego274,SELL-283,1,283
juego275,SELL-284,1,284
juego276,SELL-285,1,285
juego277,SELL-286,1,286
juego278,SELL-287,1,287
juego279,SELL-288,1,288
juego280,SELL-289,1,289
juego281,SELL-290,1,290
juego282,SELL-291,1,291
juego283,SELL-292,1,292
juego284,SELL-293,1,293
juego285,SELL-294,1,294
juego286,SELL-295,1,295
juego287,SELL-296,1,296
juego288,SELL-297,1,297
juego289,SELL-298,1,298
juego290,SELL-299,1,299
juego291,SELL-300,1,300
juego292,SELL-301,1,301
juego293,SELL-302,1,302
juego294,SELL-303,1,303
juego295,SELL-304,1,304
juego296,SELL-305,1,305
juego297,SELL-306,1,306
juego298,SELL-307,1,307
juego299,SELL-308,1,308
juego300,SELL-309,1,309
juego301,SELL-310,1,310
juego302,SELL-311,1,311
juego303,SELL-312,1,312
juego304,SELL-313,1,313
juego305,SELL-314,1,314
juego306,SELL-315,1,315
juego307,SELL-316,1,316
juego308,SELL-317,1,317
juego309,SELL-318,1,318
juego310,SELL-319,1,319
juego311,SELL-320,1,320
juego312,SELL-321,1,321
juego313,SELL-322,1,322
juego314,SELL-323,1,323
juego315,SELL-324,1,324
juego316,SELL-325,1,325
juego317,SELL-326,1,326
juego318,SELL-327,1,327
juego319,SELL-328,1,328
juego320,SELL-329,1,329
juego321,SELL-330,1,330
juego322,SELL-331,1,331
juego323,SELL-332,1,332
juego324,SELL-333,1,333
juego325,SELL-334,1,334
juego326,SELL-335,1,335
juego327,SELL-336,1,336
juego328,SELL-337,1,337
juego329,SELL-338,1,338
juego330,SELL-339,1,339
juego331,SELL-340,1,340
juego332,SELL-341,1,341
juego333,SELL-342,1,342
juego334,SELL-343,1,343
juego335,SELL-344,1,344
juego336,SELL-345,1,345
juego337,SELL-346,1,346
juego338,SELL-347,1,347
juego339,SELL-348,1,348
juego340,SELL-349,1,349
juego341,SELL-350,1,350
juego342,SELL-351,1,351
juego343,SELL-352,1,352
juego344,SELL-353,1,353
juego345,SELL-354,1,354
juego346,SELL-355,1,355
juego347,SELL-356,1,356
juego348,SELL-357,1,357
juego349,SELL-358,1,358
juego350,SELL-359,1,359
juego351,SELL-360,1,360
juego352,SELL-361,1,361
juego353,SELL-362,1,362
juego354,SELL-363,1,363
juego355,SELL-364,1,364
juego356,SELL-365,1,365
juego357,SELL-366,1,366
juego358,SELL-367,1,367
juego359,SELL-368,1,368
juego360,SELL-369,1,369
juego361,SELL-370,1,370
juego362,SELL-371,1,371
juego363,SELL-372,1,372
juego364,SELL-373,1,373
juego365,SELL-374,1,374
juego366,SELL-375,1,375
juego367,SELL-376,1,376
juego368,SELL-377,1,377
juego369,SELL-378,1,378
juego370,SELL-379,1,379
juego371,SELL-380,1,380
juego372,SELL-381,1,381
juego373,SELL-382,1,382
juego374,SELL-383,1,383
juego375,SELL-384,1,384
juego376,SELL-385,1,385
juego377,SELL-386,1,386
juego378,SELL-387,1,387
juego379,SELL-388,1,388
juego380,SELL-389,1,389
juego381,SELL-390,1,390
juego382,SELL-391,1,391
juego383,SELL-392,1,392
juego384,SELL-393,1,393
juego385,SELL-394,1,394
juego386,SELL-395,1,395
juego387,SELL-396,1,396
juego388,SELL-397,1,397
juego389,SELL-398,1,398
juego390,SELL-399,1,399
juego391,SELL-400,1,400
juego392,SELL-401,1,401
juego393,SELL-402,1,402
juego394,SELL-403,1,403
juego395,SELL-404,1,404
juego396,SELL-405,1,405
juego397,SELL-406,1,406
juego398,SELL-407,1,407
juego399,SELL-408,1,408
juego400,SELL-409,1,409
juego401,SELL-410,1,410
juego402,SELL-411,1,411
juego403,SELL-412,1,412
juego404,SELL-413,1,413
juego405,SELL-414,1,414
juego406,SELL-415,1,415
juego407,SELL-416,1,416
juego408,SELL-417,1,417
juego409,SELL-418,1,418
juego410,SELL-419,1,419
juego411,SELL-420,1,420
juego412,SELL-421,1,421
juego413,SELL-422,1,422
juego414,SELL-423,1,423
juego415,SELL-424,1,424
juego416,SELL-425,1,425
juego417,SELL-426,1,426
juego418,SELL-427,1,427
juego419,SELL-428,1,428
juego420,SELL-429,1,429
juego421,SELL-430,1,430
juego422,SELL-431,1,431
juego423,SELL-432,1,432
juego424,SELL-433,1,433
juego425,SELL-434,1,434
juego426,SELL-435,1,435
juego427,SELL-436,1,436
juego428,SELL-437,1,437
juego429,SELL-438,1,438
juego430,SELL-439,1,439
juego431,SELL-440,1,440
juego432,SELL-441,1,441
juego433,SELL-442,1,442
juego434,SELL-443,1,443
juego435,SELL-444,1,444
juego436,SELL-445,1,445
juego437,SELL-446,1,446
juego438,SELL-447,1,447
juego439,SELL-448,1,448
juego440,SELL-449,1,449
juego441,SELL-450,1,450
juego442,SELL-451,1,451
juego443,SELL-452,1,452
juego444,SELL-453,1,453
juego445,SELL-454,1,454
juego446,SELL-455,1,455
juego447,SELL-456,1,456
juego448,SELL-457,1,457
juego449,SELL-458,1,458
juego450,SELL-459,1,459
juego451,SELL-460,1,460
juego452,SELL-461,1,461
juego453,SELL-462,1,462
juego454,SELL-463,1,463
juego455,SELL-464,1,464
juego456,SELL-465,1,465
juego457,SELL-466,1,466
juego458,SELL-467,1,467
juego459,SELL-468,1,468
juego460,SELL-469,1,469
juego461,SELL-470,1,470
juego462,SELL-471,1,471
juego463,SELL-472,1,472
juego464,SELL-473,1,473
juego465,SELL-474,1,474
juego466,SELL-475,1,475
juego467,SELL-476,1,476
juego468,SELL-477,1,477
juego469,SELL-478,1,478
juego470,SELL-479,1,479
juego471,SELL-480,1,480
juego472,SELL-481,1,481
juego473,SELL-482,1,482
juego474,SELL-483,1,483
juego475,SELL-484,1,484
juego476,SELL-485,1,485
juego477,SELL-486,1,486
juego478,SELL-487,1,487
juego479,SELL-488,1,488
juego480,SELL-489,1,489
juego481,SELL-490,1,490
juego482,SELL-491,1,491
juego483,SELL-492,1,492
juego484,SELL-493,1,493
juego485,SELL-494,1,494
juego486,SELL-495,1,495
juego487,SELL-496,1,496
juego488,SELL-497,1,497
juego489,SELL-498,1,498
juego490,SELL-499,1,499
juego491,SELL-500,1,500
juego492,SELL-501,1,501
juego493,SELL-502,1,502
juego494,SELL-503,1,503
juego495,SELL-504,1,504
juego496,SELL-505,1,505
juego497,SELL-506,1,506
juego498,SELL-507,1,507
juego499,SELL-508,1,508
juego500,SELL-509,1,509
juego501,SELL-510,1,510
juego502,SELL-511,1,511
juego503,SELL-512,1,512
juego504,SELL-513,1,513
juego505,SELL-514,1,514
juego506,SELL-515,1,515
juego507,SELL-516,1,516
juego508,SELL-517,1,517
juego509,SELL-518,1,518
juego510,SELL-519,1,519
juego511,SELL-520,1,520
juego512,SELL-521,1,521
juego513,SELL-522,1,522
juego514,SELL-523,1,523
juego515,SELL-524,1,524
juego516,SELL-525,1,525
juego517,SELL-526,1,526
juego518,SELL-527,1,527
juego519,SELL-528,1,528
juego520,SELL-529,1,529
juego521,SELL-530,1,530
juego522,SELL-531,1,531
juego523,SELL-532,1,532
juego524,SELL-533,1,533
juego525,SELL-534,1,534
juego526,SELL-535,1,535
juego527,SELL-536,1,536
juego528,SELL-537,1,537
juego529,SELL-538,1,538
juego530,SELL-539,1,539
juego531,SELL-540,1,540
juego532,SELL-541,1,541
juego533,SELL-542,1,542
juego534,SELL-543,1,543
juego535,SELL-544,1,544
juego536,SELL-545,1,545
juego537,SELL-546,1,546
juego538,SELL-547,1,547
juego539,SELL-548,1,548
juego540,SELL-549,1,549
juego541,SELL-550,1,550
juego542,SELL-551,1,551
juego543,SELL-552,1,552
juego544,SELL-553,1,553
juego545,SELL-554,1,554
juego546,SELL-555,1,555
juego547,SELL-556,1,556
juego548,SELL-557,1,557
juego549,SELL-558,1,558
juego550,SELL-559,1,559
juego551,SELL-560,1,560
juego552,SELL-561,1,561
juego553,SELL-562,1,562
juego554,SELL-563,1,563
juego555,SELL-564,1,564
juego556,SELL-565,1,565
juego557,SELL-566,1,566
juego558,SELL-567,1,567
juego559,SELL-568,1,568
juego560,SELL-569,1,569
juego561,SELL-570,1,570
juego562,SELL-571,1,571
juego563,SELL-572,1,572
juego564,SELL-573,1,573
juego565,SELL-574,1,574
juego566,SELL-575,1,575
juego567,SELL-576,1,576
juego568,SELL-577,1,577
juego569,SELL-578,1,578
juego570,SELL-579,1,579
juego571,SELL-580,1,580
juego572,SELL-581,1,581
juego573,SELL-582,1,582
juego574,SELL-583,1,583
juego575,SELL-584,1,584
juego576,SELL-585,1,585
juego577,SELL-586,1,586
juego578,SELL-587,1,587
juego579,SELL-588,1,588
juego580,SELL-589,1,589
juego581,SELL-590,1,590
juego582,SELL-591,1,591
juego583,SELL-592,1,592
juego584,SELL-593,1,593
juego585,SELL-594,1,594
juego586,SELL-595,1,595
juego587,SELL-596,1,596
juego588,SELL-597,1,597
juego589,SELL-598,1,598
juego590,SELL-599,1,599
juego591,SELL-600,1,600
juego592,SELL-601,1,601
juego593,SELL-602,1,602
juego594,SELL-603,1,603
juego595,SELL-604,1,604
juego596,SELL-605,1,605
juego597,SELL-606,1,606
juego598,SELL-607,1,607
juego599,SELL-608,1,608
juego600,SELL-609,1,609
juego601,SELL-610,1,610
juego602,SELL-611,1,611
juego603,SELL-612,1,612
juego604,SELL-613,1,613
juego605,SELL-614,1,614
juego606,SELL-615,1,615
juego607,SELL-616,1,616
juego608,SELL-617,1,617
juego609,SELL-618,1,618
juego610,SELL-619,1,619
juego611,SELL-620,1,620
juego612,SELL-621,1,621
juego613,SELL-622,1,622
juego614,SELL-623,1,623
juego615,SELL-624,1,624
juego616,SELL-625,1,625
juego617,SELL-626,1,626
juego618,SELL-627,1,627
juego619,SELL-628,1,628
juego620,SELL-629,1,629
juego621,SELL-630,1,630
juego622,SELL-631,1,631
juego623,SELL-632,1,632
juego624,SELL-633,1,633
juego625,SELL-634,1,634
juego626,SELL-635,1,635
juego627,SELL-636,1,636
juego628,SELL-637,1,637
juego629,SELL-638,1,638
juego630,SELL-639,1,639
juego631,SELL-640,1,640
juego632,SELL-641,1,641
juego633,SELL-642,1,642
juego634,SELL-643,1,643
juego635,SELL-644,1,644
juego636,SELL-645,1,645
juego637,SELL-646,1,646
juego638,SELL-647,1,647
juego639,SELL-648,1,648
juego640,SELL-649,1,649
juego641,SELL-650,1,650
juego642,SELL-651,1,651
juego643,SELL-652,1,652
juego644,SELL-653,1,653
juego645,SELL-654,1,654
juego646,SELL-655,1,655
juego647,SELL-656,1,656
juego648,SELL-657,1,657
juego649,SELL-658,1,658
juego650,SELL-659,1,659
juego651,SELL-660,1,660
juego652,SELL-661,1,661
juego653,SELL-662,1,662
juego654,SELL-663,1,663
juego655,SELL-664,1,664
juego656,SELL-665,1,665
juego657,SELL-666,1,666
juego658,SELL-667,1,667
juego659,SELL-668,1,668
juego660,SELL-669,1,669
juego661,SELL-670,1,670
juego662,SELL-671,1,671
juego663,SELL-672,1,672
juego664,SELL-673,1,673
juego665,SELL-674,1,674
juego666,SELL-675,1,675
juego667,SELL-676,1,676
juego668,SELL-677,1,677
juego669,SELL-678,1,678
juego670,SELL-679,1,679
juego671,SELL-680,1,680
juego672,SELL-681,1,681
juego673,SELL-682,1,682
juego674,SELL-683,1,683
juego675,SELL-684,1,684
juego676,SELL-685,1,685
juego677,SELL-686,1,686
juego678,SELL-687,1,687
juego679,SELL-688,1,688
juego680,SELL-689,1,689
juego681,SELL-690,1,690
juego682,SELL-691,1,691
juego683,SELL-692,1,692
juego684,SELL-693,1,693
juego685,SELL-694,1,694
juego686,SELL-695,1,695
juego687,SELL-696,1,696
juego688,SELL-697,1,697
juego689,SELL-698,1,698
juego690,SELL-699,1,699
juego691,SELL-700,1,700
juego692,SELL-701,1,701
juego693,SELL-702,1,702
juego694,SELL-703,1,703
juego695,SELL-704,1,704
juego696,SELL-705,1,705
juego697,SELL-706,1,706
juego698,SELL-707,1,707
juego699,SELL-708,1,708
juego700,SELL-709,1,709
juego701,SELL-710,1,710
juego702,SELL-711,1,711
juego703,SELL-712,1,712
juego704,SELL-713,1,713
juego705,SELL-714,1,714
juego706,SELL-715,1,715
juego707,SELL-716,1,716
juego708,SELL-717,1,717
juego709,SELL-718,1,718
juego710,SELL-719,1,719
juego711,SELL-720,1,720
juego712,SELL-721,1,721
juego713,SELL-722,1,722
juego714,SELL-723,1,723
juego715,SELL-724,1,724
juego716,SELL-725,1,725
juego717,SELL-726,1,726
juego718,SELL-727,1,727
juego719,SELL-728,1,728
juego720,SELL-729,1,729
juego721,SELL-730,1,730
juego722,SELL-731,1,731
juego723,SELL-732,1,732
juego724,SELL-733,1,733
juego725,SELL-734,1,734
juego726,SELL-735,1,735
juego727,SELL-736,1,736
juego728,SELL-737,1,737
juego729,SELL-738,1,738
juego730,SELL-739,1,739
juego731,SELL-740,1,740
juego732,SELL-741,1,741
juego733,SELL-742,1,742
juego734,SELL-743,1,743
juego735,SELL-744,1,744
juego736,SELL-745,1,745
juego737,SELL-746,1,746
juego738,SELL-747,1,747
juego739,SELL-748,1,748
juego740,SELL-749,1,749
juego741,SELL-750,1,750
juego742,SELL-751,1,751
juego743,SELL-752,1,752
juego744,SELL-753,1,753
juego745,SELL-754,1,754
juego746,SELL-755,1,755
juego747,SELL-756,1,756
juego748,SELL-757,1,757
juego749,SELL-758,1,758
juego750,SELL-759,1,759
juego751,SELL-760,1,760
juego752,SELL-761,1,761
juego753,SELL-762,1,762
juego754,SELL-763,1,763
juego755,SELL-764,1,764
juego756,SELL-765,1,765
juego757,SELL-766,1,766
juego758,SELL-767,1,767
juego759,SELL-768,1,768
juego760,SELL-769,1,769
juego761,SELL-770,1,770
juego762,SELL-771,1,771
juego763,SELL-772,1,772
juego764,SELL-773,1,773
juego765,SELL-774,1,774
juego766,SELL-775,1,775
juego767,SELL-776,1,776
juego768,SELL-777,1,777
juego769,SELL-778,1,778
juego770,SELL-779,1,779
juego771,SELL-780,1,780
juego772,SELL-781,1,781
juego773,SELL-782,1,782
juego774,SELL-783,1,783
juego775,SELL-784,1,784
juego776,SELL-785,1,785
juego777,SELL-786,1,786
juego778,SELL-787,1,787
juego779,SELL-788,1,788
juego780,SELL-789,1,789
juego781,SELL-790,1,790
juego782,SELL-791,1,791
juego783,SELL-792,1,792
juego784,SELL-793,1,793
juego785,SELL-794,1,794
juego786,SELL-795,1,795
juego787,SELL-796,1,796
juego788,SELL-797,1,797
juego789,SELL-798,1,798
juego790,SELL-799,1,799
juego791,SELL-800,1,800
juego792,SELL-801,1,801
juego793,SELL-802,1,802
juego794,SELL-803,1,803
juego795,SELL-804,1,804
juego796,SELL-805,1,805
juego797,SELL-806,1,806
juego798,SELL-807,1,807
juego799,SELL-808,1,808
juego800,SELL-809,1,809
juego801,SELL-810,1,810
juego802,SELL-811,1,811
juego803,SELL-812,1,812
juego804,SELL-813,1,813
juego805,SELL-814,1,814
juego806,SELL-815,1,815
juego807,SELL-816,1,816
juego808,SELL-817,1,817
juego809,SELL-818,1,818
juego810,SELL-819,1,819
juego811,SELL-820,1,820
juego812,SELL-821,1,821
juego813,SELL-822,1,822
juego814,SELL-823,1,823
juego815,SELL-824,1,824
juego816,SELL-825,1,825
juego817,SELL-826,1,826
juego818,SELL-827,1,827
juego819,SELL-828,1,828
juego820,SELL-829,1,829
juego821,SELL-830,1,830
juego822,SELL-831,1,831
juego823,SELL-832,1,832
juego824,SELL-833,1,833
juego825,SELL-834,1,834
juego826,SELL-835,1,835
juego827,SELL-836,1,836
juego828,SELL-837,1,837
juego829,SELL-838,1,838
juego830,SELL-839,1,839
juego831,SELL-840,1,840
juego832,SELL-841,1,841
juego833,SELL-842,1,842
juego834,SELL-843,1,843
juego835,SELL-844,1,844
juego836,SELL-845,1,845
juego837,SELL-846,1,846
juego838,SELL-847,1,847
juego839,SELL-848,1,848
juego840,SELL-849,1,849
juego841,SELL-850,1,850
juego842,SELL-851,1,851
juego843,SELL-852,1,852
juego844,SELL-853,1,853
juego845,SELL-854,1,854
juego846,SELL-855,1,855
juego847,SELL-856,1,856
juego848,SELL-857,1,857
juego849,SELL-858,1,858
juego850,SELL-859,1,859
juego851,SELL-860,1,860
juego852,SELL-861,1,861
juego853,SELL-862,1,862
juego854,SELL-863,1,863
juego855,SELL-864,1,864
juego856,SELL-865,1,865
juego857,SELL-866,1,866
juego858,SELL-867,1,867
juego859,SELL-868,1,868
juego860,SELL-869,1,869
juego861,SELL-870,1,870
juego862,SELL-871,1,871
juego863,SELL-872,1,872
juego864,SELL-873,1,873
juego865,SELL-874,1,874
juego866,SELL-875,1,875
juego867,SELL-876,1,876
juego868,SELL-877,1,877
juego869,SELL-878,1,878
juego870,SELL-879,1,879
juego871,SELL-880,1,880
juego872,SELL-881,1,881
juego873,SELL-882,1,882
juego874,SELL-883,1,883
juego875,SELL-884,1,884
juego876,SELL-885,1,885
juego877,SELL-886,1,886
juego878,SELL-887,1,887
juego879,SELL-888,1,888
juego880,SELL-889,1,889
juego881,SELL-890,1,890
juego882,SELL-891,1,891
juego883,SELL-892,1,892
juego884,SELL-893,1,893
juego885,SELL-894,1,894
juego886,SELL-895,1,895
juego887,SELL-896,1,896
juego888,SELL-897,1,897
juego889,SELL-898,1,898
juego890,SELL-899,1,899
juego891,SELL-900,1,900
juego892,SELL-901,1,901
juego893,SELL-902,1,902
juego894,SELL-903,1,903
juego895,SELL-904,1,904
juego896,SELL-905,1,905
juego897,SELL-906,1,906
juego898,SELL-907,1,907
juego899,SELL-908,1,908
juego900,SELL-909,1,909
juego901,SELL-910,1,910
juego902,SELL-911,1,911
juego903,SELL-912,1,912
juego904,SELL-913,1,913
juego905,SELL-914,1,914
juego906,SELL-915,1,915
juego907,SELL-916,1,916
juego908,SELL-917,1,917
juego909,SELL-918,1,918
juego910,SELL-919,1,919
juego911,SELL-920,1,920
juego912,SELL-921,1,921
juego913,SELL-922,1,922
juego914,SELL-923,1,923
juego915,SELL-924,1,924
juego916,SELL-925,1,925
juego917,SELL-926,1,926
juego918,SELL-927,1,927
juego919,SELL-928,1,928
juego920,SELL-929,1,929
juego921,SELL-930,1,930
juego922,SELL-931,1,931
juego923,SELL-932,1,932
juego924,SELL-933,1,933
juego925,SELL-934,1,934
juego926,SELL-935,1,935
juego927,SELL-936,1,936
juego928,SELL-937,1,937
juego929,SELL-938,1,938
juego930,SELL-939,1,939
juego931,SELL-940,1,940
juego932,SELL-941,1,941
juego933,SELL-942,1,942
juego934,SELL-943,1,943
juego935,SELL-944,1,944
juego936,SELL-945,1,945
juego937,SELL-946,1,946
juego938,SELL-947,1,947
juego939,SELL-948,1,948
juego940,SELL-949,1,949
juego941,SELL-950,1,950
juego942,SELL-951,1,951
juego943,SELL-952,1,952
juego944,SELL-953,1,953
juego945,SELL-954,1,954
juego946,SELL-955,1,955
juego947,SELL-956,1,956
juego948,SELL-957,1,957
juego949,SELL-958,1,958
juego950,SELL-959,1,959
juego951,SELL-960,1,960
juego952,SELL-961,1,961
juego953,SELL-962,1,962
juego954,SELL-963,1,963
juego955,SELL-964,1,964
juego956,SELL-965,1,965
juego957,SELL-966,1,966
juego958,SELL-967,1,967
juego959,SELL-968,1,968
juego960,SELL-969,1,969
juego961,SELL-970,1,970
juego962,SELL-971,1,971
juego963,SELL-972,1,972
juego964,SELL-973,1,973
juego965,SELL-974,1,974
juego966,SELL-975,1,975
juego967,SELL-976,1,976
juego968,SELL-977,1,977
juego969,SELL-978,1,978
juego970,SELL-979,1,979
juego971,SELL-980,1,980
juego972,SELL-981,1,981
juego973,SELL-982,1,982
juego974,SELL-983,1,983
juego975,SELL-984,1,984
juego976,SELL-985,1,985
juego977,SELL-986,1,986
juego978,SELL-987,1,987
juego979,SELL-988,1,988
juego980,SELL-989,1,989
juego981,SELL-990,1,990
juego982,SELL-991,1,991
juego983,SELL-992,1,992
juego984,SELL-993,1,993
juego985,SELL-994,1,994
juego986,SELL-995,1,995
juego987,SELL-996,1,996
juego988,SELL-997,1,997
juego989,SELL-998,1,998
juego990,SELL-999,1,999
juego991,SELL-1000,1,1000
juego992,SELL-1001,1,1001
juego993,SELL-1002,1,1002
juego994,SELL-1003,1,1003
juego995,SELL-1004,1,1004
juego996,SELL-1005,1,1005
juego997,SELL-1006,1,1006
juego998,SELL-1007,1,1007
juego999,SELL-1008,1,1008
juego1000,SELL-1009,1,1009
juego1001,SELL-1010,1,1010
juego1002,SELL-1011,1,1011
juego1003,SELL-1012,1,1012
juego1004,SELL-1013,1,1013
juego1005,SELL-1014,1,1014
juego1006,SELL-1015,1,1015
juego1007,SELL-1016,1,1016
juego1008,SELL-1017,1,1017
juego1009,SELL-1018,1,1018
juego1010,SELL-1019,1,1019
juego1011,SELL-1020,1,1020
juego1012,SELL-1021,1,1021
juego1013,SELL-1022,1,1022
juego1014,SELL-1023,1,1023
juego1015,SELL-1024,1,1024
juego1016,SELL-1025,1,1025
juego1017,SELL-1026,1,1026
juego1018,SELL-1027,1,1027
juego1019,SELL-1028,1,1028
juego1020,SELL-1029,1,1029
juego1021,SELL-1030,1,1030
juego1022,SELL-1031,1,1031
juego1023,SELL-1032,1,1032
juego1024,SELL-1033,1,1033
juego1025,SELL-1034,1,1034
juego1026,SELL-1035,1,1035
juego1027,SELL-1036,1,1036
juego1028,SELL-1037,1,1037
juego1029,SELL-1038,1,1038
juego1030,SELL-1039,1,1039
juego1031,SELL-1040,1,1040
juego1032,SELL-1041,1,1041
juego1033,SELL-1042,1,1042
juego1034,SELL-1043,1,1043
juego1035,SELL-1044,1,1044
juego1036,SELL-1045,1,1045
juego1037,SELL-1046,1,1046
juego1038,SELL-1047,1,1047
juego1039,SELL-1048,1,1048
juego1040,SELL-1049,1,1049
juego1041,SELL-1050,1,1050
juego1042,SELL-1051,1,1051
juego1043,SELL-1052,1,1052
juego1044,SELL-1053,1,1053
juego1045,SELL-1054,1,1054
juego1046,SELL-1055,1,1055
juego1047,SELL-1056,1,1056
juego1048,SELL-1057,1,1057
juego1049,SELL-1058,1,1058
juego1050,SELL-1059,1,1059
juego1051,SELL-1060,1,1060
juego1052,SELL-1061,1,1061
juego1053,SELL-1062,1,1062
juego1054,SELL-1063,1,1063
juego1055,SELL-1064,1,1064
juego1056,SELL-1065,1,1065
juego1057,SELL-1066,1,1066
juego1058,SELL-1067,1,1067
juego1059,SELL-1068,1,1068
juego1060,SELL-1069,1,1069
juego1061,SELL-1070,1,1070
juego1062,SELL-1071,1,1071
juego1063,SELL-1072,1,1072
juego1064,SELL-1073,1,1073
juego1065,SELL-1074,1,1074
juego1066,SELL-1075,1,1075
juego1067,SELL-1076,1,1076
juego1068,SELL-1077,1,1077
juego1069,SELL-1078,1,1078
juego1070,SELL-1079,1,1079
juego1071,SELL-1080,1,1080
juego1072,SELL-1081,1,1081
juego1073,SELL-1082,1,1082
juego1074,SELL-1083,1,1083
juego1075,SELL-1084,1,1084
juego1076,SELL-1085,1,1085
juego1077,SELL-1086,1,1086
juego1078,SELL-1087,1,1087
juego1079,SELL-1088,1,1088
juego1080,SELL-1089,1,1089
juego1081,SELL-1090,1,1090
juego1082,SELL-1091,1,1091
juego1083,SELL-1092,1,1092
juego1084,SELL-1093,1,1093
juego1085,SELL-1094,1,1094
juego1086,SELL-1095,1,1095
juego1087,SELL-1096,1,1096
juego1088,SELL-1097,1,1097
juego1089,SELL-1098,1,1098
juego1090,SELL-1099,1,1099
juego1091,SELL-1100,1,1100
juego1092,SELL-1101,1,1101
juego1093,SELL-1102,1,1102
juego1094,SELL-1103,1,1103
juego1095,SELL-1104,1,1104
juego1096,SELL-1105,1,1105
juego1097,SELL-1106,1,1106
juego1098,SELL-1107,1,1107
juego1099,SELL-1108,1,1108
juego1100,SELL-1109,1,1109
juego1101,SELL-1110,1,1110
juego1102,SELL-1111,1,1111
juego1103,SELL-1112,1,1112
juego1104,SELL-1113,1,1113
juego1105,SELL-1114,1,1114
juego1106,SELL-1115,1,1115
juego1107,SELL-1116,1,1116
juego1108,SELL-1117,1,1117
juego1109,SELL-1118,1,1118
juego1110,SELL-1119,1,1119
juego1111,SELL-1120,1,1120
juego1112,SELL-1121,1,1121
juego1113,SELL-1122,1,1122
juego1114,SELL-1123,1,1123
juego1115,SELL-1124,1,1124
juego1116,SELL-1125,1,1125
juego1117,SELL-1126,1,1126
juego1118,SELL-1127,1,1127
juego1119,SELL-1128,1,1128
juego1120,SELL-1129,1,1129
juego1121,SELL-1130,1,1130
juego1122,SELL-1131,1,1131
juego1123,SELL-1132,1,1132
juego1124,SELL-1133,1,1133
juego1125,SELL-1134,1,1134
juego1126,SELL-1135,1,1135
juego1127,SELL-1136,1,1136
juego1128,SELL-1137,1,1137
juego1129,SELL-1138,1,1138
juego1130,SELL-1139,1,1139
juego1131,SELL-1140,1,1140
juego1132,SELL-1141,1,1141
juego1133,SELL-1142,1,1142
juego1134,SELL-1143,1,1143
juego1135,SELL-1144,1,1144
juego1136,SELL-1145,1,1145
juego1137,SELL-1146,1,1146
juego1138,SELL-1147,1,1147
juego1139,SELL-1148,1,1148
juego1140,SELL-1149,1,1149
juego1141,SELL-1150,1,1150
juego1142,SELL-1151,1,1151
juego1143,SELL-1152,1,1152
juego1144,SELL-1153,1,1153
juego1145,SELL-1154,1,1154
juego1146,SELL-1155,1,1155
juego1147,SELL-1156,1,1156
juego1148,SELL-1157,1,1157
juego1149,SELL-1158,1,1158
juego1150,SELL-1159,1,1159
juego1151,SELL-1160,1,1160
juego1152,SELL-1161,1,1161
juego1153,SELL-1162,1,1162
juego1154,SELL-1163,1,1163
juego1155,SELL-1164,1,1164
juego1156,SELL-1165,1,1165
juego1157,SELL-1166,1,1166
juego1158,SELL-1167,1,1167
juego1159,SELL-1168,1,1168
juego1160,SELL-1169,1,1169
juego1161,SELL-1170,1,1170
juego1162,SELL-1171,1,1171
juego1163,SELL-1172,1,1172
juego1164,SELL-1173,1,1173
juego1165,SELL-1174,1,1174
juego1166,SELL-1175,1,1175
juego1167,SELL-1176,1,1176
juego1168,SELL-1177,1,1177
juego1169,SELL-1178,1,1178
juego1170,SELL-1179,1,1179
juego1171,SELL-1180,1,1180
juego1172,SELL-1181,1,1181
juego1173,SELL-1182,1,1182
juego1174,SELL-1183,1,1183
juego1175,SELL-1184,1,1184
juego1176,SELL-1185,1,1185
juego1177,SELL-1186,1,1186
juego1178,SELL-1187,1,1187
juego1179,SELL-1188,1,1188
juego1180,SELL-1189,1,1189
juego1181,SELL-1190,1,1190
juego1182,SELL-1191,1,1191
juego1183,SELL-1192,1,1192
juego1184,SELL-1193,1,1193
juego1185,SELL-1194,1,1194
juego1186,SELL-1195,1,1195
juego1187,SELL-1196,1,1196
juego1188,SELL-1197,1,1197
juego1189,SELL-1198,1,1198
juego1190,SELL-1199,1,1199
juego1191,SELL-1200,1,1200
juego1192,SELL-1201,1,1201
juego1193,SELL-1202,1,1202
juego1194,SELL-1203,1,1203
juego1195,SELL-1204,1,1204
juego1196,SELL-1205,1,1205
juego1197,SELL-1206,1,1206
juego1198,SELL-1207,1,1207
juego1199,SELL-1208,1,1208
juego1200,SELL-1209,1,1209
juego1201,SELL-1210,1,1210
juego1202,SELL-1211,1,1211
juego1203,SELL-1212,1,1212
juego1204,SELL-1213,1,1213
juego1205,SELL-1214,1,1214
juego1206,SELL-1215,1,1215
juego1207,SELL-1216,1,1216
juego1208,SELL-1217,1,1217
juego1209,SELL-1218,1,1218
juego1210,SELL-1219,1,1219
juego1211,SELL-1220,1,1220
juego1212,SELL-1221,1,1221
juego1213,SELL-1222,1,1222
juego1214,SELL-1223,1,1223
juego1215,SELL-1224,1,1224
juego1216,SELL-1225,1,1225
juego1217,SELL-1226,1,1226
juego1218,SELL-1227,1,1227
juego1219,SELL-1228,1,1228
juego1220,SELL-1229,1,1229
juego1221,SELL-1230,1,1230
juego1222,SELL-1231,1,1231
juego1223,SELL-1232,1,1232
juego1224,SELL-1233,1,1233
juego1225,SELL-1234,1,1234
juego1226,SELL-1235,1,1235
juego1227,SELL-1236,1,1236
juego1228,SELL-1237,1,1237
juego1229,SELL-1238,1,1238
juego1230,SELL-1239,1,1239
juego1231,SELL-1240,1,1240
juego1232,SELL-1241,1,1241
juego1233,SELL-1242,1,1242
juego1234,SELL-1243,1,1243
juego1235,SELL-1244,1,1244
juego1236,SELL-1245,1,1245
juego1237,SELL-1246,1,1246
juego1238,SELL-1247,1,1247
juego1239,SELL-1248,1,1248
juego1240,SELL-1249,1,1249
juego1241,SELL-1250,1,1250
juego1242,SELL-1251,1,1251
juego1243,SELL-1252,1,1252
juego1244,SELL-1253,1,1253
juego1245,SELL-1254,1,1254
juego1246,SELL-1255,1,1255
juego1247,SELL-1256,1,1256
juego1248,SELL-1257,1,1257
juego1249,SELL-1258,1,1258
juego1250,SELL-1259,1,1259
juego1251,SELL-1260,1,1260
juego1252,SELL-1261,1,1261
juego1253,SELL-1262,1,1262
juego1254,SELL-1263,1,1263
juego1255,SELL-1264,1,1264
juego1256,SELL-1265,1,1265
juego1257,SELL-1266,1,1266
juego1258,SELL-1267,1,1267
juego1259,SELL-1268,1,1268
juego1260,SELL-1269,1,1269
juego1261,SELL-1270,1,1270
juego1262,SELL-1271,1,1271
juego1263,SELL-1272,1,1272
juego1264,SELL-1273,1,1273
juego1265,SELL-1274,1,1274
juego1266,SELL-1275,1,1275
juego1267,SELL-1276,1,1276
juego1268,SELL-1277,1,1277
juego1269,SELL-1278,1,1278
juego1270,SELL-1279,1,1279
juego1271,SELL-1280,1,1280
juego1272,SELL-1281,1,1281
juego1273,SELL-1282,1,1282
juego1274,SELL-1283,1,1283
juego1275,SELL-1284,1,1284
juego1276,SELL-1285,1,1285
juego1277,SELL-1286,1,1286
juego1278,SELL-1287,1,1287
juego1279,SELL-1288,1,1288
juego1280,SELL-1289,1,1289
juego1281,SELL-1290,1,1290
juego1282,SELL-1291,1,1291
juego1283,SELL-1292,1,1292
juego1284,SELL-1293,1,1293
juego1285,SELL-1294,1,1294
juego1286,SELL-1295,1,1295
juego1287,SELL-1296,1,1296
juego1288,SELL-1297,1,1297
juego1289,SELL-1298,1,1298
juego1290,SELL-1299,1,1299
juego1291,SELL-1300,1,1300
juego1292,SELL-1301,1,1301
juego1293,SELL-1302,1,1302
juego1294,SELL-1303,1,1303
juego1295,SELL-1304,1,1304
juego1296,SELL-1305,1,1305
juego1297,SELL-1306,1,1306
juego1298,SELL-1307,1,1307
juego1299,SELL-1308,1,1308
juego1300,SELL-1309,1,1309
juego1301,SELL-1310,1,1310
juego1302,SELL-1311,1,1311
juego1303,SELL-1312,1,1312
juego1304,SELL-1313,1,1313
juego1305,SELL-1314,1,1314
juego1306,SELL-1315,1,1315
juego1307,SELL-1316,1,1316
juego1308,SELL-1317,1,1317
juego1309,SELL-1318,1,1318
juego1310,SELL-1319,1,1319
juego1311,SELL-1320,1,1320
juego1312,SELL-1321,1,1321
juego1313,SELL-1322,1,1322
juego1314,SELL-1323,1,1323
juego1315,SELL-1324,1,1324
juego1316,SELL-1325,1,1325
juego1317,SELL-1326,1,1326
juego1318,SELL-1327,1,1327
juego1319,SELL-1328,1,1328
juego1320,SELL-1329,1,1329
juego1321,SELL-1330,1,1330
juego1322,SELL-1331,1,1331
juego1323,SELL-1332,1,1332
juego1324,SELL-1333,1,1333
juego1325,SELL-1334,1,1334
juego1326,SELL-1335,1,1335
juego1327,SELL-1336,1,1336
juego1328,SELL-1337,1,1337
juego1329,SELL-1338,1,1338
juego1330,SELL-1339,1,1339
juego1331,SELL-1340,1,1340
juego1332,SELL-1341,1,1341
juego1333,SELL-1342,1,1342
juego1334,SELL-1343,1,1343
juego1335,SELL-1344,1,1344
juego1336,SELL-1345,1,1345
juego1337,SELL-1346,1,1346
juego1338,SELL-1347,1,1347
juego1339,SELL-1348,1,1348
juego1340,SELL-1349,1,1349
juego1341,SELL-1350,1,1350
juego1342,SELL-1351,1,1351
juego1343,SELL-1352,1,1352
juego1344,SELL-1353,1,1353
juego1345,SELL-1354,1,1354
juego1346,SELL-1355,1,1355
juego1347,SELL-1356,1,1356
juego1348,SELL-1357,1,1357
juego1349,SELL-1358,1,1358
juego1350,SELL-1359,1,1359
juego1351,SELL-1360,1,1360
juego1352,SELL-1361,1,1361
juego1353,SELL-1362,1,1362
juego1354,SELL-1363,1,1363
juego1355,SELL-1364,1,1364
juego1356,SELL-1365,1,1365
juego1357,SELL-1366,1,1366
juego1358,SELL-1367,1,1367
juego1359,SELL-1368,1,1368
juego1360,SELL-1369,1,1369
juego1361,SELL-1370,1,1370
juego1362,SELL-1371,1,1371
juego1363,SELL-1372,1,1372
juego1364,SELL-1373,1,1373
juego1365,SELL-1374,1,1374
juego1366,SELL-1375,1,1375
juego1367,SELL-1376,1,1376
juego1368,SELL-1377,1,1377
juego1369,SELL-1378,1,1378
juego1370,SELL-1379,1,1379
juego1371,SELL-1380,1,1380
juego1372,SELL-1381,1,1381
juego1373,SELL-1382,1,1382
juego1374,SELL-1383,1,1383
juego1375,SELL-1384,1,1384
juego1376,SELL-1385,1,1385
juego1377,SELL-1386,1,1386
juego1378,SELL-1387,1,1387
juego1379,SELL-1388,1,1388
juego1380,SELL-1389,1,1389
juego1381,SELL-1390,1,1390
juego1382,SELL-1391,1,1391
juego1383,SELL-1392,1,1392
juego1384,SELL-1393,1,1393
juego1385,SELL-1394,1,1394
juego1386,SELL-1395,1,1395
juego1387,SELL-1396,1,1396
juego1388,SELL-1397,1,1397
juego1389,SELL-1398,1,1398
juego1390,SELL-1399,1,1399
juego1391,SELL-1400,1,1400
juego1392,SELL-1401,1,1401
juego1393,SELL-1402,1,1402
juego1394,SELL-1403,1,1403
juego1395,SELL-1404,1,1404
juego1396,SELL-1405,1,1405
juego1397,SELL-1406,1,1406
juego1398,SELL-1407,1,1407
juego1399,SELL-1408,1,1408
juego1400,SELL-1409,1,1409
juego1401,SELL-1410,1,1410
juego1402,SELL-1411,1,1411
juego1403,SELL-1412,1,1412
juego1404,SELL-1413,1,1413
juego1405,SELL-1414,1,1414
juego1406,SELL-1415,1,1415
juego1407,SELL-1416,1,1416
juego1408,SELL-1417,1,1417
juego1409,SELL-1418,1,1418
juego1410,SELL-1419,1,1419
juego1411,SELL-1420,1,1420
juego1412,SELL-1421,1,1421
juego1413,SELL-1422,1,1422
juego1414,SELL-1423,1,1423
juego1415,SELL-1424,1,1424
juego1416,SELL-1425,1,1425
juego1417,SELL-1426,1,1426
juego1418,SELL-1427,1,1427
juego1419,SELL-1428,1,1428
juego1420,SELL-1429,1,1429
juego1421,SELL-1430,1,1430
juego1422,SELL-1431,1,1431
juego1423,SELL-1432,1,1432
juego1424,SELL-1433,1,1433
juego1425,SELL-1434,1,1434
juego1426,SELL-1435,1,1435
juego1427,SELL-1436,1,1436
juego1428,SELL-1437,1,1437
juego1429,SELL-1438,1,1438
juego1430,SELL-1439,1,1439
juego1431,SELL-1440,1,1440
juego1432,SELL-1441,1,1441
juego1433,SELL-1442,1,1442
juego1434,SELL-1443,1,1443
juego1435,SELL-1444,1,1444
juego1436,SELL-1445,1,1445
juego1437,SELL-1446,1,1446
juego1438,SELL-1447,1,1447
juego1439,SELL-1448,1,1448
juego1440,SELL-1449,1,1449
juego1441,SELL-1450,1,1450
juego1442,SELL-1451,1,1451
juego1443,SELL-1452,1,1452
juego1444,SELL-1453,1,1453
juego1445,SELL-1454,1,1454
juego1446,SELL-1455,1,1455
juego1447,SELL-1456,1,1456
juego1448,SELL-1457,1,1457
juego1449,SELL-1458,1,1458
juego1450,SELL-1459,1,1459
juego1451,SELL-1460,1,1460
juego1452,SELL-1461,1,1461
juego1453,SELL-1462,1,1462
juego1454,SELL-1463,1,1463
juego1455,SELL-1464,1,1464
juego1456,SELL-1465,1,1465
juego1457,SELL-1466,1,1466
juego1458,SELL-1467,1,1467
juego1459,SELL-1468,1,1468
juego1460,SELL-1469,1,1469
juego1461,SELL-1470,1,1470
juego1462,SELL-1471,1,1471
juego1463,SELL-1472,1,1472
juego1464,SELL-1473,1,1473
juego1465,SELL-1474,1,1474
juego1466,SELL-1475,1,1475
juego1467,SELL-1476,1,1476
juego1468,SELL-1477,1,1477
juego1469,SELL-1478,1,1478
juego1470,SELL-1479,1,1479
juego1471,SELL-1480,1,1480
juego1472,SELL-1481,1,1481
juego1473,SELL-1482,1,1482
juego1474,SELL-1483,1,1483
juego1475,SELL-1484,1,1484
juego1476,SELL-1485,1,1485
juego1477,SELL-1486,1,1486
juego1478,SELL-1487,1,1487
juego1479,SELL-1488,1,1488
juego1480,SELL-1489,1,1489
juego1481,SELL-1490,1,1490
juego1482,SELL-1491,1,1491
juego1483,SELL-1492,1,1492
juego1484,SELL-1493,1,1493
juego1485,SELL-1494,1,1494
juego1486,SELL-1495,1,1495
juego1487,SELL-1496,1,1496
juego1488,SELL-1497,1,1497
juego1489,SELL-1498,1,1498
juego1490,SELL-1499,1,1499
juego1491,SELL-1500,1,1500
juego1492,SELL-1501,1,1501
juego1493,SELL-1502,1,1502
juego1494,SELL-1503,1,1503
juego1495,SELL-1504,1,1504
juego1496,SELL-1505,1,1505
juego1497,SELL-1506,1,1506
juego1498,SELL-1507,1,1507
juego1499,SELL-1508,1,1508
juego1500,SELL-1509,1,1509
juego1501,SELL-1510,1,1510
juego1502,SELL-1511,1,1511
juego1503,SELL-1512,1,1512
juego1504,SELL-1513,1,1513
juego1505,SELL-1514,1,1514
juego1506,SELL-1515,1,1515
juego1507,SELL-1516,1,1516
juego1508,SELL-1517,1,1517
juego1509,SELL-1518,1,1518
juego1510,SELL-1519,1,1519
juego1511,SELL-1520,1,1520
juego1512,SELL-1521,1,1521
juego1513,SELL-1522,1,1522
juego1514,SELL-1523,1,1523
juego1515,SELL-1524,1,1524
juego1516,SELL-1525,1,1525
juego1517,SELL-1526,1,1526
juego1518,SELL-1527,1,1527
juego1519,SELL-1528,1,1528
juego1520,SELL-1529,1,1529
juego1521,SELL-1530,1,1530
juego1522,SELL-1531,1,1531
juego1523,SELL-1532,1,1532
juego1524,SELL-1533,1,1533
juego1525,SELL-1534,1,1534
juego1526,SELL-1535,1,1535
juego1527,SELL-1536,1,1536
juego1528,SELL-1537,1,1537
juego1529,SELL-1538,1,1538
juego1530,SELL-1539,1,1539
juego1531,SELL-1540,1,1540
juego1532,SELL-1541,1,1541
juego1533,SELL-1542,1,1542
juego1534,SELL-1543,1,1543
juego1535,SELL-1544,1,1544
juego1536,SELL-1545,1,1545
juego1537,SELL-1546,1,1546
juego1538,SELL-1547,1,1547
juego1539,SELL-1548,1,1548
juego1540,SELL-1549,1,1549
juego1541,SELL-1550,1,1550
juego1542,SELL-1551,1,1551
juego1543,SELL-1552,1,1552
juego1544,SELL-1553,1,1553
juego1545,SELL-1554,1,1554
juego1546,SELL-1555,1,1555
juego1547,SELL-1556,1,1556
juego1548,SELL-1557,1,1557
juego1549,SELL-1558,1,1558
juego1550,SELL-1559,1,1559
juego1551,SELL-1560,1,1560
juego1552,SELL-1561,1,1561
juego1553,SELL-1562,1,1562
juego1554,SELL-1563,1,1563
juego1555,SELL-1564,1,1564
juego1556,SELL-1565,1,1565
juego1557,SELL-1566,1,1566
juego1558,SELL-1567,1,1567
juego1559,SELL-1568,1,1568
juego1560,SELL-1569,1,1569
juego1561,SELL-1570,1,1570
juego1562,SELL-1571,1,1571
juego1563,SELL-1572,1,1572
juego1564,SELL-1573,1,1573
juego1565,SELL-1574,1,1574
juego1566,SELL-1575,1,1575
juego1567,SELL-1576,1,1576
juego1568,SELL-1577,1,1577
juego1569,SELL-1578,1,1578
juego1570,SELL-1579,1,1579
juego1571,SELL-1580,1,1580
juego1572,SELL-1581,1,1581
juego1573,SELL-1582,1,1582
juego1574,SELL-1583,1,1583
juego1575,SELL-1584,1,1584
juego1576,SELL-1585,1,1585
juego1577,SELL-1586,1,1586
juego1578,SELL-1587,1,1587
juego1579,SELL-1588,1,1588
juego1580,SELL-1589,1,1589
juego1581,SELL-1590,1,1590
juego1582,SELL-1591,1,1591
juego1583,SELL-1592,1,1592
juego1584,SELL-1593,1,1593
juego1585,SELL-1594,1,1594
juego1586,SELL-1595,1,1595
juego1587,SELL-1596,1,1596
juego1588,SELL-1597,1,1597
juego1589,SELL-1598,1,1598
juego1590,SELL-1599,1,1599
juego1591,SELL-1600,1,1600
juego1592,SELL-1601,1,1601
juego1593,SELL-1602,1,1602
juego1594,SELL-1603,1,1603
juego1595,SELL-1604,1,1604
juego1596,SELL-1605,1,1605
juego1597,SELL-1606,1,1606
juego1598,SELL-1607,1,1607
juego1599,SELL-1608,1,1608
juego1600,SELL-1609,1,1609
juego1601,SELL-1610,1,1610
juego1602,SELL-1611,1,1611
juego1603,SELL-1612,1,1612
juego1604,SELL-1613,1,1613
juego1605,SELL-1614,1,1614
juego1606,SELL-1615,1,1615
juego1607,SELL-1616,1,1616
juego1608,SELL-1617,1,1617
juego1609,SELL-1618,1,1618
juego1610,SELL-1619,1,1619
juego1611,SELL-1620,1,1620
juego1612,SELL-1621,1,1621
juego1613,SELL-1622,1,1622
juego1614,SELL-1623,1,1623
juego1615,SELL-1624,1,1624
juego1616,SELL-1625,1,1625
juego1617,SELL-1626,1,1626
juego1618,SELL-1627,1,1627
juego1619,SELL-1628,1,1628
juego1620,SELL-1629,1,1629
juego1621,SELL-1630,1,1630
juego1622,SELL-1631,1,1631
juego1623,SELL-1632,1,1632
juego1624,SELL-1633,1,1633
juego1625,SELL-1634,1,1634
juego1626,SELL-1635,1,1635
juego1627,SELL-1636,1,1636
juego1628,SELL-1637,1,1637
juego1629,SELL-1638,1,1638
juego1630,SELL-1639,1,1639
juego1631,SELL-1640,1,1640
juego1632,SELL-1641,1,1641
juego1633,SELL-1642,1,1642
juego1634,SELL-1643,1,1643
juego1635,SELL-1644,1,1644
juego1636,SELL-1645,1,1645
juego1637,SELL-1646,1,1646
juego1638,SELL-1647,1,1647
juego1639,SELL-1648,1,1648
juego1640,SELL-1649,1,1649
juego1641,SELL-1650,1,1650
juego1642,SELL-1651,1,1651
juego1643,SELL-1652,1,1652
juego1644,SELL-1653,1,1653
juego1645,SELL-1654,1,1654
juego1646,SELL-1655,1,1655
juego1647,SELL-1656,1,1656
juego1648,SELL-1657,1,1657
juego1649,SELL-1658,1,1658
juego1650,SELL-1659,1,1659
juego1651,SELL-1660,1,1660
juego1652,SELL-1661,1,1661
juego1653,SELL-1662,1,1662
juego1654,SELL-1663,1,1663
juego1655,SELL-1664,1,1664
juego1656,SELL-1665,1,1665
juego1657,SELL-1666,1,1666
juego1658,SELL-1667,1,1667
juego1659,SELL-1668,1,1668
juego1660,SELL-1669,1,1669
juego1661,SELL-1670,1,1670
juego1662,SELL-1671,1,1671
juego1663,SELL-1672,1,1672
juego1664,SELL-1673,1,1673
juego1665,SELL-1674,1,1674
juego1666,SELL-1675,1,1675
juego1667,SELL-1676,1,1676
juego1668,SELL-1677,1,1677
juego1669,SELL-1678,1,1678
juego1670,SELL-1679,1,1679
juego1671,SELL-1680,1,1680
juego1672,SELL-1681,1,1681
juego1673,SELL-1682,1,1682
juego1674,SELL-1683,1,1683
juego1675,SELL-1684,1,1684
juego1676,SELL-1685,1,1685
juego1677,SELL-1686,1,1686
juego1678,SELL-1687,1,1687
juego1679,SELL-1688,1,1688
juego1680,SELL-1689,1,1689
juego1681,SELL-1690,1,1690
juego1682,SELL-1691,1,1691
juego1683,SELL-1692,1,1692
juego1684,SELL-1693,1,1693
juego1685,SELL-1694,1,1694
juego1686,SELL-1695,1,1695
juego1687,SELL-1696,1,1696
juego1688,SELL-1697,1,1697
juego1689,SELL-1698,1,1698
juego1690,SELL-1699,1,1699
juego1691,SELL-1700,1,1700
juego1692,SELL-1701,1,1701
juego1693,SELL-1702,1,1702
juego1694,SELL-1703,1,1703
juego1695,SELL-1704,1,1704
juego1696,SELL-1705,1,1705
juego1697,SELL-1706,1,1706
juego1698,SELL-1707,1,1707
juego1699,SELL-1708,1,1708
juego1700,SELL-1709,1,1709
juego1701,SELL-1710,1,1710
juego1702,SELL-1711,1,1711
juego1703,SELL-1712,1,1712
juego1704,SELL-1713,1,1713
juego1705,SELL-1714,1,1714
juego1706,SELL-1715,1,1715
juego1707,SELL-1716,1,1716
juego1708,SELL-1717,1,1717
juego1709,SELL-1718,1,1718
juego1710,SELL-1719,1,1719
juego1711,SELL-1720,1,1720
juego1712,SELL-1721,1,1721
juego1713,SELL-1722,1,1722
juego1714,SELL-1723,1,1723
juego1715,SELL-1724,1,1724
juego1716,SELL-1725,1,1725
juego1717,SELL-1726,1,1726
juego1718,SELL-1727,1,1727
juego1719,SELL-1728,1,1728
juego1720,SELL-1729,1,1729
juego1721,SELL-1730,1,1730
juego1722,SELL-1731,1,1731
juego1723,SELL-1732,1,1732
juego1724,SELL-1733,1,1733
juego1725,SELL-1734,1,1734
juego1726,SELL-1735,1,1735
juego1727,SELL-1736,1,1736
juego1728,SELL-1737,1,1737
juego1729,SELL-1738,1,1738
juego1730,SELL-1739,1,1739
juego1731,SELL-1740,1,1740
juego1732,SELL-1741,1,1741
juego1733,SELL-1742,1,1742
juego1734,SELL-1743,1,1743
juego1735,SELL-1744,1,1744
juego1736,SELL-1745,1,1745
juego1737,SELL-1746,1,1746
juego1738,SELL-1747,1,1747
juego1739,SELL-1748,1,1748
juego1740,SELL-1749,1,1749
juego1741,SELL-1750,1,1750
juego1742,SELL-1751,1,1751
juego1743,SELL-1752,1,1752
juego1744,SELL-1753,1,1753
juego1745,SELL-1754,1,1754
juego1746,SELL-1755,1,1755
juego1747,SELL-1756,1,1756
juego1748,SELL-1757,1,1757
juego1749,SELL-1758,1,1758
juego1750,SELL-1759,1,1759
juego1751,SELL-1760,1,1760
juego1752,SELL-1761,1,1761
juego1753,SELL-1762,1,1762
juego1754,SELL-1763,1,1763
juego1755,SELL-1764,1,1764
juego1756,SELL-1765,1,1765
juego1757,SELL-1766,1,1766
juego1758,SELL-1767,1,1767
juego1759,SELL-1768,1,1768
juego1760,SELL-1769,1,1769
juego1761,SELL-1770,1,1770
juego1762,SELL-1771,1,1771
juego1763,SELL-1772,1,1772
juego1764,SELL-1773,1,1773
juego1765,SELL-1774,1,1774
juego1766,SELL-1775,1,1775
juego1767,SELL-1776,1,1776
juego1768,SELL-1777,1,1777
juego1769,SELL-1778,1,1778
juego1770,SELL-1779,1,1779
juego1771,SELL-1780,1,1780
juego1772,SELL-1781,1,1781
juego1773,SELL-1782,1,1782
juego1774,SELL-1783,1,1783
juego1775,SELL-1784,1,1784
juego1776,SELL-1785,1,1785
juego1777,SELL-1786,1,1786
juego1778,SELL-1787,1,1787
juego1779,SELL-1788,1,1788
juego1780,SELL-1789,1,1789
juego1781,SELL-1790,1,1790
juego1782,SELL-1791,1,1791
juego1783,SELL-1792,1,1792
juego1784,SELL-1793,1,1793
juego1785,SELL-1794,1,1794
juego1786,SELL-1795,1,1795
juego1787,SELL-1796,1,1796
juego1788,SELL-1797,1,1797
juego1789,SELL-1798,1,1798
juego1790,SELL-1799,1,1799
juego1791,SELL-1800,1,1800
juego1792,SELL-1801,1,1801
juego1793,SELL-1802,1,1802
juego1794,SELL-1803,1,1803
juego1795,SELL-1804,1,1804
juego1796,SELL-1805,1,1805
juego1797,SELL-1806,1,1806
juego1798,SELL-1807,1,1807
juego1799,SELL-1808,1,1808
juego1800,SELL-1809,1,1809
juego1801,SELL-1810,1,1810
juego1802,SELL-1811,1,1811
juego1803,SELL-1812,1,1812
juego1804,SELL-1813,1,1813
juego1805,SELL-1814,1,1814
juego1806,SELL-1815,1,1815
juego1807,SELL-1816,1,1816
juego1808,SELL-1817,1,1817
juego1809,SELL-1818,1,1818
juego1810,SELL-1819,1,1819
juego1811,SELL-1820,1,1820
juego1812,SELL-1821,1,1821
juego1813,SELL-1822,1,1822
juego1814,SELL-1823,1,1823
juego1815,SELL-1824,1,1824
juego1816,SELL-1825,1,1825
juego1817,SELL-1826,1,1826
juego1818,SELL-1827,1,1827
juego1819,SELL-1828,1,1828
juego1820,SELL-1829,1,1829
juego1821,SELL-1830,1,1830
juego1822,SELL-1831,1,1831
juego1823,SELL-1832,1,1832
juego1824,SELL-1833,1,1833
juego1825,SELL-1834,1,1834
juego1826,SELL-1835,1,1835
juego1827,SELL-1836,1,1836
juego1828,SELL-1837,1,1837
juego1829,SELL-1838,1,1838
juego1830,SELL-1839,1,1839
juego1831,SELL-1840,1,1840
juego1832,SELL-1841,1,1841
juego1833,SELL-1842,1,1842
juego1834,SELL-1843,1,1843
juego1835,SELL-1844,1,1844
juego1836,SELL-1845,1,1845
juego1837,SELL-1846,1,1846
juego1838,SELL-1847,1,1847
juego1839,SELL-1848,1,1848
juego1840,SELL-1849,1,1849
juego1841,SELL-1850,1,1850
juego1842,SELL-1851,1,1851
juego1843,SELL-1852,1,1852
juego1844,SELL-1853,1,1853
juego1845,SELL-1854,1,1854
juego1846,SELL-1855,1,1855
juego1847,SELL-1856,1,1856
juego1848,SELL-1857,1,1857
juego1849,SELL-1858,1,1858
juego1850,SELL-1859,1,1859
juego1851,SELL-1860,1,1860
juego1852,SELL-1861,1,1861
juego1853,SELL-1862,1,1862
juego1854,SELL-1863,1,1863
juego1855,SELL-1864,1,1864
juego1856,SELL-1865,1,1865
juego1857,SELL-1866,1,1866
juego1858,SELL-1867,1,1867
juego1859,SELL-1868,1,1868
juego1860,SELL-1869,1,1869
juego1861,SELL-1870,1,1870
juego1862,SELL-1871,1,1871
juego1863,SELL-1872,1,1872
juego1864,SELL-1873,1,1873
juego1865,SELL-1874,1,1874
juego1866,SELL-1875,1,1875
juego1867,SELL-1876,1,1876
juego1868,SELL-1877,1,1877
juego1869,SELL-1878,1,1878
juego1870,SELL-1879,1,1879
juego1871,SELL-1880,1,1880
juego1872,SELL-1881,1,1881
juego1873,SELL-1882,1,1882
juego1874,SELL-1883,1,1883
juego1875,SELL-1884,1,1884
juego1876,SELL-1885,1,1885
juego1877,SELL-1886,1,1886
juego1878,SELL-1887,1,1887
juego1879,SELL-1888,1,1888
juego1880,SELL-1889,1,1889
juego1881,SELL-1890,1,1890
juego1882,SELL-1891,1,1891
juego1883,SELL-1892,1,1892
juego1884,SELL-1893,1,1893
juego1885,SELL-1894,1,1894
juego1886,SELL-1895,1,1895
juego1887,SELL-1896,1,1896
juego1888,SELL-1897,1,1897
juego1889,SELL-1898,1,1898
juego1890,SELL-1899,1,1899
juego1891,SELL-1900,1,1900
juego1892,SELL-1901,1,1901
juego1893,SELL-1902,1,1902
juego1894,SELL-1903,1,1903
juego1895,SELL-1904,1,1904
juego1896,SELL-1905,1,1905
juego1897,SELL-1906,1,1906
juego1898,SELL-1907,1,1907
juego1899,SELL-1908,1,1908
juego1900,SELL-1909,1,1909
juego1901,SELL-1910,1,1910
juego1902,SELL-1911,1,1911
juego1903,SELL-1912,1,1912
juego1904,SELL-1913,1,1913
juego1905,SELL-1914,1,1914
juego1906,SELL-1915,1,1915
juego1907,SELL-1916,1,1916
juego1908,SELL-1917,1,1917
juego1909,SELL-1918,1,1918
juego1910,SELL-1919,1,1919
juego1911,SELL-1920,1,1920
juego1912,SELL-1921,1,1921
juego1913,SELL-1922,1,1922
juego1914,SELL-1923,1,1923
juego1915,SELL-1924,1,1924
juego1916,SELL-1925,1,1925
juego1917,SELL-1926,1,1926
juego1918,SELL-1927,1,1927
juego1919,SELL-1928,1,1928
juego1920,SELL-1929,1,1929
juego1921,SELL-1930,1,1930
juego1922,SELL-1931,1,1931
juego1923,SELL-1932,1,1932
juego1924,SELL-1933,1,1933
juego1925,SELL-1934,1,1934
juego1926,SELL-1935,1,1935
juego1927,SELL-1936,1,1936
juego1928,SELL-1937,1,1937
juego1929,SELL-1938,1,1938
juego1930,SELL-1939,1,1939
juego1931,SELL-1940,1,1940
juego1932,SELL-1941,1,1941
juego1933,SELL-1942,1,1942
juego1934,SELL-1943,1,1943
juego1935,SELL-1944,1,1944
juego1936,SELL-1945,1,1945
juego1937,SELL-1946,1,1946
juego1938,SELL-1947,1,1947
juego1939,SELL-1948,1,1948
juego1940,SELL-1949,1,1949
juego1941,SELL-1950,1,1950
juego1942,SELL-1951,1,1951
juego1943,SELL-1952,1,1952
juego1944,SELL-1953,1,1953
juego1945,SELL-1954,1,1954
juego1946,SELL-1955,1,1955
juego1947,SELL-1956,1,1956
juego1948,SELL-1957,1,1957
juego1949,SELL-1958,1,1958
juego1950,SELL-1959,1,1959
juego1951,SELL-1960,1,1960
juego1952,SELL-1961,1,1961
juego1953,SELL-1962,1,1962
juego1954,SELL-1963,1,1963
juego1955,SELL-1964,1,1964
juego1956,SELL-1965,1,1965
juego1957,SELL-1966,1,1966
juego1958,SELL-1967,1,1967
juego1959,SELL-1968,1,1968
juego1960,SELL-1969,1,1969
juego1961,SELL-1970,1,1970
juego1962,SELL-1971,1,1971
juego1963,SELL-1972,1,1972
juego1964,SELL-1973,1,1973
juego1965,SELL-1974,1,1974
juego1966,SELL-1975,1,1975
juego1967,SELL-1976,1,1976
juego1968,SELL-1977,1,1977
juego1969,SELL-1978,1,1978
juego1970,SELL-1979,1,1979
juego1971,SELL-1980,1,1980
juego1972,SELL-1981,1,1981
juego1973,SELL-1982,1,1982
juego1974,SELL-1983,1,1983
juego1975,SELL-1984,1,1984
juego1976,SELL-1985,1,1985
juego1977,SELL-1986,1,1986
juego1978,SELL-1987,1,1987
juego1979,SELL-1988,1,1988
juego1980,SELL-1989,1,1989
juego1981,SELL-1990,1,1990
juego1982,SELL-1991,1,1991
juego1983,SELL-1992,1,1992
juego1984,SELL-1993,1,1993
juego1985,SELL-1994,1,1994
juego1986,SELL-1995,1,1995
juego1987,SELL-1996,1,1996
juego1988,SELL-1997,1,1997
juego1989,SELL-1998,1,1998
juego1990,SELL-1999,1,1999
juego1991,SELL-2000,1,2000
juego1992,SELL-2001,1,2001
juego1993,SELL-2002,1,2002
juego1994,SELL-2003,1,2003
juego1995,SELL-2004,1,2004
juego1996,SELL-2005,1,2005
juego1997,SELL-2006,1,2006
juego1998,SELL-2007,1,2007
juego1999,SELL-2008,1,2008
juego2000,SELL-2009,1,2009
