idO,tidO,nombre
1000002001,cc,Ronnie Draysay
1000002002,cc,Dinny Allwell
1000002003,cc,Cointon Nother
1000002004,cc,Noah Mantram
1000002005,cc,Torre Penswick
1000002006,cc,Britteny Aherne
1000002007,cc,Lisha Garnall
1000002008,cc,Sindee Vuitton
1000002009,cc,Bunny Syseland
1000002010,cc,Trista Enstone
1000002011,cc,Ira Ratie
1000002012,cc,Josh Duchart
1000002013,cc,Abram Standen
1000002014,cc,Myles Darkins
1000002015,cc,Rorie Gisburn
1000002016,cc,Merrick Syratt
1000002017,cc,Cody Lawther
1000002018,cc,Gwenette Labbet
1000002019,cc,Timothy Folomin
1000002020,cc,Steffane O'Harney
1000002021,cc,Cherise Fanshaw
1000002022,cc,Anatole Lavington
1000002023,cc,Shell McClune
1000002024,cc,Brady Nerger
1000002025,cc,Xena Corss
1000002026,cc,Aura Olner
1000002027,cc,Irwin Kettley
1000002028,cc,Karissa Korpal
1000002029,cc,Louella Minchinton
1000002030,cc,Findley Elliott
1000002031,cc,Pattin Stigger
1000002032,cc,Noelle Mulryan
1000002033,cc,Keen Suett
1000002034,cc,Vivi Enrdigo
1000002035,cc,Brier Ambler
1000002036,cc,Hersch Davson
1000002037,cc,Fairlie Sugden
1000002038,cc,Camella Pilkington
1000002039,cc,Isak Aynold
1000002040,cc,Alvera Kaes
1000002041,cc,Hobart Henstone
1000002042,cc,Charlene Jamblin
1000002043,cc,Laura Jerschke
1000002044,cc,Alex Cords
1000002045,cc,Raymund Cresser
1000002046,cc,Brinna Rean
1000002047,cc,Clark Spruce
1000002048,cc,Rodd Croston
1000002049,cc,Cthrine Heikkinen
1000002050,cc,Rutter Collum
1000002051,cc,Ludvig Skoof
1000002052,cc,Lazar Barker
1000002053,cc,Adelina Desvignes
1000002054,cc,Eba MacCartney
1000002055,cc,Debbi Pilmore
1000002056,cc,Ailbert Danielot
1000002057,cc,Holly-anne Dulanty
1000002058,cc,Darby Francie
1000002059,cc,Rockie Speer
1000002060,cc,Kasper Cutridge
1000002061,cc,Hannis Geibel
1000002062,cc,Gwenette Hansard
1000002063,cc,Kelcey Kerner
1000002064,cc,Odessa Brame
1000002065,cc,Vaughan Greenrod
1000002066,cc,Kora Sands-Allan
1000002067,cc,Tansy Hukins
1000002068,cc,Vladamir Musterd
1000002069,cc,Northrop Spuffard
1000002070,cc,Carlo Drife
1000002071,cc,Katie Boustead
1000002072,cc,Yoko Jamme
1000002073,cc,Reade Rosborough
1000002074,cc,Filippa Tatlowe
1000002075,cc,Webb Epinoy
1000002076,cc,Yanaton Burgwin
1000002077,cc,Vitia McReidy
1000002078,cc,Mervin Girvin
1000002079,cc,Kaila Noorwood
1000002080,cc,Sylvester Orton
1000002081,cc,Cristionna Smolan
1000002082,cc,Liz Brehat
1000002083,cc,Mara Tanby
1000002084,cc,Hanna Camellini
1000002085,cc,Dorie Ferfulle
1000002086,cc,Katusha Menico
1000002087,cc,Delmore Mowbray
1000002088,cc,Verna Cleave
1000002089,cc,Langston Chalcot
1000002090,cc,Raimund Ozelton
1000002091,cc,Georgeanna Blamey
1000002092,cc,Antony Meckiff
1000002093,cc,Gardy Whayman
1000002094,cc,Ailis Paish
1000002095,cc,Yvonne Rafferty
1000002096,cc,Alison Peacop
1000002097,cc,Janeta McLurg
1000002098,cc,Matias Prynne
1000002099,cc,Effie Birchwood
1000002100,cc,Karena Brannigan
1000002101,cc,Val Bracknell
1000002102,cc,Neddy Kobieriecki
1000002103,cc,Eloisa Witz
1000002104,cc,Ardeen Goodbarr
1000002105,cc,Gilbert Dimitrie
1000002106,cc,Kirsten Maidlow
1000002107,cc,Hilarius Cargill
1000002108,cc,Rhianna Balle
1000002109,cc,Cristie Kunes
1000002110,cc,Denver Swetman
1000002111,cc,Merry Lahiff
1000002112,cc,Brander Cowdray
1000002113,cc,Carlie Britt
1000002114,cc,Stafford Dossit
1000002115,cc,Darci Shillington
1000002116,cc,Maryanna Springham
1000002117,cc,Anetta Milius
1000002118,cc,Deni Roston
1000002119,cc,Ekaterina Bradburne
1000002120,cc,Louise Magister
1000002121,cc,Baxy Casino
1000002122,cc,Gare Farquhar
1000002123,cc,Wyn Auguste
1000002124,cc,Daniella Leband
1000002125,cc,Helen Benfell
1000002126,cc,Charisse Haggar
1000002127,cc,Gil O'Howbane
1000002128,cc,Bonnibelle Bront
1000002129,cc,Jacquenetta Astlatt
1000002130,cc,Lindsay Severwright
1000002131,cc,Ermengarde Sadry
1000002132,cc,Germain Parmley
1000002133,cc,Gerard Bauser
1000002134,cc,Nessie Tresvina
1000002135,cc,Ardys Stopforth
1000002136,cc,Mavis Buckberry
1000002137,cc,Hallsy Otterwell
1000002138,cc,Modestine Kilmary
1000002139,cc,Louisa Gritskov
1000002140,cc,Sabra Coetzee
1000002141,cc,Cristina Madden
1000002142,cc,Alysa Landrick
1000002143,cc,Ben Caffery
1000002144,cc,Rocky Brothwell
1000002145,cc,Heath Autie
1000002146,cc,Binny Benham
1000002147,cc,Nestor Dalli
1000002148,cc,Sawyere Handaside
1000002149,cc,Jodi Garey
1000002150,cc,Garey Rossi
1000002151,cc,Cozmo Casali
1000002152,cc,Viola Rackham
1000002153,cc,Zarla Dondon
1000002154,cc,Ogdon Brunelleschi
1000002155,cc,Franny Kewzick
1000002156,cc,Derwin O'Connolly
1000002157,cc,Walsh Benning
1000002158,cc,Mario Newlands
1000002159,cc,Danya Champniss
1000002160,cc,Lulu Shea
1000002161,cc,Gris Cometto
1000002162,cc,Theobald Cissell
1000002163,cc,Rudolfo Beyne
1000002164,cc,Kincaid Kirkpatrick
1000002165,cc,Malinde Fielder
1000002166,cc,Herc Galfour
1000002167,cc,Quintus Greenhalf
1000002168,cc,Brenn Jarville
1000002169,cc,Cullen Froome
1000002170,cc,Judith Van der Beek
1000002171,cc,Shara Moncreif
1000002172,cc,Tremain Edginton
1000002173,cc,Nady Acory
1000002174,cc,Mari Baynham
1000002175,cc,Valdemar Da Costa
1000002176,cc,Bran Flory
1000002177,cc,Fraze Christin
1000002178,cc,Roze Shingler
1000002179,cc,Darlene Johananoff
1000002180,cc,Petunia Spare
1000002181,cc,Abra Humberstone
1000002182,cc,Elna MacDonell
1000002183,cc,Ram Whitsun
1000002184,cc,Jesus Heinrich
1000002185,cc,Neville Ruoff
1000002186,cc,Hurlee Goodliff
1000002187,cc,Sigvard Neubigin
1000002188,cc,Orazio Hove
1000002189,cc,Kippie Druce
1000002190,cc,Kain Muttitt
1000002191,cc,Dyanna Lunt
1000002192,cc,Ardra Jobbings
1000002193,cc,Kitty Marklew
1000002194,cc,Lauree Bulcroft
1000002195,cc,Lucias Pankethman
1000002196,cc,Ruthanne Mockes
1000002197,cc,Baxy Fairbard
1000002198,cc,Martelle Major
1000002199,cc,Daile Dudlestone
1000002200,cc,Brock Akeherst
1000002201,cc,Traver Hutchinson
1000002202,cc,Regine Pringer
1000002203,cc,Kalinda Kelcher
1000002204,cc,Isobel Sibylla
1000002205,cc,Billye Cohan
1000002206,cc,Ophelie Want
1000002207,cc,Gabriel Dabernott
1000002208,cc,Maurits Lickorish
1000002209,cc,Kerrin Ceschelli
1000002210,cc,Jarid Vasishchev
1000002211,cc,Arthur Halls
1000002212,cc,Edwin Houldin
1000002213,cc,Kaycee Hassall
1000002214,cc,Hildagard Latour
1000002215,cc,Meggi McPharlain
1000002216,cc,Marika Dullard
1000002217,cc,Crystal Havvock
1000002218,cc,Andy Walklett
1000002219,cc,Libbi Allardyce
1000002220,cc,Ruthe Le Marchant
1000002221,cc,Obediah Hadcock
1000002222,cc,Alphard Gotcher
1000002223,cc,Tedie Brehault
1000002224,cc,Sibyl Feifer
1000002225,cc,Dee dee Brood
1000002226,cc,Klarika Colleck
1000002227,cc,Mavis Pottery
1000002228,cc,Leroi Seargeant
1000002229,cc,Hattie Langmaid
1000002230,cc,Sherwin Folbig
1000002231,cc,Neda Senton
1000002232,cc,Barron Harcus
1000002233,cc,Washington Lebbon
1000002234,cc,Maria Trenam
1000002235,cc,Tabbitha Jerzykiewicz
1000002236,cc,Bradley Jahnel
1000002237,cc,Aida Lince
1000002238,cc,Oliy Plumstead
1000002239,cc,Kyle Blundin
1000002240,cc,Amata Heasley
1000002241,cc,Caryn Piesold
1000002242,cc,Kellen Swanne
1000002243,cc,Monica Weatherby
1000002244,cc,Xylia Meynell
1000002245,cc,Pamela Edkins
1000002246,cc,Perry Binder
1000002247,cc,Carmen Labusch
1000002248,cc,Jone Mallam
1000002249,cc,Zia Baverstock
1000002250,cc,Penelopa Silverson
1000002251,cc,Fulvia Batte
1000002252,cc,Inglebert Arthur
1000002253,cc,Laird Fearnsides
1000002254,cc,Ingmar Ornillos
1000002255,cc,Mahalia Otter
1000002256,cc,Neils Lanon
1000002257,cc,Oralia Coughlin
1000002258,cc,Vicki Bryenton
1000002259,cc,Brier Reese
1000002260,cc,Gusella Lesmonde
1000002261,cc,Shelba O'Suaird
1000002262,cc,Sib Cardon
1000002263,cc,Gloriana Happer
1000002264,cc,Davy Edinburough
1000002265,cc,Garald Downing
1000002266,cc,Rivkah Stripp
1000002267,cc,Roobbie Lindstedt
1000002268,cc,Sabrina Jammet
1000002269,cc,Garrek David
1000002270,cc,Rozalin Lum
1000002271,cc,Marina Campbell-Dunlop
1000002272,cc,Granville De Bruijn
1000002273,cc,Gerardo Mack
1000002274,cc,Doreen Dumphreys
1000002275,cc,Taylor Ridding
1000002276,cc,Juliane Cleatherow
1000002277,cc,Nate Blaze
1000002278,cc,Markus Tofanini
1000002279,cc,Dalli Brunsdon
1000002280,cc,Misty Conelly
1000002281,cc,Marc Crassweller
1000002282,cc,Gianina Vuitte
1000002283,cc,Sharline Skilbeck
1000002284,cc,Rosemaria Attrill
1000002285,cc,Ula Pellitt
1000002286,cc,Ambur Wallworth
1000002287,cc,Tymon Baylis
1000002288,cc,Jammie Barford
1000002289,cc,Alejandrina Egentan
1000002290,cc,Elston Hassent
1000002291,cc,Arabel MacAskie
1000002292,cc,Miguel Bockman
1000002293,cc,Isabeau Footer
1000002294,cc,Estelle Knibbs
1000002295,cc,Chilton Robroe
1000002296,cc,Arman Spottiswoode
1000002297,cc,Juanita Autry
1000002298,cc,Sascha Aizikov
1000002299,cc,Teresita Robelin
1000002300,cc,Alic Pierson
1000002301,cc,Haven Ebdon
1000002302,cc,Cybill Hearnden
1000002303,cc,Gardiner Lenard
1000002304,cc,Salomon Sambeck
1000002305,cc,Lorianne Ciabatteri
1000002306,cc,Chrissy Perrone
1000002307,cc,Marigold Pickthall
1000002308,cc,Adeline Stanaway
1000002309,cc,Mohammed Argyle
1000002310,cc,Early Blazey
1000002311,cc,Aleta McQuode
1000002312,cc,Orella Bulter
1000002313,cc,Mel Chave
1000002314,cc,Ceciley Bogue
1000002315,cc,Faythe Wormell
1000002316,cc,Quill Leech
1000002317,cc,Louella McQuillin
1000002318,cc,Sinclair Bednall
1000002319,cc,Bianka Ash
1000002320,cc,Andy Stainbridge
1000002321,cc,Waylon Deniscke
1000002322,cc,Wanda Roscam
1000002323,cc,Darnall Filyukov
1000002324,cc,Briant Fermer
1000002325,cc,Emma Brickell
1000002326,cc,Valencia Buddles
1000002327,cc,Beatriz Carnihan
1000002328,cc,Kathye Giovannacci
1000002329,cc,Lyndsay Eatock
1000002330,cc,Modestia Dongate
1000002331,cc,Sandy Rawlinson
1000002332,cc,Berky Lamas
1000002333,cc,Rudiger Findon
1000002334,cc,Corinne Jenny
1000002335,cc,Donnell Greenrod
1000002336,cc,Binny Scarlet
1000002337,cc,Emilia Abramowsky
1000002338,cc,Tomasina MacGinlay
1000002339,cc,Rich Kitchener
1000002340,cc,Candie Cordova
1000002341,cc,Rachelle Sainsbury
1000002342,cc,Bobbe Bremeyer
1000002343,cc,Brice Mosen
1000002344,cc,Merilee Maroney
1000002345,cc,Gannie O'Hagan
1000002346,cc,Darby Stang-Gjertsen
1000002347,cc,Rog Petras
1000002348,cc,Bonni D'Ruel
1000002349,cc,Norby Shedden
1000002350,cc,Agnella Paulich
1000002351,cc,Mozes Tuffrey
1000002352,cc,Helaina Alty
1000002353,cc,Fifi Raulin
1000002354,cc,Stormie Deener
1000002355,cc,Alberta Andras
1000002356,cc,Genovera Dobkin
1000002357,cc,Ami Praundlin
1000002358,cc,Anissa Redit
1000002359,cc,Abbie Stife
1000002360,cc,Vina Crisell
1000002361,cc,Garwin Gladman
1000002362,cc,Godfrey Zappel
1000002363,cc,Marieann Goodsell
1000002364,cc,Kevyn Kummerlowe
1000002365,cc,Nessie Riba
1000002366,cc,Jaime Selbach
1000002367,cc,Harrie Ponnsett
1000002368,cc,Clevie Trustey
1000002369,cc,Benjamen Richfield
1000002370,cc,Andres Tremble
1000002371,cc,Netta Budgey
1000002372,cc,Nalani Twamley
1000002373,cc,Glad Giffon
1000002374,cc,Birgitta Finnemore
1000002375,cc,Silvio Gilhooley
1000002376,cc,Franny Hourstan
1000002377,cc,Beatriz Conner
1000002378,cc,Marty Veall
1000002379,cc,Geoffrey Wicklen
1000002380,cc,Oran Longland
1000002381,cc,Yves Scoble
1000002382,cc,Verney Dorrance
1000002383,cc,Huberto Alabone
1000002384,cc,Boonie Atterbury
1000002385,cc,Stefano Brownsill
1000002386,cc,Jeannie Dobel
1000002387,cc,Edmon Fidler
1000002388,cc,Dew Cardenosa
1000002389,cc,Jasmine Gueinn
1000002390,cc,Austina Coyish
1000002391,cc,Nathanael Pinniger
1000002392,cc,Richardo Giordano
1000002393,cc,Forester Gostridge
1000002394,cc,Ignazio Kentish
1000002395,cc,Shawn Prine
1000002396,cc,Bradney Pascoe
1000002397,cc,Emlyn Bedin
1000002398,cc,Evangelin Ducker
1000002399,cc,Dorthea McMeeking
1000002400,cc,Mignonne Betteney
1000002401,cc,Cleo Hallowes
1000002402,cc,Ezra Maddams
1000002403,cc,Morse Kettel
1000002404,cc,Teresa Waterworth
1000002405,cc,Coral Spinage
1000002406,cc,Jeremy Tourmell
1000002407,cc,Dulciana Blemen
1000002408,cc,Dyana Gurr
1000002409,cc,Noble Beetles
1000002410,cc,Corri Alyonov
1000002411,cc,Cozmo Alfonzo
1000002412,cc,Ab Tweddle
1000002413,cc,Sara Treffry
1000002414,cc,Marlene Foddy
1000002415,cc,Jessie Dionsetti
1000002416,cc,Susi Defont
1000002417,cc,Jeromy Pyrah
1000002418,cc,Priscilla Howton
1000002419,cc,Frayda Snoxill
1000002420,cc,Rey Jossum
1000002421,cc,Frasquito Keppel
1000002422,cc,Elsworth Comins
1000002423,cc,Jorry Fenty
1000002424,cc,Benjamin Arnaudon
1000002425,cc,Kenna Keppin
1000002426,cc,Marcello Bridgestock
1000002427,cc,Ax O'Flaverty
1000002428,cc,Maury Redington
1000002429,cc,Chip Buxsey
1000002430,cc,Jerald McCanny
1000002431,cc,Lazaro Mityushin
1000002432,cc,Natasha Gregoire
1000002433,cc,Miof mela Burlay
1000002434,cc,Elianore Tague
1000002435,cc,Vasily O'Leary
1000002436,cc,Inness Normansell
1000002437,cc,Giraud Gavrielly
1000002438,cc,Camile O'Kynsillaghe
1000002439,cc,Camilla Weston
1000002440,cc,Euphemia Bruhnicke
1000002441,cc,Izak Batkin
1000002442,cc,Maxy Harwick
1000002443,cc,Gibby Gregg
1000002444,cc,Erminie Arnoldi
1000002445,cc,Phelia Campa
1000002446,cc,Guglielmo Bristow
1000002447,cc,Millie Lyles
1000002448,cc,Valina Raulston
1000002449,cc,Shannah Colles
1000002450,cc,Robby Keyho
1000002451,cc,Sly Romanelli
1000002452,cc,Hercule Law
1000002453,cc,Adena Rennock
1000002454,cc,Dionysus Kaaskooper
1000002455,cc,Emelda Josephi
1000002456,cc,Dewain Stedell
1000002457,cc,Ferne Treasaden
1000002458,cc,Janos Davydenko
1000002459,cc,Sterling Soigoux
1000002460,cc,Anissa Sprake
1000002461,cc,Zaria Lebond
1000002462,cc,Adda Derkes
1000002463,cc,Shermy Toon
1000002464,cc,Alexandro Falcus
1000002465,cc,Stern Jantet
1000002466,cc,Mike MacEntee
1000002467,cc,Earl Lawrie
1000002468,cc,Rosalyn Bowdrey
1000002469,cc,Germayne Caherny
1000002470,cc,Shina McCabe
1000002471,cc,Nikolaus Chipp
1000002472,cc,Reinhard Fontaine
1000002473,cc,Isidor Antonich
1000002474,cc,Lidia Bellchamber
1000002475,cc,Margalit Ewings
1000002476,cc,Gregoire Manders
1000002477,cc,Delbert Raatz
1000002478,cc,Zorah Tallach
1000002479,cc,Mufi Mustin
1000002480,cc,Bern De Roberto
1000002481,cc,Milissent Tabor
1000002482,cc,Dedie Philpot
1000002483,cc,Jeniece Brislan
1000002484,cc,Gerik Whale
1000002485,cc,Jaclin Mushart
1000002486,cc,Diego Abade
1000002487,cc,Desirae Worland
1000002488,cc,Zelda Follacaro
1000002489,cc,Fancie Yeardsley
1000002490,cc,Holli Leaton
1000002491,cc,Dalston Whistlecraft
1000002492,cc,Drake Stirgess
1000002493,cc,Dillie Craxford
1000002494,cc,Silvie Lantuff
1000002495,cc,Dareen Murray
1000002496,cc,Silvano Zanolli
1000002497,cc,Hilton Domsalla
1000002498,cc,Pandora Randal
1000002499,cc,Hart Young
1000002500,cc,Benjamin Self
1000002501,cc,Conway Foister
1000002502,cc,Rivalee MacVean
1000002503,cc,Robbie Lobbe
1000002504,cc,Berkley Sealeaf
1000002505,cc,Indira Gadman
1000002506,cc,Ware Gracey
1000002507,cc,Marius Mulvaney
1000002508,cc,Jeromy Fley
1000002509,cc,Fiona Rosell
1000002510,cc,Ashlee De Gregoli
1000002511,cc,Richard Worsam
1000002512,cc,Sybille Crosby
1000002513,cc,Peggie Lett
1000002514,cc,Deeanne Goroni
1000002515,cc,Kristo Albery
1000002516,cc,Hannis Jest
1000002517,cc,Rubin Mourge
1000002518,cc,Andrej Wenderott
1000002519,cc,Jenine Luckwell
1000002520,cc,Inger Enser
1000002521,cc,Opal Zamora
1000002522,cc,Emery Aronovich
1000002523,cc,Mario Olifaunt
1000002524,cc,Torry Elleyne
1000002525,cc,Nichole Bonick
1000002526,cc,Graeme Robins
1000002527,cc,Sib Acheson
1000002528,cc,Consuelo Logesdale
1000002529,cc,Kylila Mor
1000002530,cc,Gerik Houlton
1000002531,cc,Stefanie Korpolak
1000002532,cc,Ferrel Simondson
1000002533,cc,Catarina Yashin
1000002534,cc,Devy Rosenstock
1000002535,cc,Donalt Addey
1000002536,cc,Ruggiero Escot
1000002537,cc,Ali Bratch
1000002538,cc,Hildy Bengall
1000002539,cc,Annnora Belvard
1000002540,cc,Marigold Haggata
1000002541,cc,Ramsey Ughelli
1000002542,cc,Gordon McQuilty
1000002543,cc,Staffard Dutch
1000002544,cc,Chrystal Lorenz
1000002545,cc,Ethelda Panniers
1000002546,cc,Erik Pattle
1000002547,cc,Casey Sleith
1000002548,cc,Perkin Bogey
1000002549,cc,Sissie Dickens
1000002550,cc,Skylar Burril
1000002551,cc,Neale Blucher
1000002552,cc,Denyse Summerley
1000002553,cc,Jakob Bannerman
1000002554,cc,Jerrome Newlin
1000002555,cc,Keenan Dmiterko
1000002556,cc,Ermin Agostini
1000002557,cc,Carmel Laurenceau
1000002558,cc,Livvy Rape
1000002559,cc,Jamie Schwaiger
1000002560,cc,Ekaterina Varnham
1000002561,cc,Donella Huie
1000002562,cc,Kimbell Bemand
1000002563,cc,Linea Pearson
1000002564,cc,Dermot Blessed
1000002565,cc,Maurita Wigelsworth
1000002566,cc,Gwenny Thowes
1000002567,cc,Augustina Clausson
1000002568,cc,Scarlet Flowers
1000002569,cc,Britta Ockendon
1000002570,cc,Belvia Mellody
1000002571,cc,Gaston Von Der Empten
1000002572,cc,Morissa Gealy
1000002573,cc,Raven Gwyer
1000002574,cc,Carlene Treat
1000002575,cc,Amalie Scraney
1000002576,cc,Tara Fronks
1000002577,cc,Raviv Lamming
1000002578,cc,Sissie Belbin
1000002579,cc,Guglielmo Kilbourne
1000002580,cc,Fidelio Wotherspoon
1000002581,cc,Morley Gilcrist
1000002582,cc,Vanya Remirez
1000002583,cc,Dorisa Felce
1000002584,cc,Marcela Kamenar
1000002585,cc,Cairistiona Melanaphy
1000002586,cc,Amalea Pascall
1000002587,cc,Herschel Esler
1000002588,cc,Chickie Fewless
1000002589,cc,Tallou Leport
1000002590,cc,Tarah Noye
1000002591,cc,Brandtr MacGhee
1000002592,cc,Mirabella Liddel
1000002593,cc,Jorie Crumbleholme
1000002594,cc,Janaye Fishlee
1000002595,cc,Levin Trassler
1000002596,cc,Ethel Ralton
1000002597,cc,Bess Quarterman
1000002598,cc,Johan Bearward
1000002599,cc,Cherlyn Skellern
1000002600,cc,Kessia Havercroft
1000002601,cc,Karee Felder
1000002602,cc,Claus Drake
1000002603,cc,Sigismondo Thaim
1000002604,cc,Mona Cullinan
1000002605,cc,Myrlene Arni
1000002606,cc,Brion Fazan
1000002607,cc,Inna Fahrenbach
1000002608,cc,Kim Wolland
1000002609,cc,Terrie Estrella
1000002610,cc,Molli Dyton
1000002611,cc,Golda Pashe
1000002612,cc,Clark Staneland
1000002613,cc,Isaak Lenney
1000002614,cc,Karrie Mattsson
1000002615,cc,Fransisco Fusco
1000002616,cc,Corene Tirrey
1000002617,cc,Loni Tweedy
1000002618,cc,Lyle Olifard
1000002619,cc,Rozella Gosland
1000002620,cc,Josee Delmonti
1000002621,cc,Vi Tomkys
1000002622,cc,Evered Guiducci
1000002623,cc,Sebastian Rosendall
1000002624,cc,Shae Gooke
1000002625,cc,Ulrike Wylam
1000002626,cc,Putnem Giannassi
1000002627,cc,Reinold Smaridge
1000002628,cc,Lorilyn Vearnals
1000002629,cc,Irving Waller-Bridge
1000002630,cc,Gerrard Dietsche
1000002631,cc,Efrem Thurber
1000002632,cc,Lauri Maccree
1000002633,cc,Abel Olman
1000002634,cc,Daphne Swinburne
1000002635,cc,Danella Whitcomb
1000002636,cc,Marlie Mathiot
1000002637,cc,Hamel Ludmann
1000002638,cc,Ilyse Heathcote
1000002639,cc,Matty MacBey
1000002640,cc,Jo-ann Tripean
1000002641,cc,Leigha Pifford
1000002642,cc,Josselyn Gladwish
1000002643,cc,Kirsten Michele
1000002644,cc,Nicol Hallahan
1000002645,cc,Jordanna Roome
1000002646,cc,Seth Fownes
1000002647,cc,Cherlyn Trusler
1000002648,cc,Gilly McGruar
1000002649,cc,Brana Ebanks
1000002650,cc,Kizzie Gilbanks
1000002651,cc,Athena Eannetta
1000002652,cc,Yardley Nussii
1000002653,cc,Jakob Tregoning
1000002654,cc,Rozelle Massey
1000002655,cc,Adriaens MacTurlough
1000002656,cc,Colly Clerc
1000002657,cc,Jereme Poole
1000002658,cc,Wood Allabarton
1000002659,cc,Denney Heading
1000002660,cc,Audi Exroll
1000002661,cc,Etienne Duff
1000002662,cc,Mata Orritt
1000002663,cc,Nicolas Paulsen
1000002664,cc,Josephina Donaldson
1000002665,cc,Andrej Merry
1000002666,cc,Cristiano Coot
1000002667,cc,Clovis Pieters
1000002668,cc,Leesa Cowerd
1000002669,cc,Lise Degli Antoni
1000002670,cc,Ramsay Grinter
1000002671,cc,Tresa Mallindine
1000002672,cc,Marthena Sheldrake
1000002673,cc,Umberto Cruikshanks
1000002674,cc,Gaspard Woolvett
1000002675,cc,Gabi Dmych
1000002676,cc,Erick Gravet
1000002677,cc,Sandra Dandison
1000002678,cc,Raymund Ecclestone
1000002679,cc,Wyn Lautie
1000002680,cc,Emelina Wingfield
1000002681,cc,Shay Balsillie
1000002682,cc,Bili Bann
1000002683,cc,Curt Tudhope
1000002684,cc,Gustav Balassa
1000002685,cc,Tristam Pulfer
1000002686,cc,Rinaldo Eakley
1000002687,cc,Arturo Copley
1000002688,cc,Justinian Cluitt
1000002689,cc,Mellie Colrein
1000002690,cc,Sharron Rishman
1000002691,cc,Valeda Thripp
1000002692,cc,Myrah Hartzog
1000002693,cc,Rasia Runnett
1000002694,cc,Daffy Allright
1000002695,cc,Consuela Gladding
1000002696,cc,Cris Matherson
1000002697,cc,Janetta Howcroft
1000002698,cc,Yorke Jacobs
1000002699,cc,Eveline Seedhouse
1000002700,cc,Constantin Sayers
1000002701,cc,Mercie Malyj
1000002702,cc,Cosmo Pizzey
1000002703,cc,Roderic Skaid
1000002704,cc,Wendell Jellyman
1000002705,cc,Jermaine Flude
1000002706,cc,Enrique Band
1000002707,cc,Kristoforo Grumbridge
1000002708,cc,Eleanore Bysh
1000002709,cc,Mirilla Audiss
1000002710,cc,Nissie Duffus
1000002711,cc,Dido Brightling
1000002712,cc,Fallon Ratledge
1000002713,cc,Elspeth Handslip
1000002714,cc,Erroll Nolder
1000002715,cc,Petrina Rutherforth
1000002716,cc,Jodee Mathiassen
1000002717,cc,Durward Meegin
1000002718,cc,Jeana Moro
1000002719,cc,Marlane Sommerlin
1000002720,cc,Vinnie Lear
1000002721,cc,Joseito Bertin
1000002722,cc,Web Wantling
1000002723,cc,Dione Jopson
1000002724,cc,Sophia Wildish
1000002725,cc,Michele Martini
1000002726,cc,Meridel Tumber
1000002727,cc,Griffie Juzek
1000002728,cc,Carrie Whitaker
1000002729,cc,Barris Patemore
1000002730,cc,Alikee Mattson
1000002731,cc,Emlen Maltster
1000002732,cc,Reagen Honacker
1000002733,cc,Niki Tchir
1000002734,cc,Wadsworth Georgot
1000002735,cc,Guthry Farrens
1000002736,cc,Chere Hawford
1000002737,cc,Kellie Antoniades
1000002738,cc,Brunhilde Klimkov
1000002739,cc,Prescott Reddan
1000002740,cc,Elvera Thomasset
1000002741,cc,Leopold Laughlan
1000002742,cc,Lyman Adrien
1000002743,cc,Gae Burnie
1000002744,cc,Matt Rogier
1000002745,cc,Florentia Whitta
1000002746,cc,Bernard Stebbings
1000002747,cc,Joela Andrys
1000002748,cc,Marsiella Josephs
1000002749,cc,Kaleena Goodridge
1000002750,cc,Maribelle Benallack
1000002751,cc,Bertina Downage
1000002752,cc,Stephine Lysons
1000002753,cc,Rhea McAuliffe
1000002754,cc,Drew Abrahamian
1000002755,cc,Emmery Blackeby
1000002756,cc,Theda Wootton
1000002757,cc,Cynthie Fadian
1000002758,cc,Ludwig Tregale
1000002759,cc,Rhodia Brodeur
1000002760,cc,Hermann Drayn
1000002761,cc,Roseanne Loyley
1000002762,cc,Holli Crutcher
1000002763,cc,Dalt Sirett
1000002764,cc,Rasia Truesdale
1000002765,cc,Ally Longden
1000002766,cc,Amberly Norsworthy
1000002767,cc,Christyna Kobpac
1000002768,cc,Gael McKimm
1000002769,cc,Claudian Pietesch
1000002770,cc,Miquela Tantrum
1000002771,cc,Vassili Holborn
1000002772,cc,Ali Tanser
1000002773,cc,Andie Mottley
1000002774,cc,Ewart Diggons
1000002775,cc,Ursa Stitch
1000002776,cc,Zarah Fernandes
1000002777,cc,Cobb Suermeier
1000002778,cc,Ronny Shoveller
1000002779,cc,Junina Ranyard
1000002780,cc,Cybil Ell
1000002781,cc,Sasha Oattes
1000002782,cc,Mariel Pessel
1000002783,cc,Griselda Vasilchikov
1000002784,cc,Lazarus O'Suaird
1000002785,cc,Artair Moretto
1000002786,cc,Carolee Kepling
1000002787,cc,Eustacia Sterland
1000002788,cc,Vlad Lucock
1000002789,cc,Avrit Libbey
1000002790,cc,Dennison Skirven
1000002791,cc,Harmonie Crosher
1000002792,cc,Craggie Yabsley
1000002793,cc,Isidore Bellon
1000002794,cc,Justinian Coleborn
1000002795,cc,Sonny Frankcom
1000002796,cc,Chandal Frew
1000002797,cc,Marchall Muccino
1000002798,cc,Sarine Chadwyck
1000002799,cc,Maurits Abys
1000002800,cc,Jan Boome
1000002801,cc,Nilson Mee
1000002802,cc,Chere Neachell
1000002803,cc,Kristyn Mecozzi
1000002804,cc,Lona Olliver
1000002805,cc,Winslow Cookman
1000002806,cc,Cristie Skells
1000002807,cc,Shirl Grelak
1000002808,cc,Hyatt Goodfellowe
1000002809,cc,Rozanna Carus
1000002810,cc,Douglass Pride
1000002811,cc,Cad Pledge
1000002812,cc,Livvie Chadburn
1000002813,cc,Town Bonanno
1000002814,cc,Sher Clemetts
1000002815,cc,Bertine Michell
1000002816,cc,Randi Northen
1000002817,cc,Ertha Iddens
1000002818,cc,Isidor Bourcq
1000002819,cc,Gusty Thomazet
1000002820,cc,Adriana Dalling
1000002821,cc,Jimmie Meeson
1000002822,cc,Malory Danis
1000002823,cc,Berkie Dudney
1000002824,cc,Jessy Hallede
1000002825,cc,Annmarie Bouttell
1000002826,cc,Maure Bowcher
1000002827,cc,Tonye Watkins
1000002828,cc,Lula Whistlecraft
1000002829,cc,Tommie Busby
1000002830,cc,Nehemiah McGonagle
1000002831,cc,Thalia Titherington
1000002832,cc,Roseanna Duke
1000002833,cc,Nikola MacMenemy
1000002834,cc,Danny McBeath
1000002835,cc,Davide Lynnitt
1000002836,cc,Keith McInerney
1000002837,cc,Rinaldo Fidge
1000002838,cc,Emelina Scarisbrick
1000002839,cc,Annadiane Giraudou
1000002840,cc,Lilias Skevington
1000002841,cc,Riobard Lansdown
1000002842,cc,Cristi Ferbrache
1000002843,cc,Washington Bernardo
1000002844,cc,Shurlocke Hundall
1000002845,cc,Kelli Fearney
1000002846,cc,Kiri Haydney
1000002847,cc,Gaby Mence
1000002848,cc,Margalit Burfield
1000002849,cc,Vanna Went
1000002850,cc,Lea Gouly
1000002851,cc,Patrica Shelton
1000002852,cc,Doe Bullivent
1000002853,cc,Gar Phuprate
1000002854,cc,Max Germann
1000002855,cc,Delcina Voden
1000002856,cc,Melanie Ingleby
1000002857,cc,Lorin D'Alesco
1000002858,cc,Stephan Conroy
1000002859,cc,Glennis Yegoshin
1000002860,cc,Kerr Spaughton
1000002861,cc,Merrily Malpas
1000002862,cc,Dallas Frick
1000002863,cc,Bobby Jossum
1000002864,cc,Lorianna Rizzolo
1000002865,cc,Avis Mars
1000002866,cc,Twyla Jakes
1000002867,cc,Albert Ketteringham
1000002868,cc,Sela Fissenden
1000002869,cc,Easter Bathersby
1000002870,cc,Grannie Grishunin
1000002871,cc,Mata Antyukhin
1000002872,cc,Lola Dunphy
1000002873,cc,Johann Hillaby
1000002874,cc,Roxanne Capnor
1000002875,cc,Nappy Libbis
1000002876,cc,Tait Slaten
1000002877,cc,Darcy Swalteridge
1000002878,cc,Evangeline Stranger
1000002879,cc,Fayth Watkiss
1000002880,cc,Skip Risely
1000002881,cc,Jodi Janauschek
1000002882,cc,Oren Blincow
1000002883,cc,Rakel Coe
1000002884,cc,Sari Twine
1000002885,cc,Elly Meneo
1000002886,cc,Kare Wilcocke
1000002887,cc,Aharon Tidswell
1000002888,cc,Sheilah Hutchins
1000002889,cc,Celestina Housego
1000002890,cc,Zane Scoon
1000002891,cc,Wandie Duberry
1000002892,cc,Glenna Hutton
1000002893,cc,Skye Dunkersley
1000002894,cc,Kristen Sturgess
1000002895,cc,Olive Dugmore
1000002896,cc,Federico McAusland
1000002897,cc,Mychal Gregoratti
1000002898,cc,Leigh Howchin
1000002899,cc,Arte Jeske
1000002900,cc,Dionysus Marunchak
1000002901,cc,Celestia Crosskill
1000002902,cc,Daveen Twede
1000002903,cc,Major Filasov
1000002904,cc,Jerad Bolwell
1000002905,cc,Lillian Sheward
1000002906,cc,Brynna McElvogue
1000002907,cc,Cammy Buttriss
1000002908,cc,Ernaline Brimman
1000002909,cc,Marlon Prott
1000002910,cc,Chancey Devon
1000002911,cc,Delia Veevers
1000002912,cc,Regen Elis
1000002913,cc,Ambur Pipkin
1000002914,cc,Duffie Boame
1000002915,cc,Tripp Blasdale
1000002916,cc,Karalynn Mintoff
1000002917,cc,Jeri Greep
1000002918,cc,Ferne Dannatt
1000002919,cc,Terrye Simpkiss
1000002920,cc,Hortensia Thorsby
1000002921,cc,Demetra Illsley
1000002922,cc,Tracie Mullinder
1000002923,cc,Danella Panyer
1000002924,cc,Gabie Pinch
1000002925,cc,Augie Waylen
1000002926,cc,Elvira Oherlihy
1000002927,cc,Ramonda Flaubert
1000002928,cc,Cordie Grabb
1000002929,cc,Donalt Ilbert
1000002930,cc,Ramon Roughan
1000002931,cc,Ardine Severs
1000002932,cc,Godfree Chavrin
1000002933,cc,Lory Reveley
1000002934,cc,Reed Kilfeder
1000002935,cc,Port Fealey
1000002936,cc,Sibyl De Beauchemp
1000002937,cc,Hymie Firidolfi
1000002938,cc,Gustave Lackner
1000002939,cc,Byrann Beagan
1000002940,cc,Cedric Pigney
1000002941,cc,Shane Antonognoli
1000002942,cc,Ulises Dever
1000002943,cc,Junie Alderson
1000002944,cc,Meaghan Spada
1000002945,cc,Starla Anthill
1000002946,cc,Eward Birtwhistle
1000002947,cc,Joaquin Fidock
1000002948,cc,Svend Stoffler
1000002949,cc,Coletta Semour
1000002950,cc,Maisie Daburn
1000002951,cc,Mar Salmond
1000002952,cc,Elisa Josum
1000002953,cc,Judah McKie
1000002954,cc,Felisha Harhoff
1000002955,cc,Sayers Hulmes
1000002956,cc,Damiano Coggings
1000002957,cc,Inga Iacobucci
1000002958,cc,Tommie Dearnaley
1000002959,cc,Tedman Rohfsen
1000002960,cc,Lowrance Futty
1000002961,cc,Andros Boulsher
1000002962,cc,Kial Thumim
1000002963,cc,Almeta Etchingham
1000002964,cc,Izzy Darte
1000002965,cc,Eden Wiley
1000002966,cc,Amanda Mea
1000002967,cc,Dory Thebes
1000002968,cc,Portia Ferraron
1000002969,cc,Tannie Tearny
1000002970,cc,Abbey Drain
1000002971,cc,Sashenka Gladwish
1000002972,cc,Ellette Petters
1000002973,cc,Carie Janczewski
1000002974,cc,Krissy Pietasch
1000002975,cc,Elise Beahan
1000002976,cc,Elena Kinchington
1000002977,cc,Jacquetta Kohnen
1000002978,cc,Greggory Davidow
1000002979,cc,Bobbette Tinkler
1000002980,cc,Justino Tregunna
1000002981,cc,Cass Falks
1000002982,cc,Archaimbaud Leverton
1000002983,cc,Ikey Rubinivitz
1000002984,cc,Beatriz Ricciardiello
1000002985,cc,Merilyn Crauford
1000002986,cc,Jerrie Casone
1000002987,cc,Brew Witz
1000002988,cc,Margery McNickle
1000002989,cc,Rheba Noirel
1000002990,cc,Chance Jancey
1000002991,cc,Winn Jimenez
1000002992,cc,Gerda Gerrietz
1000002993,cc,Winston Stickens
1000002994,cc,Minni Olennikov
1000002995,cc,Grannie March
1000002996,cc,Earlie Coote
1000002997,cc,Winfield Twigg
1000002998,cc,Lory Oswell
1000002999,cc,Hashim Dyde
1000003000,cc,Lezley Samwaye
1000003001,cc,Sindee Vuitton
1000003002,cc,Bunny Syseland
1000003003,cc,Trista Enstone
1000003004,cc,Ira Ratie
1000003005,cc,Josh Duchart
1000003006,cc,Abram Standen
1000003007,cc,Myles Darkins
1000003008,cc,Rorie Gisburn
1000003009,cc,Merrick Syratt
1000003010,cc,Cody Lawther
1000003011,cc,Gwenette Labbet
1000003012,cc,Timothy Folomin
1000003013,cc,Steffane O'Harney
1000003014,cc,Cherise Fanshaw
1000003015,cc,Anatole Lavington
1000003016,cc,Shell McClune
1000003017,cc,Brady Nerger
1000003018,cc,Xena Corss
1000003019,cc,Aura Olner
1000003020,cc,Irwin Kettley
1000003021,cc,Karissa Korpal
1000003022,cc,Louella Minchinton
1000003023,cc,Findley Elliott
1000003024,cc,Pattin Stigger
1000003025,cc,Noelle Mulryan
1000003026,cc,Keen Suett
1000003027,cc,Vivi Enrdigo
1000003028,cc,Brier Ambler
1000003029,cc,Hersch Davson
1000003030,cc,Fairlie Sugden
1000003031,cc,Camella Pilkington
1000003032,cc,Isak Aynold
1000003033,cc,Alvera Kaes
1000003034,cc,Hobart Henstone
1000003035,cc,Charlene Jamblin
1000003036,cc,Laura Jerschke
1000003037,cc,Alex Cords
1000003038,cc,Raymund Cresser
1000003039,cc,Brinna Rean
1000003040,cc,Clark Spruce
1000003041,cc,Rodd Croston
1000003042,cc,Cthrine Heikkinen
1000003043,cc,Rutter Collum
1000003044,cc,Ludvig Skoof
1000003045,cc,Lazar Barker
1000003046,cc,Adelina Desvignes
1000003047,cc,Eba MacCartney
1000003048,cc,Debbi Pilmore
1000003049,cc,Ailbert Danielot
1000003050,cc,Holly-anne Dulanty
1000003051,cc,Darby Francie
1000003052,cc,Rockie Speer
1000003053,cc,Kasper Cutridge
1000003054,cc,Hannis Geibel
1000003055,cc,Gwenette Hansard
1000003056,cc,Kelcey Kerner
1000003057,cc,Odessa Brame
1000003058,cc,Vaughan Greenrod
1000003059,cc,Kora Sands-Allan
1000003060,cc,Tansy Hukins
1000003061,cc,Vladamir Musterd
1000003062,cc,Northrop Spuffard
1000003063,cc,Carlo Drife
1000003064,cc,Katie Boustead
1000003065,cc,Yoko Jamme
1000003066,cc,Reade Rosborough
1000003067,cc,Filippa Tatlowe
1000003068,cc,Webb Epinoy
1000003069,cc,Yanaton Burgwin
1000003070,cc,Vitia McReidy
1000003071,cc,Mervin Girvin
1000003072,cc,Kaila Noorwood
1000003073,cc,Sylvester Orton
1000003074,cc,Cristionna Smolan
1000003075,cc,Liz Brehat
1000003076,cc,Mara Tanby
1000003077,cc,Hanna Camellini
1000003078,cc,Dorie Ferfulle
1000003079,cc,Katusha Menico
1000003080,cc,Delmore Mowbray
1000003081,cc,Verna Cleave
1000003082,cc,Langston Chalcot
1000003083,cc,Raimund Ozelton
1000003084,cc,Georgeanna Blamey
1000003085,cc,Antony Meckiff
1000003086,cc,Gardy Whayman
1000003087,cc,Ailis Paish
1000003088,cc,Yvonne Rafferty
1000003089,cc,Alison Peacop
1000003090,cc,Janeta McLurg
1000003091,cc,Matias Prynne
1000003092,cc,Effie Birchwood
1000003093,cc,Karena Brannigan
1000003094,cc,Val Bracknell
1000003095,cc,Neddy Kobieriecki
1000003096,cc,Eloisa Witz
1000003097,cc,Ardeen Goodbarr
1000003098,cc,Gilbert Dimitrie
1000003099,cc,Kirsten Maidlow
1000003100,cc,Hilarius Cargill
1000003101,cc,Rhianna Balle
1000003102,cc,Cristie Kunes
1000003103,cc,Denver Swetman
1000003104,cc,Merry Lahiff
1000003105,cc,Brander Cowdray
1000003106,cc,Carlie Britt
1000003107,cc,Stafford Dossit
1000003108,cc,Darci Shillington
1000003109,cc,Maryanna Springham
1000003110,cc,Anetta Milius
1000003111,cc,Deni Roston
1000003112,cc,Ekaterina Bradburne
1000003113,cc,Louise Magister
1000003114,cc,Baxy Casino
1000003115,cc,Gare Farquhar
1000003116,cc,Wyn Auguste
1000003117,cc,Daniella Leband
1000003118,cc,Helen Benfell
1000003119,cc,Charisse Haggar
1000003120,cc,Gil O'Howbane
1000003121,cc,Bonnibelle Bront
1000003122,cc,Jacquenetta Astlatt
1000003123,cc,Lindsay Severwright
1000003124,cc,Ermengarde Sadry
1000003125,cc,Germain Parmley
1000003126,cc,Gerard Bauser
1000003127,cc,Nessie Tresvina
1000003128,cc,Ardys Stopforth
1000003129,cc,Mavis Buckberry
1000003130,cc,Hallsy Otterwell
1000003131,cc,Modestine Kilmary
1000003132,cc,Louisa Gritskov
1000003133,cc,Sabra Coetzee
1000003134,cc,Cristina Madden
1000003135,cc,Alysa Landrick
1000003136,cc,Ben Caffery
1000003137,cc,Rocky Brothwell
1000003138,cc,Heath Autie
1000003139,cc,Binny Benham
1000003140,cc,Nestor Dalli
1000003141,cc,Sawyere Handaside
1000003142,cc,Jodi Garey
1000003143,cc,Garey Rossi
1000003144,cc,Cozmo Casali
1000003145,cc,Viola Rackham
1000003146,cc,Zarla Dondon
1000003147,cc,Ogdon Brunelleschi
1000003148,cc,Franny Kewzick
1000003149,cc,Derwin O'Connolly
1000003150,cc,Walsh Benning
1000003151,cc,Mario Newlands
1000003152,cc,Danya Champniss
1000003153,cc,Lulu Shea
1000003154,cc,Gris Cometto
1000003155,cc,Theobald Cissell
1000003156,cc,Rudolfo Beyne
1000003157,cc,Kincaid Kirkpatrick
1000003158,cc,Malinde Fielder
1000003159,cc,Herc Galfour
1000003160,cc,Quintus Greenhalf
1000003161,cc,Brenn Jarville
1000003162,cc,Cullen Froome
1000003163,cc,Judith Van der Beek
1000003164,cc,Shara Moncreif
1000003165,cc,Tremain Edginton
1000003166,cc,Nady Acory
1000003167,cc,Mari Baynham
1000003168,cc,Valdemar Da Costa
1000003169,cc,Bran Flory
1000003170,cc,Fraze Christin
1000003171,cc,Roze Shingler
1000003172,cc,Darlene Johananoff
1000003173,cc,Petunia Spare
1000003174,cc,Abra Humberstone
1000003175,cc,Elna MacDonell
1000003176,cc,Ram Whitsun
1000003177,cc,Jesus Heinrich
1000003178,cc,Neville Ruoff
1000003179,cc,Hurlee Goodliff
1000003180,cc,Sigvard Neubigin
1000003181,cc,Orazio Hove
1000003182,cc,Kippie Druce
1000003183,cc,Kain Muttitt
1000003184,cc,Dyanna Lunt
1000003185,cc,Ardra Jobbings
1000003186,cc,Kitty Marklew
1000003187,cc,Lauree Bulcroft
1000003188,cc,Lucias Pankethman
1000003189,cc,Ruthanne Mockes
1000003190,cc,Baxy Fairbard
1000003191,cc,Martelle Major
1000003192,cc,Daile Dudlestone
1000003193,cc,Brock Akeherst
1000003194,cc,Traver Hutchinson
1000003195,cc,Regine Pringer
1000003196,cc,Kalinda Kelcher
1000003197,cc,Isobel Sibylla
1000003198,cc,Billye Cohan
1000003199,cc,Ophelie Want
1000003200,cc,Gabriel Dabernott
1000003201,cc,Maurits Lickorish
1000003202,cc,Kerrin Ceschelli
1000003203,cc,Jarid Vasishchev
1000003204,cc,Arthur Halls
1000003205,cc,Edwin Houldin
1000003206,cc,Kaycee Hassall
1000003207,cc,Hildagard Latour
1000003208,cc,Meggi McPharlain
1000003209,cc,Marika Dullard
1000003210,cc,Crystal Havvock
1000003211,cc,Andy Walklett
1000003212,cc,Libbi Allardyce
1000003213,cc,Ruthe Le Marchant
1000003214,cc,Obediah Hadcock
1000003215,cc,Alphard Gotcher
1000003216,cc,Tedie Brehault
1000003217,cc,Sibyl Feifer
1000003218,cc,Dee dee Brood
1000003219,cc,Klarika Colleck
1000003220,cc,Mavis Pottery
1000003221,cc,Leroi Seargeant
1000003222,cc,Hattie Langmaid
1000003223,cc,Sherwin Folbig
1000003224,cc,Neda Senton
1000003225,cc,Barron Harcus
1000003226,cc,Washington Lebbon
1000003227,cc,Maria Trenam
1000003228,cc,Tabbitha Jerzykiewicz
1000003229,cc,Bradley Jahnel
1000003230,cc,Aida Lince
1000003231,cc,Oliy Plumstead
1000003232,cc,Kyle Blundin
1000003233,cc,Amata Heasley
1000003234,cc,Caryn Piesold
1000003235,cc,Kellen Swanne
1000003236,cc,Monica Weatherby
1000003237,cc,Xylia Meynell
1000003238,cc,Pamela Edkins
1000003239,cc,Perry Binder
1000003240,cc,Carmen Labusch
1000003241,cc,Jone Mallam
1000003242,cc,Zia Baverstock
1000003243,cc,Penelopa Silverson
1000003244,cc,Fulvia Batte
1000003245,cc,Inglebert Arthur
1000003246,cc,Laird Fearnsides
1000003247,cc,Ingmar Ornillos
1000003248,cc,Mahalia Otter
1000003249,cc,Neils Lanon
1000003250,cc,Oralia Coughlin
1000003251,cc,Vicki Bryenton
1000003252,cc,Brier Reese
1000003253,cc,Gusella Lesmonde
1000003254,cc,Shelba O'Suaird
1000003255,cc,Sib Cardon
1000003256,cc,Gloriana Happer
1000003257,cc,Davy Edinburough
1000003258,cc,Garald Downing
1000003259,cc,Rivkah Stripp
1000003260,cc,Roobbie Lindstedt
1000003261,cc,Sabrina Jammet
1000003262,cc,Garrek David
1000003263,cc,Rozalin Lum
1000003264,cc,Marina Campbell-Dunlop
1000003265,cc,Granville De Bruijn
1000003266,cc,Gerardo Mack
1000003267,cc,Doreen Dumphreys
1000003268,cc,Taylor Ridding
1000003269,cc,Juliane Cleatherow
1000003270,cc,Nate Blaze
1000003271,cc,Markus Tofanini
1000003272,cc,Dalli Brunsdon
1000003273,cc,Misty Conelly
1000003274,cc,Marc Crassweller
1000003275,cc,Gianina Vuitte
1000003276,cc,Sharline Skilbeck
1000003277,cc,Rosemaria Attrill
1000003278,cc,Ula Pellitt
1000003279,cc,Ambur Wallworth
1000003280,cc,Tymon Baylis
1000003281,cc,Jammie Barford
1000003282,cc,Alejandrina Egentan
1000003283,cc,Elston Hassent
1000003284,cc,Arabel MacAskie
1000003285,cc,Miguel Bockman
1000003286,cc,Isabeau Footer
1000003287,cc,Estelle Knibbs
1000003288,cc,Chilton Robroe
1000003289,cc,Arman Spottiswoode
1000003290,cc,Juanita Autry
1000003291,cc,Sascha Aizikov
1000003292,cc,Teresita Robelin
1000003293,cc,Alic Pierson
1000003294,cc,Haven Ebdon
1000003295,cc,Cybill Hearnden
1000003296,cc,Gardiner Lenard
1000003297,cc,Salomon Sambeck
1000003298,cc,Lorianne Ciabatteri
1000003299,cc,Chrissy Perrone
1000003300,cc,Marigold Pickthall
1000003301,cc,Adeline Stanaway
1000003302,cc,Mohammed Argyle
1000003303,cc,Early Blazey
1000003304,cc,Aleta McQuode
1000003305,cc,Orella Bulter
1000003306,cc,Mel Chave
1000003307,cc,Ceciley Bogue
1000003308,cc,Faythe Wormell
1000003309,cc,Quill Leech
1000003310,cc,Louella McQuillin
1000003311,cc,Sinclair Bednall
1000003312,cc,Bianka Ash
1000003313,cc,Andy Stainbridge
1000003314,cc,Waylon Deniscke
1000003315,cc,Wanda Roscam
1000003316,cc,Darnall Filyukov
1000003317,cc,Briant Fermer
1000003318,cc,Emma Brickell
1000003319,cc,Valencia Buddles
1000003320,cc,Beatriz Carnihan
1000003321,cc,Kathye Giovannacci
1000003322,cc,Lyndsay Eatock
1000003323,cc,Modestia Dongate
1000003324,cc,Sandy Rawlinson
1000003325,cc,Berky Lamas
1000003326,cc,Rudiger Findon
1000003327,cc,Corinne Jenny
1000003328,cc,Donnell Greenrod
1000003329,cc,Binny Scarlet
1000003330,cc,Emilia Abramowsky
1000003331,cc,Tomasina MacGinlay
1000003332,cc,Rich Kitchener
1000003333,cc,Candie Cordova
1000003334,cc,Rachelle Sainsbury
1000003335,cc,Bobbe Bremeyer
1000003336,cc,Brice Mosen
1000003337,cc,Merilee Maroney
1000003338,cc,Gannie O'Hagan
1000003339,cc,Darby Stang-Gjertsen
1000003340,cc,Rog Petras
1000003341,cc,Bonni D'Ruel
1000003342,cc,Norby Shedden
1000003343,cc,Agnella Paulich
1000003344,cc,Mozes Tuffrey
1000003345,cc,Helaina Alty
1000003346,cc,Junie Alderson
1000003347,cc,Meaghan Spada
1000003348,cc,Starla Anthill
1000003349,cc,Eward Birtwhistle
1000003350,cc,Joaquin Fidock
1000003351,cc,Svend Stoffler
1000003352,cc,Coletta Semour
1000003353,cc,Maisie Daburn
1000003354,cc,Mar Salmond
1000003355,cc,Elisa Josum
1000003356,cc,Judah McKie
1000003357,cc,Felisha Harhoff
1000003358,cc,Sayers Hulmes
1000003359,cc,Damiano Coggings
1000003360,cc,Inga Iacobucci
1000003361,cc,Tommie Dearnaley
1000003362,cc,Tedman Rohfsen
1000003363,cc,Lowrance Futty
1000003364,cc,Andros Boulsher
1000003365,cc,Kial Thumim
1000003366,cc,Almeta Etchingham
1000003367,cc,Izzy Darte
1000003368,cc,Eden Wiley
1000003369,cc,Amanda Mea
1000003370,cc,Dory Thebes
1000003371,cc,Portia Ferraron
1000003372,cc,Tannie Tearny
1000003373,cc,Abbey Drain
1000003374,cc,Sashenka Gladwish
1000003375,cc,Ellette Petters
1000003376,cc,Carie Janczewski
1000003377,cc,Krissy Pietasch
1000003378,cc,Elise Beahan
1000003379,cc,Elena Kinchington
1000003380,cc,Jacquetta Kohnen
1000003381,cc,Greggory Davidow
1000003382,cc,Bobbette Tinkler
1000003383,cc,Justino Tregunna
1000003384,cc,Cass Falks
1000003385,cc,Archaimbaud Leverton
1000003386,cc,Ikey Rubinivitz
1000003387,cc,Beatriz Ricciardiello
1000003388,cc,Merilyn Crauford
1000003389,cc,Jerrie Casone
1000003390,cc,Brew Witz
1000003391,cc,Margery McNickle
1000003392,cc,Rheba Noirel
1000003393,cc,Chance Jancey
1000003394,cc,Winn Jimenez
1000003395,cc,Gerda Gerrietz
1000003396,cc,Winston Stickens
1000003397,cc,Minni Olennikov
1000003398,cc,Grannie March
1000003399,cc,Earlie Coote
1000003400,cc,Winfield Twigg
1000003401,cc,Lory Oswell
1000003402,cc,Hashim Dyde
1000003403,cc,Lezley Samwaye
1000003404,cc,Sindee Vuitton
1000003405,cc,Bunny Syseland
1000003406,cc,Trista Enstone
1000003407,cc,Ira Ratie
1000003408,cc,Josh Duchart
1000003409,cc,Abram Standen
1000003410,cc,Myles Darkins
1000003411,cc,Rorie Gisburn
1000003412,cc,Merrick Syratt
1000003413,cc,Cody Lawther
1000003414,cc,Gwenette Labbet
1000003415,cc,Timothy Folomin
1000003416,cc,Steffane O'Harney
1000003417,cc,Cherise Fanshaw
1000003418,cc,Anatole Lavington
1000003419,cc,Shell McClune
1000003420,cc,Brady Nerger
1000003421,cc,Xena Corss
1000003422,cc,Aura Olner
1000003423,cc,Irwin Kettley
1000003424,cc,Karissa Korpal
1000003425,cc,Louella Minchinton
1000003426,cc,Findley Elliott
1000003427,cc,Pattin Stigger
1000003428,cc,Noelle Mulryan
1000003429,cc,Keen Suett
1000003430,cc,Vivi Enrdigo
1000003431,cc,Brier Ambler
1000003432,cc,Hersch Davson
1000003433,cc,Fairlie Sugden
1000003434,cc,Camella Pilkington
1000003435,cc,Isak Aynold
1000003436,cc,Alvera Kaes
1000003437,cc,Hobart Henstone
1000003438,cc,Charlene Jamblin
1000003439,cc,Laura Jerschke
1000003440,cc,Alex Cords
1000003441,cc,Raymund Cresser
1000003442,cc,Brinna Rean
1000003443,cc,Clark Spruce
1000003444,cc,Rodd Croston
1000003445,cc,Cthrine Heikkinen
1000003446,cc,Rutter Collum
1000003447,cc,Ludvig Skoof
1000003448,cc,Lazar Barker
1000003449,cc,Adelina Desvignes
1000003450,cc,Eba MacCartney
1000003451,cc,Debbi Pilmore
1000003452,cc,Ailbert Danielot
1000003453,cc,Holly-anne Dulanty
1000003454,cc,Darby Francie
1000003455,cc,Rockie Speer
1000003456,cc,Kasper Cutridge
1000003457,cc,Hannis Geibel
1000003458,cc,Gwenette Hansard
1000003459,cc,Kelcey Kerner
1000003460,cc,Odessa Brame
1000003461,cc,Vaughan Greenrod
1000003462,cc,Kora Sands-Allan
1000003463,cc,Tansy Hukins
1000003464,cc,Vladamir Musterd
1000003465,cc,Northrop Spuffard
1000003466,cc,Carlo Drife
1000003467,cc,Katie Boustead
1000003468,cc,Yoko Jamme
1000003469,cc,Reade Rosborough
1000003470,cc,Filippa Tatlowe
1000003471,cc,Webb Epinoy
1000003472,cc,Yanaton Burgwin
1000003473,cc,Vitia McReidy
1000003474,cc,Mervin Girvin
1000003475,cc,Kaila Noorwood
1000003476,cc,Sylvester Orton
1000003477,cc,Cristionna Smolan
1000003478,cc,Liz Brehat
1000003479,cc,Mara Tanby
1000003480,cc,Hanna Camellini
1000003481,cc,Dorie Ferfulle
1000003482,cc,Katusha Menico
1000003483,cc,Margalit Burfield
1000003484,cc,Vanna Went
1000003485,cc,Lea Gouly
1000003486,cc,Patrica Shelton
1000003487,cc,Doe Bullivent
1000003488,cc,Gar Phuprate
1000003489,cc,Max Germann
1000003490,cc,Delcina Voden
1000003491,cc,Melanie Ingleby
1000003492,cc,Lorin D'Alesco
1000003493,cc,Stephan Conroy
1000003494,cc,Glennis Yegoshin
1000003495,cc,Kerr Spaughton
1000003496,cc,Merrily Malpas
1000003497,cc,Dallas Frick
1000003498,cc,Bobby Jossum
1000003499,cc,Lorianna Rizzolo
1000003500,cc,Avis Mars
1000003501,cc,Twyla Jakes
1000003502,cc,Albert Ketteringham
1000003503,cc,Sela Fissenden
1000003504,cc,Easter Bathersby
1000003505,cc,Grannie Grishunin
1000003506,cc,Mata Antyukhin
1000003507,cc,Lola Dunphy
1000003508,cc,Johann Hillaby
1000003509,cc,Roxanne Capnor
1000003510,cc,Nappy Libbis
1000003511,cc,Tait Slaten
1000003512,cc,Darcy Swalteridge
1000003513,cc,Evangeline Stranger
1000003514,cc,Fayth Watkiss
1000003515,cc,Skip Risely
1000003516,cc,Jodi Janauschek
1000003517,cc,Oren Blincow
1000003518,cc,Rakel Coe
1000003519,cc,Sari Twine
1000003520,cc,Elly Meneo
1000003521,cc,Kare Wilcocke
1000003522,cc,Aharon Tidswell
1000003523,cc,Sheilah Hutchins
1000003524,cc,Celestina Housego
1000003525,cc,Zane Scoon
1000003526,cc,Wandie Duberry
1000003527,cc,Glenna Hutton
1000003528,cc,Skye Dunkersley
1000003529,cc,Kristen Sturgess
1000003530,cc,Olive Dugmore
1000003531,cc,Federico McAusland
1000003532,cc,Mychal Gregoratti
1000003533,cc,Leigh Howchin
1000003534,cc,Arte Jeske
1000003535,cc,Dionysus Marunchak
1000003536,cc,Celestia Crosskill
1000003537,cc,Daveen Twede
1000003538,cc,Major Filasov
1000003539,cc,Jerad Bolwell
1000003540,cc,Lillian Sheward
1000003541,cc,Brynna McElvogue
1000003542,cc,Cammy Buttriss
1000003543,cc,Ernaline Brimman
1000003544,cc,Marlon Prott
1000003545,cc,Chancey Devon
1000003546,cc,Delia Veevers
1000003547,cc,Regen Elis
1000003548,cc,Ambur Pipkin
1000003549,cc,Duffie Boame
1000003550,cc,Tripp Blasdale
1000003551,cc,Karalynn Mintoff
1000003552,cc,Jeri Greep
1000003553,cc,Ferne Dannatt
1000003554,cc,Terrye Simpkiss
1000003555,cc,Hortensia Thorsby
1000003556,cc,Demetra Illsley
1000003557,cc,Tracie Mullinder
1000003558,cc,Danella Panyer
1000003559,cc,Gabie Pinch
1000003560,cc,Augie Waylen
1000003561,cc,Elvira Oherlihy
1000003562,cc,Ramonda Flaubert
1000003563,cc,Cordie Grabb
1000003564,cc,Donalt Ilbert
1000003565,cc,Ramon Roughan
1000003566,cc,Ardine Severs
1000003567,cc,Godfree Chavrin
1000003568,cc,Lory Reveley
1000003569,cc,Reed Kilfeder
1000003570,cc,Port Fealey
1000003571,cc,Sibyl De Beauchemp
1000003572,cc,Hymie Firidolfi
1000003573,cc,Gustave Lackner
1000003574,cc,Byrann Beagan
1000003575,cc,Cedric Pigney
1000003576,cc,Shane Antonognoli
1000003577,cc,Ulises Dever
1000003578,cc,Junie Alderson
1000003579,cc,Meaghan Spada
1000003580,cc,Starla Anthill
1000003581,cc,Eward Birtwhistle
1000003582,cc,Joaquin Fidock
1000003583,cc,Svend Stoffler
1000003584,cc,Coletta Semour
1000003585,cc,Maisie Daburn
1000003586,cc,Mar Salmond
1000003587,cc,Elisa Josum
1000003588,cc,Judah McKie
1000003589,cc,Felisha Harhoff
1000003590,cc,Sayers Hulmes
1000003591,cc,Damiano Coggings
1000003592,cc,Inga Iacobucci
1000003593,cc,Tommie Dearnaley
1000003594,cc,Tedman Rohfsen
1000003595,cc,Lowrance Futty
1000003596,cc,Andros Boulsher
1000003597,cc,Kial Thumim
1000003598,cc,Almeta Etchingham
1000003599,cc,Izzy Darte
1000003600,cc,Eden Wiley
1000003601,cc,Amanda Mea
1000003602,cc,Dory Thebes
1000003603,cc,Portia Ferraron
1000003604,cc,Tannie Tearny
1000003605,cc,Abbey Drain
1000003606,cc,Sashenka Gladwish
1000003607,cc,Ellette Petters
1000003608,cc,Carie Janczewski
1000003609,cc,Krissy Pietasch
1000003610,cc,Elise Beahan
1000003611,cc,Elena Kinchington
1000003612,cc,Jacquetta Kohnen
1000003613,cc,Greggory Davidow
1000003614,cc,Bobbette Tinkler
1000003615,cc,Justino Tregunna
1000003616,cc,Cass Falks
1000003617,cc,Archaimbaud Leverton
1000003618,cc,Ikey Rubinivitz
1000003619,cc,Beatriz Ricciardiello
1000003620,cc,Merilyn Crauford
1000003621,cc,Jerrie Casone
1000003622,cc,Brew Witz
1000003623,cc,Margery McNickle
1000003624,cc,Rheba Noirel
1000003625,cc,Chance Jancey
1000003626,cc,Winn Jimenez
1000003627,cc,Gerda Gerrietz
1000003628,cc,Winston Stickens
1000003629,cc,Minni Olennikov
1000003630,cc,Grannie March
1000003631,cc,Earlie Coote
1000003632,cc,Winfield Twigg
1000003633,cc,Lory Oswell
1000003634,cc,Hashim Dyde
1000003635,cc,Lezley Samwaye
1000003636,cc,Sindee Vuitton
1000003637,cc,Bunny Syseland
1000003638,cc,Trista Enstone
1000003639,cc,Ira Ratie
1000003640,cc,Josh Duchart
1000003641,cc,Abram Standen
1000003642,cc,Margalit Burfield
1000003643,cc,Vanna Went
1000003644,cc,Lea Gouly
1000003645,cc,Patrica Shelton
1000003646,cc,Doe Bullivent
1000003647,cc,Gar Phuprate
1000003648,cc,Max Germann
1000003649,cc,Delcina Voden
1000003650,cc,Melanie Ingleby
1000003651,cc,Lorin D'Alesco
1000003652,cc,Stephan Conroy
1000003653,cc,Glennis Yegoshin
1000003654,cc,Kerr Spaughton
1000003655,cc,Merrily Malpas
1000003656,cc,Dallas Frick
1000003657,cc,Bobby Jossum
1000003658,cc,Lorianna Rizzolo
1000003659,cc,Avis Mars
1000003660,cc,Twyla Jakes
1000003661,cc,Albert Ketteringham
1000003662,cc,Sela Fissenden
1000003663,cc,Easter Bathersby
1000003664,cc,Grannie Grishunin
1000003665,cc,Mata Antyukhin
1000003666,cc,Lola Dunphy
1000003667,cc,Johann Hillaby
1000003668,cc,Roxanne Capnor
1000003669,cc,Nappy Libbis
1000003670,cc,Tait Slaten
1000003671,cc,Darcy Swalteridge
1000003672,cc,Evangeline Stranger
1000003673,cc,Fayth Watkiss
1000003674,cc,Skip Risely
1000003675,cc,Jodi Janauschek
1000003676,cc,Oren Blincow
1000003677,cc,Rakel Coe
1000003678,cc,Sari Twine
1000003679,cc,Elly Meneo
1000003680,cc,Kare Wilcocke
1000003681,cc,Aharon Tidswell
1000003682,cc,Sheilah Hutchins
1000003683,cc,Celestina Housego
1000003684,cc,Zane Scoon
1000003685,cc,Wandie Duberry
1000003686,cc,Glenna Hutton
1000003687,cc,Skye Dunkersley
1000003688,cc,Kristen Sturgess
1000003689,cc,Olive Dugmore
1000003690,cc,Federico McAusland
1000003691,cc,Mychal Gregoratti
1000003692,cc,Leigh Howchin
1000003693,cc,Arte Jeske
1000003694,cc,Dionysus Marunchak
1000003695,cc,Celestia Crosskill
1000003696,cc,Daveen Twede
1000003697,cc,Major Filasov
1000003698,cc,Jerad Bolwell
1000003699,cc,Lillian Sheward
1000003700,cc,Brynna McElvogue
1000003701,cc,Cammy Buttriss
1000003702,cc,Ernaline Brimman
1000003703,cc,Marlon Prott
1000003704,cc,Chancey Devon
1000003705,cc,Delia Veevers
1000003706,cc,Regen Elis
1000003707,cc,Ambur Pipkin
1000003708,cc,Duffie Boame
1000003709,cc,Tripp Blasdale
1000003710,cc,Karalynn Mintoff
1000003711,cc,Jeri Greep
1000003712,cc,Ferne Dannatt
1000003713,cc,Terrye Simpkiss
1000003714,cc,Hortensia Thorsby
1000003715,cc,Demetra Illsley
1000003716,cc,Tracie Mullinder
1000003717,cc,Danella Panyer
1000003718,cc,Gabie Pinch
1000003719,cc,Augie Waylen
1000003720,cc,Elvira Oherlihy
1000003721,cc,Ramonda Flaubert
1000003722,cc,Cordie Grabb
1000003723,cc,Donalt Ilbert
1000003724,cc,Ramon Roughan
1000003725,cc,Ardine Severs
1000003726,cc,Godfree Chavrin
1000003727,cc,Lory Reveley
1000003728,cc,Reed Kilfeder
1000003729,cc,Port Fealey
1000003730,cc,Sibyl De Beauchemp
1000003731,cc,Hymie Firidolfi
1000003732,cc,Gustave Lackner
1000003733,cc,Byrann Beagan
1000003734,cc,Cedric Pigney
1000003735,cc,Shane Antonognoli
1000003736,cc,Ulises Dever
1000003737,cc,Junie Alderson
1000003738,cc,Meaghan Spada
1000003739,cc,Starla Anthill
1000003740,cc,Eward Birtwhistle
1000003741,cc,Joaquin Fidock
1000003742,cc,Svend Stoffler
1000003743,cc,Coletta Semour
1000003744,cc,Maisie Daburn
1000003745,cc,Mar Salmond
1000003746,cc,Elisa Josum
1000003747,cc,Judah McKie
1000003748,cc,Felisha Harhoff
1000003749,cc,Sayers Hulmes
1000003750,cc,Damiano Coggings
1000003751,cc,Inga Iacobucci
1000003752,cc,Tommie Dearnaley
1000003753,cc,Tedman Rohfsen
1000003754,cc,Lowrance Futty
1000003755,cc,Andros Boulsher
1000003756,cc,Kial Thumim
1000003757,cc,Almeta Etchingham
1000003758,cc,Izzy Darte
1000003759,cc,Eden Wiley
1000003760,cc,Amanda Mea
1000003761,cc,Dory Thebes
1000003762,cc,Portia Ferraron
1000003763,cc,Tannie Tearny
1000003764,cc,Abbey Drain
1000003765,cc,Sashenka Gladwish
1000003766,cc,Ellette Petters
1000003767,cc,Carie Janczewski
1000003768,cc,Krissy Pietasch
1000003769,cc,Elise Beahan
1000003770,cc,Elena Kinchington
1000003771,cc,Jacquetta Kohnen
1000003772,cc,Greggory Davidow
1000003773,cc,Bobbette Tinkler
1000003774,cc,Justino Tregunna
1000003775,cc,Cass Falks
1000003776,cc,Archaimbaud Leverton
1000003777,cc,Ikey Rubinivitz
1000003778,cc,Beatriz Ricciardiello
1000003779,cc,Merilyn Crauford
1000003780,cc,Jerrie Casone
1000003781,cc,Brew Witz
1000003782,cc,Margery McNickle
1000003783,cc,Rheba Noirel
1000003784,cc,Chance Jancey
1000003785,cc,Winn Jimenez
1000003786,cc,Gerda Gerrietz
1000003787,cc,Winston Stickens
1000003788,cc,Minni Olennikov
1000003789,cc,Grannie March
1000003790,cc,Earlie Coote
1000003791,cc,Winfield Twigg
1000003792,cc,Lory Oswell
1000003793,cc,Hashim Dyde
1000003794,cc,Lezley Samwaye
1000003795,cc,Sindee Vuitton
1000003796,cc,Bunny Syseland
1000003797,cc,Trista Enstone
1000003798,cc,Ira Ratie
1000003799,cc,Josh Duchart
1000003800,cc,Abram Standen
1000003801,cc,Margalit Burfield
1000003802,cc,Vanna Went
1000003803,cc,Lea Gouly
1000003804,cc,Patrica Shelton
1000003805,cc,Doe Bullivent
1000003806,cc,Gar Phuprate
1000003807,cc,Max Germann
1000003808,cc,Delcina Voden
1000003809,cc,Melanie Ingleby
1000003810,cc,Lorin D'Alesco
1000003811,cc,Stephan Conroy
1000003812,cc,Glennis Yegoshin
1000003813,cc,Kerr Spaughton
1000003814,cc,Merrily Malpas
1000003815,cc,Dallas Frick
1000003816,cc,Bobby Jossum
1000003817,cc,Lorianna Rizzolo
1000003818,cc,Avis Mars
1000003819,cc,Twyla Jakes
1000003820,cc,Albert Ketteringham
1000003821,cc,Sela Fissenden
1000003822,cc,Easter Bathersby
1000003823,cc,Grannie Grishunin
1000003824,cc,Mata Antyukhin
1000003825,cc,Lola Dunphy
1000003826,cc,Johann Hillaby
1000003827,cc,Roxanne Capnor
1000003828,cc,Nappy Libbis
1000003829,cc,Tait Slaten
1000003830,cc,Darcy Swalteridge
1000003831,cc,Evangeline Stranger
1000003832,cc,Fayth Watkiss
1000003833,cc,Skip Risely
1000003834,cc,Jodi Janauschek
1000003835,cc,Oren Blincow
1000003836,cc,Rakel Coe
1000003837,cc,Sari Twine
1000003838,cc,Elly Meneo
1000003839,cc,Kare Wilcocke
1000003840,cc,Aharon Tidswell
1000003841,cc,Sheilah Hutchins
1000003842,cc,Celestina Housego
1000003843,cc,Zane Scoon
1000003844,cc,Wandie Duberry
1000003845,cc,Glenna Hutton
1000003846,cc,Skye Dunkersley
1000003847,cc,Kristen Sturgess
1000003848,cc,Olive Dugmore
1000003849,cc,Federico McAusland
1000003850,cc,Mychal Gregoratti
1000003851,cc,Leigh Howchin
1000003852,cc,Arte Jeske
1000003853,cc,Dionysus Marunchak
1000003854,cc,Celestia Crosskill
1000003855,cc,Daveen Twede
1000003856,cc,Major Filasov
1000003857,cc,Jerad Bolwell
1000003858,cc,Lillian Sheward
1000003859,cc,Brynna McElvogue
1000003860,cc,Cammy Buttriss
1000003861,cc,Ernaline Brimman
1000003862,cc,Marlon Prott
1000003863,cc,Chancey Devon
1000003864,cc,Delia Veevers
1000003865,cc,Regen Elis
1000003866,cc,Ambur Pipkin
1000003867,cc,Duffie Boame
1000003868,cc,Tripp Blasdale
1000003869,cc,Karalynn Mintoff
1000003870,cc,Jeri Greep
1000003871,cc,Ferne Dannatt
1000003872,cc,Terrye Simpkiss
1000003873,cc,Hortensia Thorsby
1000003874,cc,Demetra Illsley
1000003875,cc,Tracie Mullinder
1000003876,cc,Danella Panyer
1000003877,cc,Gabie Pinch
1000003878,cc,Augie Waylen
1000003879,cc,Elvira Oherlihy
1000003880,cc,Ramonda Flaubert
1000003881,cc,Cordie Grabb
1000003882,cc,Donalt Ilbert
1000003883,cc,Ramon Roughan
1000003884,cc,Ardine Severs
1000003885,cc,Godfree Chavrin
1000003886,cc,Lory Reveley
1000003887,cc,Reed Kilfeder
1000003888,cc,Port Fealey
1000003889,cc,Sibyl De Beauchemp
1000003890,cc,Hymie Firidolfi
1000003891,cc,Gustave Lackner
1000003892,cc,Byrann Beagan
1000003893,cc,Cedric Pigney
1000003894,cc,Shane Antonognoli
1000003895,cc,Ulises Dever
1000003896,cc,Junie Alderson
1000003897,cc,Meaghan Spada
1000003898,cc,Starla Anthill
1000003899,cc,Eward Birtwhistle
1000003900,cc,Joaquin Fidock
1000003901,cc,Svend Stoffler
1000003902,cc,Coletta Semour
1000003903,cc,Maisie Daburn
1000003904,cc,Mar Salmond
1000003905,cc,Elisa Josum
1000003906,cc,Judah McKie
1000003907,cc,Felisha Harhoff
1000003908,cc,Sayers Hulmes
1000003909,cc,Damiano Coggings
1000003910,cc,Inga Iacobucci
1000003911,cc,Tommie Dearnaley
1000003912,cc,Tedman Rohfsen
1000003913,cc,Lowrance Futty
1000003914,cc,Andros Boulsher
1000003915,cc,Kial Thumim
1000003916,cc,Almeta Etchingham
1000003917,cc,Izzy Darte
1000003918,cc,Eden Wiley
1000003919,cc,Amanda Mea
1000003920,cc,Dory Thebes
1000003921,cc,Portia Ferraron
1000003922,cc,Tannie Tearny
1000003923,cc,Abbey Drain
1000003924,cc,Sashenka Gladwish
1000003925,cc,Ellette Petters
1000003926,cc,Carie Janczewski
1000003927,cc,Krissy Pietasch
1000003928,cc,Elise Beahan
1000003929,cc,Elena Kinchington
1000003930,cc,Jacquetta Kohnen
1000003931,cc,Greggory Davidow
1000003932,cc,Bobbette Tinkler
1000003933,cc,Justino Tregunna
1000003934,cc,Cass Falks
1000003935,cc,Archaimbaud Leverton
1000003936,cc,Ikey Rubinivitz
1000003937,cc,Beatriz Ricciardiello
1000003938,cc,Merilyn Crauford
1000003939,cc,Jerrie Casone
1000003940,cc,Brew Witz
1000003941,cc,Margery McNickle
1000003942,cc,Rheba Noirel
1000003943,cc,Chance Jancey
1000003944,cc,Winn Jimenez
1000003945,cc,Gerda Gerrietz
1000003946,cc,Winston Stickens
1000003947,cc,Minni Olennikov
1000003948,cc,Grannie March
1000003949,cc,Earlie Coote
1000003950,cc,Winfield Twigg
1000003951,cc,Lory Oswell
1000003952,cc,Hashim Dyde
1000003953,cc,Lezley Samwaye
1000003954,cc,Sindee Vuitton
1000003955,cc,Bunny Syseland
1000003956,cc,Trista Enstone
1000003957,cc,Ira Ratie
1000003958,cc,Josh Duchart
1000003959,cc,Abram Standen
1000003960,cc,Margalit Burfield
1000003961,cc,Vanna Went
1000003962,cc,Lea Gouly
1000003963,cc,Patrica Shelton
1000003964,cc,Doe Bullivent
1000003965,cc,Gar Phuprate
1000003966,cc,Max Germann
1000003967,cc,Delcina Voden
1000003968,cc,Melanie Ingleby
1000003969,cc,Lorin D'Alesco
1000003970,cc,Stephan Conroy
1000003971,cc,Glennis Yegoshin
1000003972,cc,Kerr Spaughton
1000003973,cc,Merrily Malpas
1000003974,cc,Dallas Frick
1000003975,cc,Bobby Jossum
1000003976,cc,Lorianna Rizzolo
1000003977,cc,Avis Mars
1000003978,cc,Twyla Jakes
1000003979,cc,Albert Ketteringham
1000003980,cc,Sela Fissenden
1000003981,cc,Easter Bathersby
1000003982,cc,Grannie Grishunin
1000003983,cc,Mata Antyukhin
1000003984,cc,Lola Dunphy
1000003985,cc,Johann Hillaby
1000003986,cc,Roxanne Capnor
1000003987,cc,Nappy Libbis
1000003988,cc,Tait Slaten
1000003989,cc,Darcy Swalteridge
1000003990,cc,Evangeline Stranger
1000003991,cc,Fayth Watkiss
1000003992,cc,Skip Risely
1000003993,cc,Jodi Janauschek
1000003994,cc,Oren Blincow
1000003995,cc,Rakel Coe
1000003996,cc,Sari Twine
1000003997,cc,Elly Meneo
1000003998,cc,Kare Wilcocke
1000003999,cc,Aharon Tidswell
1000004000,cc,Sheilah Hutchins
