empresa,representante,pais
E1,Derry Yacobsohn,Russia
E2,Guilbert Gloster,Armenia
E3,Dominique Mileham,Ireland
E4,Arlin Larcier,China
E5,Shir McCowan,South Africa
E6,Lenka Andric,China
E7,Kassie Guilayn,Indonesia
E8,Ripley de Najera,Guatemala
E9,Gregory Ferrierio,France
E10,Abby Nias,Portugal
E11,Bryana Girvin,Colombia
E12,Ina Simmank,Indonesia
E13,Ivie Baskerfield,Venezuela
E14,Ulrica Denidge,China
E15,Jone Dolligon,Morocco
E16,Tiffany Ipsgrave,China
E17,Roldan Kirrage,Russia
E18,Jocelyne Lutzmann,Brazil
E19,Kevin Mycock,China
E20,Glynis Gamil,Tanzania
E21,Hamlen Condy,Bosnia and Herzegovina
E22,Chaddie Robyns,Indonesia
E23,Esther Pasley,Morocco
E24,Jenni Petersen,France
E25,Ellery Komorowski,Luxembourg
E26,Sylvia Joskowicz,Tunisia
E27,Andrus Burborough,Indonesia
E28,Charline Stallen,Indonesia
E29,Jill Christin,Sweden
E30,Vite Ferrieri,Philippines
E31,Skylar Stocker,Guinea
E32,Flory Bendix,Russia
E33,Bernadina Domenge,Sweden
E34,Hakeem Strong,Afghanistan
E35,Harriott Sherborne,Russia
E36,Nicol Beckles,Ecuador
E37,Mahalia Hedin,Chad
E38,Tally Leglise,Brazil
E39,Ailsun Tuckett,Namibia
E40,Gina Tomalin,Libya
E41,Charleen Mangenot,China
E42,Jerry Menpes,Indonesia
E43,Sallee Kirtley,Philippines
E44,Ilka Yare,Cape Verde
E45,Tammara Tunnicliff,Poland
E46,Chiquita Woakes,Ireland
E47,Donaugh Issit,Taiwan
E48,Gilbert Philip,Indonesia
E49,Rosella Rizzi,China
E50,Eugenia Rubert,Chile
E51,Theodor Rheubottom,Australia
E52,Doti Crommett,Japan
E53,Walsh Joss,China
E54,Georgie Lovekin,Sweden
E55,Hartley Wenban,Azerbaijan
E56,Felix Delagua,China
E57,Ynez Roskilly,France
E58,Rhonda Otto,Indonesia
E59,Morgana Payton,Russia
E60,Sibel Crocetto,Nicaragua
E61,Moll Phizakarley,Philippines
E62,Neille Rheaume,Indonesia
E63,Charmain Gourlay,Russia
E64,Tam Cavil,China
E65,Colleen Avrasin,Thailand
E66,Quintin Lawranson,Indonesia
E67,Eugenio Caghan,Philippines
E68,Zacherie Rudolph,Sri Lanka
E69,Lisa Cruft,China
E70,Sherwin Heads,Philippines
E71,Katee Ransom,Afghanistan
E72,Kerri Crimmins,Barbados
E73,Guinna Crysell,Russia
E74,Mable Ivett,Yemen
E75,Sibilla Denne,Philippines
E76,Vi Cowdroy,China
E77,Wynnie Flawn,Philippines
E78,Rafa Gonzalvo,China
E79,Egbert McMenemy,Poland
E80,Maurene Paur,China
E81,Penny Sebborn,Thailand
E82,Pate Cogzell,Canada
E83,Carita Case,Argentina
E84,Alaine Cogman,Indonesia
E85,Jan Moland,Indonesia
E86,Caddric Isbell,Peru
E87,Royall Eckert,Thailand
E88,Muire Anfrey,Brazil
E89,Petunia Parmiter,Peru
E90,Maggee Dufaur,Bosnia and Herzegovina
E91,Evin Cody,Russia
E92,Bradan Santen,China
E93,Flor Cullotey,Spain
E94,Zebedee Bullimore,Sweden
E95,Thaxter Nobriga,Portugal
E96,Pincus Mullins,Thailand
E97,Kathryn Kingaby,Peru
E98,Rora Galbraeth,Vietnam
E99,Desdemona Carff,Philippines
E100,Bourke Dounbare,Japan
E101,Inez Gratland,Kenya
E102,Charo Wiersma,Indonesia
E103,Andie Ethington,Indonesia
E104,Roselin Broschke,Paraguay
E105,Kimberlyn Tippings,Philippines
E106,Christabella McBain,China
E107,Bruce Davidsson,Brazil
E108,Burtie Dellenbroker,Sierra Leone
E109,Sansone Clair,Ukraine
E110,Robbie Binnion,Libya
E111,Sax Durling,Philippines
E112,Deb Robeiro,Israel
E113,Erskine Polfer,Argentina
E114,Catherine Noirel,Poland
E115,Luise Sineath,Indonesia
E116,Gallard Lund,Indonesia
E117,Cherie Fearnsides,Denmark
E118,Natalya Armfield,United States
E119,Gracia Reason,China
E120,Grissel Puddicombe,China
E121,Biddie Inglis,Indonesia
E122,Lillian Revill,China
E123,Dionne Gresham,China
E124,Marinna Ricardet,China
E125,Joellyn Cullinan,China
E126,Ida Kubicek,Philippines
E127,Townie Grist,Indonesia
E128,Valerye Aldus,Colombia
E129,Aloise Hammon,Indonesia
E130,Bax Delany,Ivory Coast
E131,Roxanna Delamar,South Africa
E132,Harwilll Syne,Kenya
E133,Tamma Fabry,Pakistan
E134,Luigi MacCaig,Mali
E135,Neila Berney,Nigeria
E136,Reyna Emanuelov,Indonesia
E137,Avrom Westcarr,Indonesia
E138,Yolande McCluney,Russia
E139,Carla Clowser,Colombia
E140,Lucita Inchcomb,Ukraine
E141,Karlotte McCloid,Portugal
E142,Lynda Cairney,Ukraine
E143,Wilma Duckitt,China
E144,Lane Brendish,France
E145,Rozella Petrovsky,China
E146,Jermaine Learmonth,Palestinian Territory
E147,Sonnnie Drissell,China
E148,Donelle Cohr,Indonesia
E149,Celinka Heaford,Philippines
E150,Julieta Ravilus,China
E151,Nanette Gerrill,Malaysia
E152,Brion Moyler,Russia
E153,Abraham Pilmoor,Indonesia
E154,Sissy Seaking,Indonesia
E155,Courtenay Dunbabin,China
E156,Jemmy Deluce,United States
E157,Darrin Tomlinson,Brazil
E158,Ced Fawbert,Japan
E159,Nefen Cossington,China
E160,Lark Sabbatier,Brazil
E161,Talia Yuranovev,Czech Republic
E162,Jyoti Nunnerley,Philippines
E163,Shepperd Keizman,Canada
E164,Kellia Sargerson,Thailand
E165,Arabele Sire,France
E166,Merv Shutle,Russia
E167,Virginia Broadist,Burundi
E168,Josephine Bartels-Ellis,Ukraine
E169,Ganny Basden,Finland
E170,Freda Woolmington,Nicaragua
E171,Karen Brauns,China
E172,Helga Fronczak,Tajikistan
E173,Cal Avrahamov,Panama
E174,Abagail Casaccia,Czech Republic
E175,Janie Fouch,Indonesia
E176,Osborne Benzies,China
E177,Allegra Spincke,Madagascar
E178,Franklin Kaplin,United States
E179,Kaiser McLagain,China
E180,Trip Tison,Serbia
E181,Julita Harrhy,Isle of Man
E182,Lilah Sabbins,Armenia
E183,Derron Greenough,United States
E184,Theressa Cutajar,Sweden
E185,Ardisj Muncey,France
E186,Cahra Jilkes,Russia
E187,Sylas Cheavin,Panama
E188,Danny Cochern,Poland
E189,Gary Fellowes,Bosnia and Herzegovina
E190,Raquela Burkart,Philippines
E191,Elsinore Vertey,Russia
E192,Maximilian Martill,Indonesia
E193,Brennen Bucham,Uruguay
E194,Krishna Rousby,Indonesia
E195,Gregoor Shreeve,Russia
E196,Maryrose Broodes,Philippines
E197,Frants Addlestone,China
E198,Garrik Oxenbury,Venezuela
E199,Kameko Collacombe,Philippines
E200,Aristotle Taplin,Portugal
E201,Fonz MacGilmartin,Japan
E202,Cale Kalinsky,Poland
E203,Giovanni Wiszniewski,Mongolia
E204,Patten Sonley,China
E205,Robinett Fass,Indonesia
E206,Anne-corinne Boultwood,Brazil
E207,Hattie Pegg,Indonesia
E208,Constantia Richichi,Somalia
E209,Paco Josselsohn,Indonesia
E210,Hamlin Lindenbluth,China
E211,Parsifal Faccini,Poland
E212,Agosto Forrester,Russia
E213,Noam Wozencraft,China
E214,Rob Jerdon,Philippines
E215,Bibbye Trawin,Indonesia
E216,Rey Tremayne,Philippines
E217,Amelina Jude,China
E218,Cherlyn Siddell,Japan
E219,Delores Moss,Russia
E220,Perkin Doughtery,Peru
E221,Gabriel Crowdy,China
E222,Corbie Wayper,China
E223,Glynda Burness,Libya
E224,Sallyanne O'Fallone,Indonesia
E225,Rogers Judgkins,China
E226,Bethanne Taree,China
E227,Maurine Frier,China
E228,Phillip St. Aubyn,Slovenia
E229,Petr Fox,Philippines
E230,Marcelia O'Calleran,Brazil
E231,Ferdinande Figg,Brazil
E232,Karry Etherson,Guatemala
E233,Zach Penhaligon,Indonesia
E234,Vivienne Hubbuck,Brazil
E235,Cloe Ascough,El Salvador
E236,Martguerita Coundley,Lithuania
E237,Talya Zywicki,South Africa
E238,Kizzee Galvin,Russia
E239,Morganica Craighall,Russia
E240,Frazer Bagnell,Thailand
E241,Ignacio Battelle,New Caledonia
E242,Nev Jenteau,Portugal
E243,Jonathon Ianne,Portugal
E244,Lesly Upcraft,United States
E245,Melissa Currall,Thailand
E246,Donella Kuhlmey,Macedonia
E247,Latashia Minghi,Honduras
E248,Maggee Caulkett,China
E249,Deedee Barttrum,Greece
E250,Beaufort Slaney,Albania
E251,Rasla Kanwell,Canada
E252,Lanna Atkins,United States
E253,Dominic Barthod,Senegal
E254,Erminia Cattlow,Bosnia and Herzegovina
E255,Lucienne Riden,United Kingdom
E256,Rubie Beetles,Brazil
E257,Iorgos MacLardie,Greece
E258,Vinni Hebble,China
E259,Alidia Scripture,Indonesia
E260,Lidia Ewer,France
E261,Denny Gussie,United States
E262,Jess Jickells,Bulgaria
E263,Delbert Mayow,China
E264,Cordula Haggarty,Czech Republic
E265,Jarid Durand,United States
E266,Xavier Matheson,China
E267,Hall Leel,Canada
E268,Ainsley Millam,Portugal
E269,Sherye Stainfield,Sweden
E270,Sharia Baldrey,Canada
E271,Jimmy Shenfish,China
E272,Benoite Delgardillo,Indonesia
E273,Aluino Tumelty,Cyprus
E274,Kissiah Stock,China
E275,Agneta Moroney,Greece
E276,Hall Barhams,Brazil
E277,Forest Arblaster,China
E278,Shaylynn Wigsell,Belize
E279,Farrand Chazelas,New Zealand
E280,Beulah Casiroli,Sweden
E281,Rikki Bortolozzi,South Sudan
E282,Nickolaus Osgar,Dominican Republic
E283,Mavra Myrkus,Argentina
E284,Appolonia Westberg,Poland
E285,Georgia Loudian,Tanzania
E286,Linette Wetwood,Malaysia
E287,Gibb Bygott,Portugal
E288,Trev Joynt,Portugal
E289,Pietrek Gyer,Vietnam
E290,Josey Lembrick,Poland
E291,Dieter Furst,Thailand
E292,Galina Gommes,China
E293,Lamar Turpin,China
E294,Gavan Czaja,France
E295,Nance Gianninotti,Japan
E296,Ethelbert Bartod,Ethiopia
E297,Vale McCuish,Poland
E298,Ninnette Dunnaway,France
E299,Edi Riccard,South Korea
E300,Conrade Kirmond,Kuwait
E301,Charmane Hunsworth,Philippines
E302,Gerti Thornhill,Philippines
E303,Monty Astin,Albania
E304,Margaret Laste,Iraq
E305,Yorgo Elegood,Finland
E306,Shandie Scardifeild,France
E307,Lory Archard,Iran
E308,Charita Emmanuel,Peru
E309,Korie Lenden,China
E310,Nerti Pendleberry,Philippines
E311,Beatrice Edelheid,China
E312,Mirella Armatidge,China
E313,Wilbur Kittel,Ireland
E314,Margit Lacotte,Russia
E315,Miguelita Overbury,Indonesia
E316,Rickie Leftly,Portugal
E317,Kati Kluss,China
E318,Pedro Casterou,France
E319,Linet Domerq,China
E320,Bastien Newbigging,Norway
E321,Hakim Village,Spain
E322,Waylin Croizier,Indonesia
E323,Ree Shewring,Portugal
E324,Marlo Arthur,Ireland
E325,Raff Licciardello,China
E326,Avis Weedon,Czech Republic
E327,Reinald Craigg,China
E328,Salvatore Bonsul,United States
E329,Conn Vigus,Indonesia
E330,Albina O'Halloran,Poland
E331,Celine Eardley,Portugal
E332,Molly Allbut,Brazil
E333,Bond Delagua,Brazil
E334,Gertrudis Mustchin,Sweden
E335,Harmon Candwell,United States
E336,Linell McCard,Czech Republic
E337,Sue Torri,Laos
E338,Gus Jurasz,Philippines
E339,Helenelizabeth Currin,China
E340,Saudra Dodwell,Luxembourg
E341,Perkin Langlais,Venezuela
E342,Mychal Nekrews,Peru
E343,Otto Sinkings,Russia
E344,Dre Ruffey,Indonesia
E345,Bogey Adamson,Pakistan
E346,Base Sollowaye,Palestinian Territory
E347,Cathy Bannister,Madagascar
E348,Raf Fussie,Honduras
E349,Dew Gerauld,China
E350,Jamesy Josephi,United States
E351,Davina Ashleigh,Vietnam
E352,Howard Brose,Madagascar
E353,Effie Skoate,China
E354,Leonanie Pabelik,Ukraine
E355,Olin Monkeman,Canada
E356,Vivia Prince,Kazakhstan
E357,Abraham Niven,Paraguay
E358,Georgeanne Harvie,Nigeria
E359,Benyamin Gewer,Brazil
E360,Dietrich Shearmur,Russia
E361,Alleyn Goss,China
E362,Steffie Aitchinson,Norway
E363,Elissa Mc Pake,China
E364,Jillene Phillip,Bangladesh
E365,Roldan Memory,Israel
E366,Jobey Sherrard,Japan
E367,Dennie Abramzon,Poland
E368,Dunc Portch,Honduras
E369,Germain Le Guin,China
E370,Sophie Tillman,France
E371,Gelya Cook,China
E372,Tasia Reggler,Russia
E373,Letty Davidescu,Poland
E374,Frederic Gumey,Portugal
E375,Marty Iliff,China
E376,Isacco McAloren,Guatemala
E377,Aggi Corneliussen,Benin
E378,Ade Langfield,Philippines
E379,Madelle Brahan,Philippines
E380,Farly Huckerbe,Croatia
E381,Eddie Shilstone,Brazil
E382,Garret Aronstein,Argentina
E383,Clyde Andree,Philippines
E384,Raff Palfreeman,Indonesia
E385,Leila Clarke,Armenia
E386,Matilda Calan,Bolivia
E387,Frederigo Dalyiel,Honduras
E388,Cass Danko,Philippines
E389,Babette McMinn,Indonesia
E390,Hadria Winkett,Croatia
E391,Kimberli Denzey,China
E392,Luciana Bortolozzi,United States
E393,Hansiain Beckers,Portugal
E394,Miguel McCormack,Portugal
E395,Sadie Vittle,Ireland
E396,Giuditta Pavlenkov,China
E397,Ingra Cressar,Indonesia
E398,Connie Stiffkins,Croatia
E399,Charla Rominov,France
E400,Felicity Bringloe,Indonesia
E401,Carroll Edmett,Dominica
E402,Farica Ranyelld,Portugal
E403,Othilie Moses,Japan
E404,Sigismund Dautry,Serbia
E405,Rosalind Kuschke,Indonesia
E406,Athena Jakubovsky,Laos
E407,Lotty Behnke,Philippines
E408,Ermanno Haselgrove,Democratic Republic of the Congo
E409,Sam Skermer,Uzbekistan
E410,Morgan Pyson,China
E411,Annadiana Sumshon,China
E412,Gardener Edmonstone,Poland
E413,Kahaleel Enocksson,China
E414,Read Dougary,Jamaica
E415,Fransisco Willcott,Tanzania
E416,Elston Vina,Indonesia
E417,Jamill Goodley,China
E418,Katerine Gadeaux,China
E419,Lorelle Edwardson,Indonesia
E420,Audre Growcott,China
E421,Madalyn Strang,Poland
E422,Weider Abarough,Peru
E423,Charissa Richt,Poland
E424,Olav Rupert,China
E425,Annissa Etchingham,Portugal
E426,Elyse Pesek,Portugal
E427,Jasmin Adriano,China
E428,Simone Keunemann,China
E429,Ferrel Collabine,Japan
E430,Karin Beadman,New Zealand
E431,Shellie Gaudon,Indonesia
E432,Rebeka Leeson,Honduras
E433,Chloris Salsberg,Ukraine
E434,Almire Dulson,Jamaica
E435,Thayne Sneddon,China
E436,Munmro Muscat,Ecuador
E437,Bowie Harraway,Sweden
E438,Ware Juggings,Czech Republic
E439,Eden Mallia,South Africa
E440,Klaus Fellon,China
E441,Page Stillwell,France
E442,Mavis MacNeilly,Indonesia
E443,Berna Thackray,Brazil
E444,Christin Tomini,China
E445,Filippa Burdfield,Paraguay
E446,Agnola Selman,Brazil
E447,Ban Farnham,Japan
E448,Norby Crickmer,Russia
E449,Micheil Gubbin,Colombia
E450,Hewe Aleksandrev,Portugal
E451,Zenia Matitiaho,China
E452,Abigael Headland,Brazil
E453,Frederica Braden,Argentina
E454,Danna Taffie,Russia
E455,Sari Sitford,Philippines
E456,Halley Buckland,Indonesia
E457,Sarine McCroft,United States
E458,Darcy Goodbarr,Slovenia
E459,Nolana Volage,Portugal
E460,Jefferey Mullis,China
E461,Adella Allett,France
E462,Ashely Whitehair,Czech Republic
E463,Archibald Denman,Czech Republic
E464,Anita Kill,United States
E465,Geoffry Risson,Indonesia
E466,Thornie De Few,China
E467,Merill Headly,Morocco
E468,Esra Zouch,Bosnia and Herzegovina
E469,Ophelie Featherstonhalgh,Mexico
E470,Ave Weinmann,Russia
E471,Chilton Tobin,Peru
E472,Allie Goodchild,China
E473,Patrice Bockmaster,Czech Republic
E474,Kaylyn Wooldridge,China
E475,Belita Hamshaw,Indonesia
E476,Karie Aldwich,Panama
E477,Branden Minger,Poland
E478,Boyce Cottem,Chile
E479,Bryana Gerin,Sweden
E480,Madelene MacKintosh,Portugal
E481,Devy Pardi,Peru
E482,Portia Le Fevre,Somalia
E483,Olenolin Krelle,Malaysia
E484,Giffy Doyle,Sweden
E485,Myranda Whetland,China
E486,Farrand Robertet,Brazil
E487,Bron Waby,Venezuela
E488,Yvonne Ratley,Estonia
E489,Meredeth Caddies,Indonesia
E490,Thurstan Clinning,Honduras
E491,Rosamund Decourcy,Poland
E492,Porty Van Dale,France
E493,Martguerita Swanbourne,Ethiopia
E494,Ardine Gaylard,China
E495,Linus MacClay,China
E496,Saxon Hinchon,China
E497,Doyle Woodier,Russia
E498,Brion Schwandt,China
E499,Gustie Telfer,China
E500,Alena Bruna,China
E501,Krishnah Harris,China
E502,Letty Goudge,Nigeria
E503,Leonidas Storr,Japan
E504,Broderic Frigout,China
E505,Dale Feige,France
E506,Laurie Kilgallon,Sweden
E507,Edie Acaster,Palestinian Territory
E508,Janos Cawthra,Costa Rica
E509,Carlin Harewood,Netherlands
E510,Hyacinthia Raubenheimers,Suriname
E511,Geoffrey Blunsom,France
E512,Adah Glowacha,Russia
E513,Jolynn Fussey,Portugal
E514,Alexina Mumm,Philippines
E515,Foss Dingsdale,Greenland
E516,Egan Bauer,China
E517,Eloisa Dawber,Indonesia
E518,Tris Crehan,Uzbekistan
E519,Francoise Lombard,Philippines
E520,Larissa Leach,Ivory Coast
E521,Pascale Artharg,Indonesia
E522,Lester Wetherick,Paraguay
E523,Nesta Wombwell,Japan
E524,Jonathan Kembley,United States
E525,Mommy McAlister,Brazil
E526,Nada Fenelon,China
E527,Alyse Earry,China
E528,Aleen Knights,Philippines
E529,Arley Marchment,China
E530,Jada Pepperd,China
E531,Lillis Gebhardt,Argentina
E532,Adolphus Stilling,Poland
E533,Agosto Probbings,Indonesia
E534,Eb MacDonell,Bulgaria
E535,Alla Pottie,France
E536,Norman Folbige,Uzbekistan
E537,Flss Goodered,China
E538,Kath Backshill,China
E539,Angelia Steanson,China
E540,Sharia Brislane,Greece
E541,Hashim Pentlow,Brazil
E542,Millicent Christoffe,China
E543,Walker Riseley,Ukraine
E544,Wald Parfitt,Russia
E545,Dillie Mussen,Poland
E546,Martelle Eliesco,Georgia
E547,Raymond Clues,China
E548,Thorstein Gorger,Botswana
E549,Rurik Matei,Ukraine
E550,Martha Sterndale,Argentina
E551,Glennis Vanyukhin,Indonesia
E552,Kizzie Titta,Finland
E553,Wendell Precious,China
E554,Merle Ygou,Russia
E555,Humphrey Chatan,Mexico
E556,Lita Isoldi,United States
E557,Denny Livesey,China
E558,Michail Cathie,Philippines
E559,Taddeusz Janz,Indonesia
E560,Vonnie Rickeard,Indonesia
E561,Otha Siaskowski,Seychelles
E562,Philippine Cousen,Thailand
E563,Brooks Brotherwood,Micronesia
E564,Shel Sacker,Indonesia
E565,Fairfax Covert,Philippines
E566,Vivyan Meyer,Poland
E567,Barney Bowley,Indonesia
E568,Celle Jimeno,China
E569,Rodolfo Linskill,Russia
E570,Stearn Spykings,Portugal
E571,Barnard Stratz,Philippines
E572,Geno Connerry,China
E573,Carlye Ferrier,Moldova
E574,Allina MacPake,China
E575,Caroline Covington,Thailand
E576,Gwenore Adcocks,Luxembourg
E577,Karel Blanchard,Canada
E578,Debbi Willder,Czech Republic
E579,Charles Kilgannon,China
E580,Peirce Alekhov,China
E581,Camila Asquez,Peru
E582,Erik McNirlan,Mexico
E583,Binny Saltern,Brazil
E584,Neysa Senior,Guatemala
E585,Ellsworth Van de Vlies,Indonesia
E586,Dyan Shay,Myanmar
E587,Sanford Mattack,Nicaragua
E588,Arlie De Angelis,China
E589,Bronson Hallworth,Vietnam
E590,Powell Baumber,China
E591,Burch Streat,Indonesia
E592,Isahella Parkey,China
E593,Kristel Camacho,Uganda
E594,Lawry Walak,Poland
E595,Malena Debney,Peru
E596,Corbin Bullar,China
E597,Mitch Adie,Netherlands
E598,Corilla Rosenfeld,France
E599,Phyllida Lettson,Indonesia
E600,Tansy Bourdon,Thailand
E601,Keefe Kittow,Portugal
E602,Mellicent Drake,Vietnam
E603,Isahella Gyppes,Indonesia
E604,Ranice Adamiec,Sweden
E605,Corrie Iorns,Mexico
E606,Alphonse Dubique,China
E607,Emelda Waison,Dominican Republic
E608,Johannes Bolver,Chile
E609,Agathe Worms,Indonesia
E610,Clim Lodden,Indonesia
E611,Rowan Antrack,Czech Republic
E612,Tobye Trenaman,China
E613,Levin Siveyer,China
E614,Piotr Steers,Sweden
E615,Eugenia Peres,Cyprus
E616,Artemus Goldup,France
E617,Andee Whiffin,Serbia
E618,Geordie Clucas,China
E619,Jerry Gatsby,China
E620,Lindy Treanor,Indonesia
E621,Bertha Featherby,Sweden
E622,Esma Tuplin,China
E623,Craig Paydon,Haiti
E624,Ermentrude Dowyer,China
E625,Tam Mulder,Ukraine
E626,Nat Possell,China
E627,Sheree Beardon,France
E628,Tuesday Paddle,China
E629,Jolynn Crisp,Philippines
E630,Galina Sumshon,Lithuania
E631,Milena Hame,Peru
E632,Gerry Gogay,Portugal
E633,Toby Bamford,Comoros
E634,Magdalen Giacomello,Poland
E635,Prinz Traill,Ghana
E636,Skell Morin,Philippines
E637,Corty Maxweell,Afghanistan
E638,Nissa Ranfield,Uganda
E639,Wilfred Ewert,China
E640,Melinde Hirth,Indonesia
E641,Hercule Giacubbo,Philippines
E642,Katee Cowope,Ireland
E643,Donelle Luetchford,Paraguay
E644,Hynda Ankrett,China
E645,Corbett Mackilpatrick,France
E646,Guendolen Fernan,Russia
E647,Phil Bilson,Peru
E648,Kelley O'Neal,Philippines
E649,Vidovic Gonnelly,China
E650,Bryn Grosvener,Russia
E651,Odell Dudley,Portugal
E652,Dayle Ranshaw,Iran
E653,Elvis Tamlett,China
E654,Morganica Sweetmore,Russia
E655,Pearce Isles,China
E656,Sallie Kennefick,Vietnam
E657,Cacilia Lancley,Peru
E658,Ame Girardetti,Brazil
E659,Annamaria Elgood,Chile
E660,Adrien Bromell,Philippines
E661,Letizia Deetlof,Russia
E662,Ellyn Elfitt,Indonesia
E663,Inez Strawbridge,Azerbaijan
E664,Janie Clougher,Guatemala
E665,Ettie Mattosoff,Philippines
E666,Chaddie Milksop,France
E667,Effie Kinvig,Tunisia
E668,Debby Dible,Philippines
E669,Min Duligal,Czech Republic
E670,Violet Apfel,Philippines
E671,Ancell Shaxby,Russia
E672,Eula Broy,Indonesia
E673,Grannie Pabelik,Czech Republic
E674,Cirstoforo Mardoll,Slovenia
E675,Scotti Seif,Mauritius
E676,Morena Bohman,Japan
E677,Carlen Stobbes,Thailand
E678,Nelly Brandino,Malta
E679,Dasi Copnell,Czech Republic
E680,Heriberto Pick,France
E681,Edd Gunston,Netherlands
E682,Pancho Fahy,China
E683,Dorise Glede,Indonesia
E684,Alana Guilder,China
E685,Broderick Skillman,Thailand
E686,Yoko Southerton,Philippines
E687,Jazmin McPhillips,Macedonia
E688,Rodina Center,Indonesia
E689,Gaultiero Kiffe,Brazil
E690,Raleigh Waldera,Philippines
E691,Alfy Andover,Cuba
E692,Florry Colbeck,China
E693,Lucita Fabbri,China
E694,Guthrie Arpur,China
E695,Bat Bridges,South Korea
E696,Garland Restill,China
E697,Chiquia Porch,Indonesia
E698,Ilse Gush,Philippines
E699,Marcia McSweeney,Mexico
E700,Corny Baudesson,China
E701,Jannelle Foulsham,Philippines
E702,Mag Conibere,Nigeria
E703,Gav Dermot,Indonesia
E704,Alexandro Head,Afghanistan
E705,Magnum Slee,Bulgaria
E706,Quentin Scruton,France
E707,Paddy Dechelle,Indonesia
E708,Britt Stockport,Colombia
E709,Arvie Praton,Lithuania
E710,Allsun Seneschal,Portugal
E711,Lesley Strothers,China
E712,Jackie Sedgmond,France
E713,Juliann Howcroft,China
E714,Nickie Moller,Indonesia
E715,Colet Lamboll,Kazakhstan
E716,Kathie Bussy,United States
E717,Tabb Bunney,China
E718,Nathalia Manzell,Indonesia
E719,Kevan Janz,Greece
E720,Siouxie Ladlow,United States
E721,Gibb Klyn,Indonesia
E722,Shepherd Matitiaho,Indonesia
E723,Odilia Slafford,Poland
E724,Stevena Caulket,Philippines
E725,Laura Soreau,Vietnam
E726,Corabelle Brettle,Bulgaria
E727,Herman Ferby,Zambia
E728,Willy Valeri,Russia
E729,Etti Muston,Indonesia
E730,Noami Dixcey,South Africa
E731,Ricki Postan,China
E732,Leonie Schiefersten,China
E733,Husein Peres,Czech Republic
E734,Reade Fisby,China
E735,Caressa Spurgeon,Albania
E736,Benn Slocumb,Portugal
E737,Felice Kinnie,Russia
E738,Stephi Snaddin,Jordan
E739,Lark Haythornthwaite,Dominican Republic
E740,Rayna Vasyanin,United States
E741,Elka Moriarty,Poland
E742,Giorgi Alleburton,Thailand
E743,Codie Inglesfield,Philippines
E744,Rozalie Collete,China
E745,Ardyce Rand,Burundi
E746,Mitch Hanbridge,Sweden
E747,Gert Farre,Belarus
E748,Clayborn Cropp,Philippines
E749,Huntington Ciardo,China
E750,Ham Van Bruggen,Albania
E751,Gwyneth Douglas,Jamaica
E752,Rora Hatwell,Norway
E753,Uta Swindells,China
E754,Abbey Joskowitz,Slovenia
E755,Marrilee Allwell,United States
E756,Anjela Joliffe,Poland
E757,Dulci Dumelow,Portugal
E758,Mariellen Sallan,Colombia
E759,Colin Gossop,Indonesia
E760,Chance Gebbe,Greece
E761,Lotti Zavittieri,Indonesia
E762,Hamid McGeraghty,Gabon
E763,Isidro Tills,Poland
E764,Cecilla Mowett,Armenia
E765,Gerrie Kitchiner,Sweden
E766,Erv Oppery,Brazil
E767,Omar Gavrielli,Cameroon
E768,Christen Kingerby,China
E769,Gardy Bridie,Indonesia
E770,Franky Lansdowne,Paraguay
E771,Marchall Burress,Austria
E772,Jo-ann Sycamore,Philippines
E773,Werner Dible,China
E774,Wolf Laborde,Norway
E775,Daria Scarlet,Poland
E776,Johny Houlworth,United States
E777,Maurene Coomer,China
E778,Correy Dallywater,Pakistan
E779,Rafi Figiovanni,Morocco
E780,Angie Quiddington,France
E781,Wald Humbell,Poland
E782,Zelma Brookz,Mexico
E783,Julissa Bennitt,Sweden
E784,Helen Chataignier,China
E785,Rosamund Walczak,Sweden
E786,Eberhard Nolleau,South Africa
E787,Gussie Gohn,Argentina
E788,Teri Dever,China
E789,Wilbur Blagbrough,China
E790,Beverly Ramsay,Canada
E791,Salomi McDonough,Albania
E792,Briano Fendlow,Croatia
E793,Max Mounsey,Poland
E794,Lissie Fleetham,Russia
E795,Liana Linggood,France
E796,Timothy Lindblom,Poland
E797,Beaufort de Amaya,Ukraine
E798,Imogene Bovey,China
E799,Christiana Geertje,China
E800,Jehu Blay,Guinea
E801,Paulie Mariotte,Poland
E802,Paton Rosenblad,China
E803,Hazlett Slinn,Mexico
E804,Willa Gercken,United States
E805,Dorolisa Rennick,France
E806,Alia Boomes,China
E807,Agnella Bradburn,Portugal
E808,Patric Weld,Japan
E809,Malina Freeborn,China
E810,Andrey Brooksbie,Portugal
E811,Tim Critzen,Thailand
E812,Lona Fevier,Seychelles
E813,Merrill Hardey,Morocco
E814,Cameron McEwan,Myanmar
E815,Karlyn Carlesso,France
E816,Shelly Wyson,Philippines
E817,Ema Stanney,Czech Republic
E818,Rosina Christophle,Brazil
E819,Deane Stienham,China
E820,Hardy McIlvenna,Armenia
E821,Marje Cheston,Albania
E822,Othella Brevetor,Chile
E823,Katerine Kurten,China
E824,Shoshana Durn,Russia
E825,Wendeline Meffin,Colombia
E826,Graig Petrik,Indonesia
E827,Tedra Barosch,Morocco
E828,Vincent Sazio,Indonesia
E829,Corrine Fairburne,China
E830,Tiebout Pindell,Netherlands
E831,Kordula Shallow,Portugal
E832,Jodi Bartosiak,China
E833,Mickie Perroni,Russia
E834,Isiahi Wickardt,China
E835,Tildy Paulisch,China
E836,Lizette Ewen,Kenya
E837,Jenny Clair,Ukraine
E838,Shawn Sandeford,Nigeria
E839,Dyna Latore,Russia
E840,Ferd Cromwell,Russia
E841,Levy Tallet,Pakistan
E842,Gerta Spavins,Yemen
E843,Cherrita todor,Canada
E844,Robert Daouze,Brazil
E845,Marlane Purry,United Kingdom
E846,Phineas Oakland,China
E847,Jens Deschlein,Tanzania
E848,Denny Tarbin,China
E849,Thelma Welch,Indonesia
E850,Eugene Childs,Portugal
E851,Berna Measom,China
E852,Belvia Leal,Canada
E853,Blake Puller,Brazil
E854,Dreddy Bog,Russia
E855,Hettie Campa,Ivory Coast
E856,Michaelina Kenwood,Thailand
E857,Rodolfo Campanelle,China
E858,Arlee Aaronson,Ukraine
E859,Robby Matteris,China
E860,Ode Franciotti,United States
E861,Odell Challicum,China
E862,Towny Breffitt,China
E863,Kristina Ruddick,China
E864,Kalila De'Vere - Hunt,Ghana
E865,Benedicta Edger,Indonesia
E866,Nicola Tollfree,Montenegro
E867,Giselbert Vanyard,China
E868,Minny Chazotte,Philippines
E869,Faina Pikhno,Indonesia
E870,Karlotta Karmel,Kenya
E871,Juliana Meininger,Indonesia
E872,Dur Kaine,Indonesia
E873,Carlee Davidow,Philippines
E874,Hillel Jeannenet,Russia
E875,Ellery Cordingly,China
E876,Stefanie Stalley,Poland
E877,Winny Alp,China
E878,De Dwane,Netherlands
E879,Lowrance De Winton,Sweden
E880,Fransisco Ching,Thailand
E881,Worden Cavey,Finland
E882,Caddric Clampton,China
E883,Evered Pitfield,Tunisia
E884,Tanitansy Gotcliff,Brazil
E885,Tonnie Birrel,Poland
E886,Ermina Branch,Nicaragua
E887,Arnuad Singyard,Philippines
E888,Ozzy Nellen,Philippines
E889,Maryanna Saunter,Brazil
E890,Maurits Fossett,United States
E891,Jobina Josefs,Sweden
E892,Thomasine Jamot,Ireland
E893,Heidie Pescod,China
E894,Anabal Peachman,Morocco
E895,Rogerio Burnep,China
E896,Edgardo Willshee,Peru
E897,Benni Hoovart,Philippines
E898,Fabiano Szepe,China
E899,Henrik Kitchingman,Sierra Leone
E900,Jeniece Bruniges,China
E901,Joelle Surgison,Indonesia
E902,Ermentrude Swyre,France
E903,Abeu McGiven,Russia
E904,Fernandina Sneddon,Canada
E905,Avrit Eilers,Mongolia
E906,Giulia Pottie,Germany
E907,Cullin Reimers,China
E908,Tarrah Carlon,Russia
E909,Maud Dechelle,Greece
E910,Agneta Shade,Brazil
E911,Brien Iacoboni,Indonesia
E912,Grove Colaco,China
E913,Doralia Coney,Bulgaria
E914,Neddie Smiley,Thailand
E915,Merry Brownell,Japan
E916,Bertie Lamar,France
E917,Caralie Dickins,Indonesia
E918,Olag Roswarn,Azerbaijan
E919,Delilah Baptiste,China
E920,Gill Norcliff,Montserrat
E921,Wenda Heinl,China
E922,Hinda Brunet,Indonesia
E923,Tiphani Kroch,France
E924,Zorana Leggen,Russia
E925,Baird Kleinberer,Philippines
E926,Consolata Farmer,Portugal
E927,Mateo Cabedo,Indonesia
E928,Dido Sherry,Albania
E929,Vin Tappington,Russia
E930,Merwyn Fonzone,Poland
E931,Tiebold Iscowitz,Democratic Republic of the Congo
E932,Avery Learmond,Greece
E933,Josephine Bloxam,China
E934,Letta Szantho,Poland
E935,Cal Elphey,United States
E936,Arabella Offer,Russia
E937,Marlyn Bradburne,South Africa
E938,Bonny Frankcom,Indonesia
E939,Gilemette Gowanson,Portugal
E940,Torrey Lynas,Malaysia
E941,Giselle Ghidotti,China
E942,Romain Dufaur,Cyprus
E943,Hadley Spensley,Jordan
E944,Ives Trudgian,China
E945,Solly Charnock,Philippines
E946,Maryjane Breakspear,Morocco
E947,Madelaine Aylen,Russia
E948,Nikolaus Pouton,Ukraine
E949,Jacquetta Klamp,China
E950,Corney Freeborne,Peru
E951,Tabby Hearsey,China
E952,Enrique Yeats,Poland
E953,Viviene Varey,China
E954,Sheff Smallacombe,Peru
E955,Wileen Kennea,Indonesia
E956,Charo Maykin,Macedonia
E957,Humfrid Goodanew,Czech Republic
E958,Leo Butterly,Portugal
E959,Will Wollacott,Cuba
E960,Maryl Perdue,Sweden
E961,Julian Duffield,China
E962,Buck Burgwyn,China
E963,Audie Piola,Poland
E964,Verina O'Grady,Pakistan
E965,Piggy Sybbe,Philippines
E966,Thaddus Brisker,Myanmar
E967,Persis Conkling,Russia
E968,Willetta Ferenczy,Indonesia
E969,Tammy Nassey,Zimbabwe
E970,Temp Pagram,China
E971,Roseline Farrants,Brazil
E972,Katlin Divine,China
E973,Jaimie Durran,Ivory Coast
E974,Grier Wallman,Brazil
E975,Bartholomeus Knappitt,France
E976,Bee Suddell,Azerbaijan
E977,Hewe Quartermaine,Sweden
E978,Cosimo Labrum,Brazil
E979,Tybi Brookfield,United States
E980,Erroll Grayley,Czech Republic
E981,Tobi Paulton,France
E982,Trudie Mewton,South Africa
E983,Kristyn Heatherington,Philippines
E984,Guthrie Growcott,Thailand
E985,Meta Blasi,Portugal
E986,Vittoria Royal,Philippines
E987,Darwin Dossettor,Indonesia
E988,Ezri Le Blond,Iraq
E989,Rogers Sharville,Argentina
E990,Audi Barrington,Czech Republic
E991,Odille Ferreiro,Paraguay
E992,Lane Morriss,Indonesia
E993,Anatol Henricsson,United States
E994,Kele Stote,France
E995,Leisha Loader,Poland
E996,Cherish Warlton,United States
E997,Jereme Blenkin,Latvia
E998,Mel Stockney,Philippines
E999,Garv Ciccoloi,Colombia
E1000,Annadiana Desmond,Czech Republic
E1001,Derry Yacobsohn,Russia
E1002,Guilbert Gloster,Armenia
E1003,Dominique Mileham,Ireland
E1004,Arlin Larcier,China
E1005,Shir McCowan,South Africa
E1006,Lenka Andric,China
E1007,Kassie Guilayn,Indonesia
E1008,Ripley de Najera,Guatemala
E1009,Gregory Ferrierio,France
E1010,Abby Nias,Portugal
E1011,Bryana Girvin,Colombia
E1012,Ina Simmank,Indonesia
E1013,Ivie Baskerfield,Venezuela
E1014,Ulrica Denidge,China
E1015,Jone Dolligon,Morocco
E1016,Tiffany Ipsgrave,China
E1017,Roldan Kirrage,Russia
E1018,Jocelyne Lutzmann,Brazil
E1019,Kevin Mycock,China
E1020,Glynis Gamil,Tanzania
E1021,Hamlen Condy,Bosnia and Herzegovina
E1022,Chaddie Robyns,Indonesia
E1023,Esther Pasley,Morocco
E1024,Jenni Petersen,France
E1025,Ellery Komorowski,Luxembourg
E1026,Sylvia Joskowicz,Tunisia
E1027,Andrus Burborough,Indonesia
E1028,Charline Stallen,Indonesia
E1029,Jill Christin,Sweden
E1030,Vite Ferrieri,Philippines
E1031,Skylar Stocker,Guinea
E1032,Flory Bendix,Russia
E1033,Bernadina Domenge,Sweden
E1034,Hakeem Strong,Afghanistan
E1035,Harriott Sherborne,Russia
E1036,Nicol Beckles,Ecuador
E1037,Mahalia Hedin,Chad
E1038,Tally Leglise,Brazil
E1039,Ailsun Tuckett,Namibia
E1040,Gina Tomalin,Libya
E1041,Charleen Mangenot,China
E1042,Jerry Menpes,Indonesia
E1043,Sallee Kirtley,Philippines
E1044,Ilka Yare,Cape Verde
E1045,Tammara Tunnicliff,Poland
E1046,Chiquita Woakes,Ireland
E1047,Donaugh Issit,Taiwan
E1048,Gilbert Philip,Indonesia
E1049,Rosella Rizzi,China
E1050,Eugenia Rubert,Chile
E1051,Theodor Rheubottom,Australia
E1052,Doti Crommett,Japan
E1053,Walsh Joss,China
E1054,Georgie Lovekin,Sweden
E1055,Hartley Wenban,Azerbaijan
E1056,Felix Delagua,China
E1057,Ynez Roskilly,France
E1058,Rhonda Otto,Indonesia
E1059,Morgana Payton,Russia
E1060,Sibel Crocetto,Nicaragua
E1061,Moll Phizakarley,Philippines
E1062,Neille Rheaume,Indonesia
E1063,Charmain Gourlay,Russia
E1064,Tam Cavil,China
E1065,Colleen Avrasin,Thailand
E1066,Quintin Lawranson,Indonesia
E1067,Eugenio Caghan,Philippines
E1068,Zacherie Rudolph,Sri Lanka
E1069,Lisa Cruft,China
E1070,Sherwin Heads,Philippines
E1071,Katee Ransom,Afghanistan
E1072,Kerri Crimmins,Barbados
E1073,Guinna Crysell,Russia
E1074,Mable Ivett,Yemen
E1075,Sibilla Denne,Philippines
E1076,Vi Cowdroy,China
E1077,Wynnie Flawn,Philippines
E1078,Rafa Gonzalvo,China
E1079,Egbert McMenemy,Poland
E1080,Maurene Paur,China
E1081,Penny Sebborn,Thailand
E1082,Pate Cogzell,Canada
E1083,Carita Case,Argentina
E1084,Alaine Cogman,Indonesia
E1085,Jan Moland,Indonesia
E1086,Caddric Isbell,Peru
E1087,Royall Eckert,Thailand
E1088,Muire Anfrey,Brazil
E1089,Petunia Parmiter,Peru
E1090,Maggee Dufaur,Bosnia and Herzegovina
E1091,Evin Cody,Russia
E1092,Bradan Santen,China
E1093,Flor Cullotey,Spain
E1094,Zebedee Bullimore,Sweden
E1095,Thaxter Nobriga,Portugal
E1096,Pincus Mullins,Thailand
E1097,Kathryn Kingaby,Peru
E1098,Rora Galbraeth,Vietnam
E1099,Desdemona Carff,Philippines
E1100,Bourke Dounbare,Japan
E1101,Inez Gratland,Kenya
E1102,Charo Wiersma,Indonesia
E1103,Andie Ethington,Indonesia
E1104,Roselin Broschke,Paraguay
E1105,Kimberlyn Tippings,Philippines
E1106,Christabella McBain,China
E1107,Bruce Davidsson,Brazil
E1108,Burtie Dellenbroker,Sierra Leone
E1109,Sansone Clair,Ukraine
E1110,Robbie Binnion,Libya
E1111,Sax Durling,Philippines
E1112,Deb Robeiro,Israel
E1113,Erskine Polfer,Argentina
E1114,Catherine Noirel,Poland
E1115,Luise Sineath,Indonesia
E1116,Gallard Lund,Indonesia
E1117,Cherie Fearnsides,Denmark
E1118,Natalya Armfield,United States
E1119,Gracia Reason,China
E1120,Grissel Puddicombe,China
E1121,Biddie Inglis,Indonesia
E1122,Lillian Revill,China
E1123,Dionne Gresham,China
E1124,Marinna Ricardet,China
E1125,Joellyn Cullinan,China
E1126,Ida Kubicek,Philippines
E1127,Townie Grist,Indonesia
E1128,Valerye Aldus,Colombia
E1129,Aloise Hammon,Indonesia
E1130,Bax Delany,Ivory Coast
E1131,Roxanna Delamar,South Africa
E1132,Harwilll Syne,Kenya
E1133,Tamma Fabry,Pakistan
E1134,Luigi MacCaig,Mali
E1135,Neila Berney,Nigeria
E1136,Reyna Emanuelov,Indonesia
E1137,Avrom Westcarr,Indonesia
E1138,Yolande McCluney,Russia
E1139,Carla Clowser,Colombia
E1140,Lucita Inchcomb,Ukraine
E1141,Karlotte McCloid,Portugal
E1142,Lynda Cairney,Ukraine
E1143,Wilma Duckitt,China
E1144,Lane Brendish,France
E1145,Rozella Petrovsky,China
E1146,Jermaine Learmonth,Palestinian Territory
E1147,Sonnnie Drissell,China
E1148,Donelle Cohr,Indonesia
E1149,Celinka Heaford,Philippines
E1150,Julieta Ravilus,China
E1151,Nanette Gerrill,Malaysia
E1152,Brion Moyler,Russia
E1153,Abraham Pilmoor,Indonesia
E1154,Sissy Seaking,Indonesia
E1155,Courtenay Dunbabin,China
E1156,Jemmy Deluce,United States
E1157,Darrin Tomlinson,Brazil
E1158,Ced Fawbert,Japan
E1159,Nefen Cossington,China
E1160,Lark Sabbatier,Brazil
E1161,Talia Yuranovev,Czech Republic
E1162,Jyoti Nunnerley,Philippines
E1163,Shepperd Keizman,Canada
E1164,Kellia Sargerson,Thailand
E1165,Arabele Sire,France
E1166,Merv Shutle,Russia
E1167,Virginia Broadist,Burundi
E1168,Josephine Bartels-Ellis,Ukraine
E1169,Ganny Basden,Finland
E1170,Freda Woolmington,Nicaragua
E1171,Karen Brauns,China
E1172,Helga Fronczak,Tajikistan
E1173,Cal Avrahamov,Panama
E1174,Abagail Casaccia,Czech Republic
E1175,Janie Fouch,Indonesia
E1176,Osborne Benzies,China
E1177,Allegra Spincke,Madagascar
E1178,Franklin Kaplin,United States
E1179,Kaiser McLagain,China
E1180,Trip Tison,Serbia
E1181,Julita Harrhy,Isle of Man
E1182,Lilah Sabbins,Armenia
E1183,Derron Greenough,United States
E1184,Theressa Cutajar,Sweden
E1185,Ardisj Muncey,France
E1186,Cahra Jilkes,Russia
E1187,Sylas Cheavin,Panama
E1188,Danny Cochern,Poland
E1189,Gary Fellowes,Bosnia and Herzegovina
E1190,Raquela Burkart,Philippines
E1191,Elsinore Vertey,Russia
E1192,Maximilian Martill,Indonesia
E1193,Brennen Bucham,Uruguay
E1194,Krishna Rousby,Indonesia
E1195,Gregoor Shreeve,Russia
E1196,Maryrose Broodes,Philippines
E1197,Frants Addlestone,China
E1198,Garrik Oxenbury,Venezuela
E1199,Kameko Collacombe,Philippines
E1200,Aristotle Taplin,Portugal
E1201,Fonz MacGilmartin,Japan
E1202,Cale Kalinsky,Poland
E1203,Giovanni Wiszniewski,Mongolia
E1204,Patten Sonley,China
E1205,Robinett Fass,Indonesia
E1206,Anne-corinne Boultwood,Brazil
E1207,Hattie Pegg,Indonesia
E1208,Constantia Richichi,Somalia
E1209,Paco Josselsohn,Indonesia
E1210,Hamlin Lindenbluth,China
E1211,Parsifal Faccini,Poland
E1212,Agosto Forrester,Russia
E1213,Noam Wozencraft,China
E1214,Rob Jerdon,Philippines
E1215,Bibbye Trawin,Indonesia
E1216,Rey Tremayne,Philippines
E1217,Amelina Jude,China
E1218,Cherlyn Siddell,Japan
E1219,Delores Moss,Russia
E1220,Perkin Doughtery,Peru
E1221,Gabriel Crowdy,China
E1222,Corbie Wayper,China
E1223,Glynda Burness,Libya
E1224,Sallyanne O'Fallone,Indonesia
E1225,Rogers Judgkins,China
E1226,Bethanne Taree,China
E1227,Maurine Frier,China
E1228,Phillip St. Aubyn,Slovenia
E1229,Petr Fox,Philippines
E1230,Marcelia O'Calleran,Brazil
E1231,Ferdinande Figg,Brazil
E1232,Karry Etherson,Guatemala
E1233,Zach Penhaligon,Indonesia
E1234,Vivienne Hubbuck,Brazil
E1235,Cloe Ascough,El Salvador
E1236,Martguerita Coundley,Lithuania
E1237,Talya Zywicki,South Africa
E1238,Kizzee Galvin,Russia
E1239,Morganica Craighall,Russia
E1240,Frazer Bagnell,Thailand
E1241,Ignacio Battelle,New Caledonia
E1242,Nev Jenteau,Portugal
E1243,Jonathon Ianne,Portugal
E1244,Lesly Upcraft,United States
E1245,Melissa Currall,Thailand
E1246,Donella Kuhlmey,Macedonia
E1247,Latashia Minghi,Honduras
E1248,Maggee Caulkett,China
E1249,Deedee Barttrum,Greece
E1250,Beaufort Slaney,Albania
E1251,Rasla Kanwell,Canada
E1252,Lanna Atkins,United States
E1253,Dominic Barthod,Senegal
E1254,Erminia Cattlow,Bosnia and Herzegovina
E1255,Lucienne Riden,United Kingdom
E1256,Rubie Beetles,Brazil
E1257,Iorgos MacLardie,Greece
E1258,Vinni Hebble,China
E1259,Alidia Scripture,Indonesia
E1260,Lidia Ewer,France
E1261,Denny Gussie,United States
E1262,Jess Jickells,Bulgaria
E1263,Delbert Mayow,China
E1264,Cordula Haggarty,Czech Republic
E1265,Jarid Durand,United States
E1266,Xavier Matheson,China
E1267,Hall Leel,Canada
E1268,Ainsley Millam,Portugal
E1269,Sherye Stainfield,Sweden
E1270,Sharia Baldrey,Canada
E1271,Jimmy Shenfish,China
E1272,Benoite Delgardillo,Indonesia
E1273,Aluino Tumelty,Cyprus
E1274,Kissiah Stock,China
E1275,Agneta Moroney,Greece
E1276,Hall Barhams,Brazil
E1277,Forest Arblaster,China
E1278,Shaylynn Wigsell,Belize
E1279,Farrand Chazelas,New Zealand
E1280,Beulah Casiroli,Sweden
E1281,Rikki Bortolozzi,South Sudan
E1282,Nickolaus Osgar,Dominican Republic
E1283,Mavra Myrkus,Argentina
E1284,Appolonia Westberg,Poland
E1285,Georgia Loudian,Tanzania
E1286,Linette Wetwood,Malaysia
E1287,Gibb Bygott,Portugal
E1288,Trev Joynt,Portugal
E1289,Pietrek Gyer,Vietnam
E1290,Josey Lembrick,Poland
E1291,Dieter Furst,Thailand
E1292,Galina Gommes,China
E1293,Lamar Turpin,China
E1294,Gavan Czaja,France
E1295,Nance Gianninotti,Japan
E1296,Ethelbert Bartod,Ethiopia
E1297,Vale McCuish,Poland
E1298,Ninnette Dunnaway,France
E1299,Edi Riccard,South Korea
E1300,Conrade Kirmond,Kuwait
E1301,Charmane Hunsworth,Philippines
E1302,Gerti Thornhill,Philippines
E1303,Monty Astin,Albania
E1304,Margaret Laste,Iraq
E1305,Yorgo Elegood,Finland
E1306,Shandie Scardifeild,France
E1307,Lory Archard,Iran
E1308,Charita Emmanuel,Peru
E1309,Korie Lenden,China
E1310,Nerti Pendleberry,Philippines
E1311,Beatrice Edelheid,China
E1312,Mirella Armatidge,China
E1313,Wilbur Kittel,Ireland
E1314,Margit Lacotte,Russia
E1315,Miguelita Overbury,Indonesia
E1316,Rickie Leftly,Portugal
E1317,Kati Kluss,China
E1318,Pedro Casterou,France
E1319,Linet Domerq,China
E1320,Bastien Newbigging,Norway
E1321,Hakim Village,Spain
E1322,Waylin Croizier,Indonesia
E1323,Ree Shewring,Portugal
E1324,Marlo Arthur,Ireland
E1325,Raff Licciardello,China
E1326,Avis Weedon,Czech Republic
E1327,Reinald Craigg,China
E1328,Salvatore Bonsul,United States
E1329,Conn Vigus,Indonesia
E1330,Albina O'Halloran,Poland
E1331,Celine Eardley,Portugal
E1332,Molly Allbut,Brazil
E1333,Bond Delagua,Brazil
E1334,Gertrudis Mustchin,Sweden
E1335,Harmon Candwell,United States
E1336,Linell McCard,Czech Republic
E1337,Sue Torri,Laos
E1338,Gus Jurasz,Philippines
E1339,Helenelizabeth Currin,China
E1340,Saudra Dodwell,Luxembourg
E1341,Perkin Langlais,Venezuela
E1342,Mychal Nekrews,Peru
E1343,Otto Sinkings,Russia
E1344,Dre Ruffey,Indonesia
E1345,Bogey Adamson,Pakistan
E1346,Base Sollowaye,Palestinian Territory
E1347,Cathy Bannister,Madagascar
E1348,Raf Fussie,Honduras
E1349,Dew Gerauld,China
E1350,Jamesy Josephi,United States
E1351,Davina Ashleigh,Vietnam
E1352,Howard Brose,Madagascar
E1353,Effie Skoate,China
E1354,Leonanie Pabelik,Ukraine
E1355,Olin Monkeman,Canada
E1356,Vivia Prince,Kazakhstan
E1357,Abraham Niven,Paraguay
E1358,Georgeanne Harvie,Nigeria
E1359,Benyamin Gewer,Brazil
E1360,Dietrich Shearmur,Russia
E1361,Alleyn Goss,China
E1362,Steffie Aitchinson,Norway
E1363,Elissa Mc Pake,China
E1364,Jillene Phillip,Bangladesh
E1365,Roldan Memory,Israel
E1366,Jobey Sherrard,Japan
E1367,Dennie Abramzon,Poland
E1368,Dunc Portch,Honduras
E1369,Germain Le Guin,China
E1370,Sophie Tillman,France
E1371,Gelya Cook,China
E1372,Tasia Reggler,Russia
E1373,Letty Davidescu,Poland
E1374,Frederic Gumey,Portugal
E1375,Marty Iliff,China
E1376,Isacco McAloren,Guatemala
E1377,Aggi Corneliussen,Benin
E1378,Ade Langfield,Philippines
E1379,Madelle Brahan,Philippines
E1380,Farly Huckerbe,Croatia
E1381,Eddie Shilstone,Brazil
E1382,Garret Aronstein,Argentina
E1383,Clyde Andree,Philippines
E1384,Raff Palfreeman,Indonesia
E1385,Leila Clarke,Armenia
E1386,Matilda Calan,Bolivia
E1387,Frederigo Dalyiel,Honduras
E1388,Cass Danko,Philippines
E1389,Babette McMinn,Indonesia
E1390,Hadria Winkett,Croatia
E1391,Kimberli Denzey,China
E1392,Luciana Bortolozzi,United States
E1393,Hansiain Beckers,Portugal
E1394,Miguel McCormack,Portugal
E1395,Sadie Vittle,Ireland
E1396,Giuditta Pavlenkov,China
E1397,Ingra Cressar,Indonesia
E1398,Connie Stiffkins,Croatia
E1399,Charla Rominov,France
E1400,Felicity Bringloe,Indonesia
E1401,Carroll Edmett,Dominica
E1402,Farica Ranyelld,Portugal
E1403,Othilie Moses,Japan
E1404,Sigismund Dautry,Serbia
E1405,Rosalind Kuschke,Indonesia
E1406,Athena Jakubovsky,Laos
E1407,Lotty Behnke,Philippines
E1408,Ermanno Haselgrove,Democratic Republic of the Congo
E1409,Sam Skermer,Uzbekistan
E1410,Morgan Pyson,China
E1411,Annadiana Sumshon,China
E1412,Gardener Edmonstone,Poland
E1413,Kahaleel Enocksson,China
E1414,Read Dougary,Jamaica
E1415,Fransisco Willcott,Tanzania
E1416,Elston Vina,Indonesia
E1417,Jamill Goodley,China
E1418,Katerine Gadeaux,China
E1419,Lorelle Edwardson,Indonesia
E1420,Audre Growcott,China
E1421,Madalyn Strang,Poland
E1422,Weider Abarough,Peru
E1423,Charissa Richt,Poland
E1424,Olav Rupert,China
E1425,Annissa Etchingham,Portugal
E1426,Elyse Pesek,Portugal
E1427,Jasmin Adriano,China
E1428,Simone Keunemann,China
E1429,Ferrel Collabine,Japan
E1430,Karin Beadman,New Zealand
E1431,Shellie Gaudon,Indonesia
E1432,Rebeka Leeson,Honduras
E1433,Chloris Salsberg,Ukraine
E1434,Almire Dulson,Jamaica
E1435,Thayne Sneddon,China
E1436,Munmro Muscat,Ecuador
E1437,Bowie Harraway,Sweden
E1438,Ware Juggings,Czech Republic
E1439,Eden Mallia,South Africa
E1440,Klaus Fellon,China
E1441,Page Stillwell,France
E1442,Mavis MacNeilly,Indonesia
E1443,Berna Thackray,Brazil
E1444,Christin Tomini,China
E1445,Filippa Burdfield,Paraguay
E1446,Agnola Selman,Brazil
E1447,Ban Farnham,Japan
E1448,Norby Crickmer,Russia
E1449,Micheil Gubbin,Colombia
E1450,Hewe Aleksandrev,Portugal
E1451,Zenia Matitiaho,China
E1452,Abigael Headland,Brazil
E1453,Frederica Braden,Argentina
E1454,Danna Taffie,Russia
E1455,Sari Sitford,Philippines
E1456,Halley Buckland,Indonesia
E1457,Sarine McCroft,United States
E1458,Darcy Goodbarr,Slovenia
E1459,Nolana Volage,Portugal
E1460,Jefferey Mullis,China
E1461,Adella Allett,France
E1462,Ashely Whitehair,Czech Republic
E1463,Archibald Denman,Czech Republic
E1464,Anita Kill,United States
E1465,Geoffry Risson,Indonesia
E1466,Thornie De Few,China
E1467,Merill Headly,Morocco
E1468,Esra Zouch,Bosnia and Herzegovina
E1469,Ophelie Featherstonhalgh,Mexico
E1470,Ave Weinmann,Russia
E1471,Chilton Tobin,Peru
E1472,Allie Goodchild,China
E1473,Patrice Bockmaster,Czech Republic
E1474,Kaylyn Wooldridge,China
E1475,Belita Hamshaw,Indonesia
E1476,Karie Aldwich,Panama
E1477,Branden Minger,Poland
E1478,Boyce Cottem,Chile
E1479,Bryana Gerin,Sweden
E1480,Madelene MacKintosh,Portugal
E1481,Devy Pardi,Peru
E1482,Portia Le Fevre,Somalia
E1483,Olenolin Krelle,Malaysia
E1484,Giffy Doyle,Sweden
E1485,Myranda Whetland,China
E1486,Farrand Robertet,Brazil
E1487,Bron Waby,Venezuela
E1488,Yvonne Ratley,Estonia
E1489,Meredeth Caddies,Indonesia
E1490,Thurstan Clinning,Honduras
E1491,Rosamund Decourcy,Poland
E1492,Porty Van Dale,France
E1493,Martguerita Swanbourne,Ethiopia
E1494,Ardine Gaylard,China
E1495,Linus MacClay,China
E1496,Saxon Hinchon,China
E1497,Doyle Woodier,Russia
E1498,Brion Schwandt,China
E1499,Gustie Telfer,China
E1500,Alena Bruna,China
E1501,Krishnah Harris,China
E1502,Letty Goudge,Nigeria
E1503,Leonidas Storr,Japan
E1504,Broderic Frigout,China
E1505,Dale Feige,France
E1506,Laurie Kilgallon,Sweden
E1507,Edie Acaster,Palestinian Territory
E1508,Janos Cawthra,Costa Rica
E1509,Carlin Harewood,Netherlands
E1510,Hyacinthia Raubenheimers,Suriname
E1511,Geoffrey Blunsom,France
E1512,Adah Glowacha,Russia
E1513,Jolynn Fussey,Portugal
E1514,Alexina Mumm,Philippines
E1515,Foss Dingsdale,Greenland
E1516,Egan Bauer,China
E1517,Eloisa Dawber,Indonesia
E1518,Tris Crehan,Uzbekistan
E1519,Francoise Lombard,Philippines
E1520,Larissa Leach,Ivory Coast
E1521,Pascale Artharg,Indonesia
E1522,Lester Wetherick,Paraguay
E1523,Nesta Wombwell,Japan
E1524,Jonathan Kembley,United States
E1525,Mommy McAlister,Brazil
E1526,Nada Fenelon,China
E1527,Alyse Earry,China
E1528,Aleen Knights,Philippines
E1529,Arley Marchment,China
E1530,Jada Pepperd,China
E1531,Lillis Gebhardt,Argentina
E1532,Adolphus Stilling,Poland
E1533,Agosto Probbings,Indonesia
E1534,Eb MacDonell,Bulgaria
E1535,Alla Pottie,France
E1536,Norman Folbige,Uzbekistan
E1537,Flss Goodered,China
E1538,Kath Backshill,China
E1539,Angelia Steanson,China
E1540,Sharia Brislane,Greece
E1541,Hashim Pentlow,Brazil
E1542,Millicent Christoffe,China
E1543,Walker Riseley,Ukraine
E1544,Wald Parfitt,Russia
E1545,Dillie Mussen,Poland
E1546,Martelle Eliesco,Georgia
E1547,Raymond Clues,China
E1548,Thorstein Gorger,Botswana
E1549,Rurik Matei,Ukraine
E1550,Martha Sterndale,Argentina
E1551,Glennis Vanyukhin,Indonesia
E1552,Kizzie Titta,Finland
E1553,Wendell Precious,China
E1554,Merle Ygou,Russia
E1555,Humphrey Chatan,Mexico
E1556,Lita Isoldi,United States
E1557,Denny Livesey,China
E1558,Michail Cathie,Philippines
E1559,Taddeusz Janz,Indonesia
E1560,Vonnie Rickeard,Indonesia
E1561,Otha Siaskowski,Seychelles
E1562,Philippine Cousen,Thailand
E1563,Brooks Brotherwood,Micronesia
E1564,Shel Sacker,Indonesia
E1565,Fairfax Covert,Philippines
E1566,Vivyan Meyer,Poland
E1567,Barney Bowley,Indonesia
E1568,Celle Jimeno,China
E1569,Rodolfo Linskill,Russia
E1570,Stearn Spykings,Portugal
E1571,Barnard Stratz,Philippines
E1572,Geno Connerry,China
E1573,Carlye Ferrier,Moldova
E1574,Allina MacPake,China
E1575,Caroline Covington,Thailand
E1576,Gwenore Adcocks,Luxembourg
E1577,Karel Blanchard,Canada
E1578,Debbi Willder,Czech Republic
E1579,Charles Kilgannon,China
E1580,Peirce Alekhov,China
E1581,Camila Asquez,Peru
E1582,Erik McNirlan,Mexico
E1583,Binny Saltern,Brazil
E1584,Neysa Senior,Guatemala
E1585,Ellsworth Van de Vlies,Indonesia
E1586,Dyan Shay,Myanmar
E1587,Sanford Mattack,Nicaragua
E1588,Arlie De Angelis,China
E1589,Bronson Hallworth,Vietnam
E1590,Powell Baumber,China
E1591,Burch Streat,Indonesia
E1592,Isahella Parkey,China
E1593,Kristel Camacho,Uganda
E1594,Lawry Walak,Poland
E1595,Malena Debney,Peru
E1596,Corbin Bullar,China
E1597,Mitch Adie,Netherlands
E1598,Corilla Rosenfeld,France
E1599,Phyllida Lettson,Indonesia
E1600,Tansy Bourdon,Thailand
E1601,Keefe Kittow,Portugal
E1602,Mellicent Drake,Vietnam
E1603,Isahella Gyppes,Indonesia
E1604,Ranice Adamiec,Sweden
E1605,Corrie Iorns,Mexico
E1606,Alphonse Dubique,China
E1607,Emelda Waison,Dominican Republic
E1608,Johannes Bolver,Chile
E1609,Agathe Worms,Indonesia
E1610,Clim Lodden,Indonesia
E1611,Rowan Antrack,Czech Republic
E1612,Tobye Trenaman,China
E1613,Levin Siveyer,China
E1614,Piotr Steers,Sweden
E1615,Eugenia Peres,Cyprus
E1616,Artemus Goldup,France
E1617,Andee Whiffin,Serbia
E1618,Geordie Clucas,China
E1619,Jerry Gatsby,China
E1620,Lindy Treanor,Indonesia
E1621,Bertha Featherby,Sweden
E1622,Esma Tuplin,China
E1623,Craig Paydon,Haiti
E1624,Ermentrude Dowyer,China
E1625,Tam Mulder,Ukraine
E1626,Nat Possell,China
E1627,Sheree Beardon,France
E1628,Tuesday Paddle,China
E1629,Jolynn Crisp,Philippines
E1630,Galina Sumshon,Lithuania
E1631,Milena Hame,Peru
E1632,Gerry Gogay,Portugal
E1633,Toby Bamford,Comoros
E1634,Magdalen Giacomello,Poland
E1635,Prinz Traill,Ghana
E1636,Skell Morin,Philippines
E1637,Corty Maxweell,Afghanistan
E1638,Nissa Ranfield,Uganda
E1639,Wilfred Ewert,China
E1640,Melinde Hirth,Indonesia
E1641,Hercule Giacubbo,Philippines
E1642,Katee Cowope,Ireland
E1643,Donelle Luetchford,Paraguay
E1644,Hynda Ankrett,China
E1645,Corbett Mackilpatrick,France
E1646,Guendolen Fernan,Russia
E1647,Phil Bilson,Peru
E1648,Kelley O'Neal,Philippines
E1649,Vidovic Gonnelly,China
E1650,Bryn Grosvener,Russia
E1651,Odell Dudley,Portugal
E1652,Dayle Ranshaw,Iran
E1653,Elvis Tamlett,China
E1654,Morganica Sweetmore,Russia
E1655,Pearce Isles,China
E1656,Sallie Kennefick,Vietnam
E1657,Cacilia Lancley,Peru
E1658,Ame Girardetti,Brazil
E1659,Annamaria Elgood,Chile
E1660,Adrien Bromell,Philippines
E1661,Letizia Deetlof,Russia
E1662,Ellyn Elfitt,Indonesia
E1663,Inez Strawbridge,Azerbaijan
E1664,Janie Clougher,Guatemala
E1665,Ettie Mattosoff,Philippines
E1666,Chaddie Milksop,France
E1667,Effie Kinvig,Tunisia
E1668,Debby Dible,Philippines
E1669,Min Duligal,Czech Republic
E1670,Violet Apfel,Philippines
E1671,Ancell Shaxby,Russia
E1672,Eula Broy,Indonesia
E1673,Grannie Pabelik,Czech Republic
E1674,Cirstoforo Mardoll,Slovenia
E1675,Scotti Seif,Mauritius
E1676,Morena Bohman,Japan
E1677,Carlen Stobbes,Thailand
E1678,Nelly Brandino,Malta
E1679,Dasi Copnell,Czech Republic
E1680,Heriberto Pick,France
E1681,Edd Gunston,Netherlands
E1682,Pancho Fahy,China
E1683,Dorise Glede,Indonesia
E1684,Alana Guilder,China
E1685,Broderick Skillman,Thailand
E1686,Yoko Southerton,Philippines
E1687,Jazmin McPhillips,Macedonia
E1688,Rodina Center,Indonesia
E1689,Gaultiero Kiffe,Brazil
E1690,Raleigh Waldera,Philippines
E1691,Alfy Andover,Cuba
E1692,Florry Colbeck,China
E1693,Lucita Fabbri,China
E1694,Guthrie Arpur,China
E1695,Bat Bridges,South Korea
E1696,Garland Restill,China
E1697,Chiquia Porch,Indonesia
E1698,Ilse Gush,Philippines
E1699,Marcia McSweeney,Mexico
E1700,Corny Baudesson,China
E1701,Jannelle Foulsham,Philippines
E1702,Mag Conibere,Nigeria
E1703,Gav Dermot,Indonesia
E1704,Alexandro Head,Afghanistan
E1705,Magnum Slee,Bulgaria
E1706,Quentin Scruton,France
E1707,Paddy Dechelle,Indonesia
E1708,Britt Stockport,Colombia
E1709,Arvie Praton,Lithuania
E1710,Allsun Seneschal,Portugal
E1711,Lesley Strothers,China
E1712,Jackie Sedgmond,France
E1713,Juliann Howcroft,China
E1714,Nickie Moller,Indonesia
E1715,Colet Lamboll,Kazakhstan
E1716,Kathie Bussy,United States
E1717,Tabb Bunney,China
E1718,Nathalia Manzell,Indonesia
E1719,Kevan Janz,Greece
E1720,Siouxie Ladlow,United States
E1721,Gibb Klyn,Indonesia
E1722,Shepherd Matitiaho,Indonesia
E1723,Odilia Slafford,Poland
E1724,Stevena Caulket,Philippines
E1725,Laura Soreau,Vietnam
E1726,Corabelle Brettle,Bulgaria
E1727,Herman Ferby,Zambia
E1728,Willy Valeri,Russia
E1729,Etti Muston,Indonesia
E1730,Noami Dixcey,South Africa
E1731,Ricki Postan,China
E1732,Leonie Schiefersten,China
E1733,Husein Peres,Czech Republic
E1734,Reade Fisby,China
E1735,Caressa Spurgeon,Albania
E1736,Benn Slocumb,Portugal
E1737,Felice Kinnie,Russia
E1738,Stephi Snaddin,Jordan
E1739,Lark Haythornthwaite,Dominican Republic
E1740,Rayna Vasyanin,United States
E1741,Elka Moriarty,Poland
E1742,Giorgi Alleburton,Thailand
E1743,Codie Inglesfield,Philippines
E1744,Rozalie Collete,China
E1745,Ardyce Rand,Burundi
E1746,Mitch Hanbridge,Sweden
E1747,Gert Farre,Belarus
E1748,Clayborn Cropp,Philippines
E1749,Huntington Ciardo,China
E1750,Ham Van Bruggen,Albania
E1751,Gwyneth Douglas,Jamaica
E1752,Rora Hatwell,Norway
E1753,Uta Swindells,China
E1754,Abbey Joskowitz,Slovenia
E1755,Marrilee Allwell,United States
E1756,Anjela Joliffe,Poland
E1757,Dulci Dumelow,Portugal
E1758,Mariellen Sallan,Colombia
E1759,Colin Gossop,Indonesia
E1760,Chance Gebbe,Greece
E1761,Lotti Zavittieri,Indonesia
E1762,Hamid McGeraghty,Gabon
E1763,Isidro Tills,Poland
E1764,Cecilla Mowett,Armenia
E1765,Gerrie Kitchiner,Sweden
E1766,Erv Oppery,Brazil
E1767,Omar Gavrielli,Cameroon
E1768,Christen Kingerby,China
E1769,Gardy Bridie,Indonesia
E1770,Franky Lansdowne,Paraguay
E1771,Marchall Burress,Austria
E1772,Jo-ann Sycamore,Philippines
E1773,Werner Dible,China
E1774,Wolf Laborde,Norway
E1775,Daria Scarlet,Poland
E1776,Johny Houlworth,United States
E1777,Maurene Coomer,China
E1778,Correy Dallywater,Pakistan
E1779,Rafi Figiovanni,Morocco
E1780,Angie Quiddington,France
E1781,Wald Humbell,Poland
E1782,Zelma Brookz,Mexico
E1783,Julissa Bennitt,Sweden
E1784,Helen Chataignier,China
E1785,Rosamund Walczak,Sweden
E1786,Eberhard Nolleau,South Africa
E1787,Gussie Gohn,Argentina
E1788,Teri Dever,China
E1789,Wilbur Blagbrough,China
E1790,Beverly Ramsay,Canada
E1791,Salomi McDonough,Albania
E1792,Briano Fendlow,Croatia
E1793,Max Mounsey,Poland
E1794,Lissie Fleetham,Russia
E1795,Liana Linggood,France
E1796,Timothy Lindblom,Poland
E1797,Beaufort de Amaya,Ukraine
E1798,Imogene Bovey,China
E1799,Christiana Geertje,China
E1800,Jehu Blay,Guinea
E1801,Paulie Mariotte,Poland
E1802,Paton Rosenblad,China
E1803,Hazlett Slinn,Mexico
E1804,Willa Gercken,United States
E1805,Dorolisa Rennick,France
E1806,Alia Boomes,China
E1807,Agnella Bradburn,Portugal
E1808,Patric Weld,Japan
E1809,Malina Freeborn,China
E1810,Andrey Brooksbie,Portugal
E1811,Tim Critzen,Thailand
E1812,Lona Fevier,Seychelles
E1813,Merrill Hardey,Morocco
E1814,Cameron McEwan,Myanmar
E1815,Karlyn Carlesso,France
E1816,Shelly Wyson,Philippines
E1817,Ema Stanney,Czech Republic
E1818,Rosina Christophle,Brazil
E1819,Deane Stienham,China
E1820,Hardy McIlvenna,Armenia
E1821,Marje Cheston,Albania
E1822,Othella Brevetor,Chile
E1823,Katerine Kurten,China
E1824,Shoshana Durn,Russia
E1825,Wendeline Meffin,Colombia
E1826,Graig Petrik,Indonesia
E1827,Tedra Barosch,Morocco
E1828,Vincent Sazio,Indonesia
E1829,Corrine Fairburne,China
E1830,Tiebout Pindell,Netherlands
E1831,Kordula Shallow,Portugal
E1832,Jodi Bartosiak,China
E1833,Mickie Perroni,Russia
E1834,Isiahi Wickardt,China
E1835,Tildy Paulisch,China
E1836,Lizette Ewen,Kenya
E1837,Jenny Clair,Ukraine
E1838,Shawn Sandeford,Nigeria
E1839,Dyna Latore,Russia
E1840,Ferd Cromwell,Russia
E1841,Levy Tallet,Pakistan
E1842,Gerta Spavins,Yemen
E1843,Cherrita todor,Canada
E1844,Robert Daouze,Brazil
E1845,Marlane Purry,United Kingdom
E1846,Phineas Oakland,China
E1847,Jens Deschlein,Tanzania
E1848,Denny Tarbin,China
E1849,Thelma Welch,Indonesia
E1850,Eugene Childs,Portugal
E1851,Berna Measom,China
E1852,Belvia Leal,Canada
E1853,Blake Puller,Brazil
E1854,Dreddy Bog,Russia
E1855,Hettie Campa,Ivory Coast
E1856,Michaelina Kenwood,Thailand
E1857,Rodolfo Campanelle,China
E1858,Arlee Aaronson,Ukraine
E1859,Robby Matteris,China
E1860,Ode Franciotti,United States
E1861,Odell Challicum,China
E1862,Towny Breffitt,China
E1863,Kristina Ruddick,China
E1864,Kalila De'Vere - Hunt,Ghana
E1865,Benedicta Edger,Indonesia
E1866,Nicola Tollfree,Montenegro
E1867,Giselbert Vanyard,China
E1868,Minny Chazotte,Philippines
E1869,Faina Pikhno,Indonesia
E1870,Karlotta Karmel,Kenya
E1871,Juliana Meininger,Indonesia
E1872,Dur Kaine,Indonesia
E1873,Carlee Davidow,Philippines
E1874,Hillel Jeannenet,Russia
E1875,Ellery Cordingly,China
E1876,Stefanie Stalley,Poland
E1877,Winny Alp,China
E1878,De Dwane,Netherlands
E1879,Lowrance De Winton,Sweden
E1880,Fransisco Ching,Thailand
E1881,Worden Cavey,Finland
E1882,Caddric Clampton,China
E1883,Evered Pitfield,Tunisia
E1884,Tanitansy Gotcliff,Brazil
E1885,Tonnie Birrel,Poland
E1886,Ermina Branch,Nicaragua
E1887,Arnuad Singyard,Philippines
E1888,Ozzy Nellen,Philippines
E1889,Maryanna Saunter,Brazil
E1890,Maurits Fossett,United States
E1891,Jobina Josefs,Sweden
E1892,Thomasine Jamot,Ireland
E1893,Heidie Pescod,China
E1894,Anabal Peachman,Morocco
E1895,Rogerio Burnep,China
E1896,Edgardo Willshee,Peru
E1897,Benni Hoovart,Philippines
E1898,Fabiano Szepe,China
E1899,Henrik Kitchingman,Sierra Leone
E1900,Jeniece Bruniges,China
E1901,Joelle Surgison,Indonesia
E1902,Ermentrude Swyre,France
E1903,Abeu McGiven,Russia
E1904,Fernandina Sneddon,Canada
E1905,Avrit Eilers,Mongolia
E1906,Giulia Pottie,Germany
E1907,Cullin Reimers,China
E1908,Tarrah Carlon,Russia
E1909,Maud Dechelle,Greece
E1910,Agneta Shade,Brazil
E1911,Brien Iacoboni,Indonesia
E1912,Grove Colaco,China
E1913,Doralia Coney,Bulgaria
E1914,Neddie Smiley,Thailand
E1915,Merry Brownell,Japan
E1916,Bertie Lamar,France
E1917,Caralie Dickins,Indonesia
E1918,Olag Roswarn,Azerbaijan
E1919,Delilah Baptiste,China
E1920,Gill Norcliff,Montserrat
E1921,Wenda Heinl,China
E1922,Hinda Brunet,Indonesia
E1923,Tiphani Kroch,France
E1924,Zorana Leggen,Russia
E1925,Baird Kleinberer,Philippines
E1926,Consolata Farmer,Portugal
E1927,Mateo Cabedo,Indonesia
E1928,Dido Sherry,Albania
E1929,Vin Tappington,Russia
E1930,Merwyn Fonzone,Poland
E1931,Tiebold Iscowitz,Democratic Republic of the Congo
E1932,Avery Learmond,Greece
E1933,Josephine Bloxam,China
E1934,Letta Szantho,Poland
E1935,Cal Elphey,United States
E1936,Arabella Offer,Russia
E1937,Marlyn Bradburne,South Africa
E1938,Bonny Frankcom,Indonesia
E1939,Gilemette Gowanson,Portugal
E1940,Torrey Lynas,Malaysia
E1941,Giselle Ghidotti,China
E1942,Romain Dufaur,Cyprus
E1943,Hadley Spensley,Jordan
E1944,Ives Trudgian,China
E1945,Solly Charnock,Philippines
E1946,Maryjane Breakspear,Morocco
E1947,Madelaine Aylen,Russia
E1948,Nikolaus Pouton,Ukraine
E1949,Jacquetta Klamp,China
E1950,Corney Freeborne,Peru
E1951,Tabby Hearsey,China
E1952,Enrique Yeats,Poland
E1953,Viviene Varey,China
E1954,Sheff Smallacombe,Peru
E1955,Wileen Kennea,Indonesia
E1956,Charo Maykin,Macedonia
E1957,Humfrid Goodanew,Czech Republic
E1958,Leo Butterly,Portugal
E1959,Will Wollacott,Cuba
E1960,Maryl Perdue,Sweden
E1961,Julian Duffield,China
E1962,Buck Burgwyn,China
E1963,Audie Piola,Poland
E1964,Verina O'Grady,Pakistan
E1965,Piggy Sybbe,Philippines
E1966,Thaddus Brisker,Myanmar
E1967,Persis Conkling,Russia
E1968,Willetta Ferenczy,Indonesia
E1969,Tammy Nassey,Zimbabwe
E1970,Temp Pagram,China
E1971,Roseline Farrants,Brazil
E1972,Katlin Divine,China
E1973,Jaimie Durran,Ivory Coast
E1974,Grier Wallman,Brazil
E1975,Bartholomeus Knappitt,France
E1976,Bee Suddell,Azerbaijan
E1977,Hewe Quartermaine,Sweden
E1978,Cosimo Labrum,Brazil
E1979,Tybi Brookfield,United States
E1980,Erroll Grayley,Czech Republic
E1981,Tobi Paulton,France
E1982,Trudie Mewton,South Africa
E1983,Kristyn Heatherington,Philippines
E1984,Guthrie Growcott,Thailand
E1985,Meta Blasi,Portugal
E1986,Vittoria Royal,Philippines
E1987,Darwin Dossettor,Indonesia
E1988,Ezri Le Blond,Iraq
E1989,Rogers Sharville,Argentina
E1990,Audi Barrington,Czech Republic
E1991,Odille Ferreiro,Paraguay
E1992,Lane Morriss,Indonesia
E1993,Anatol Henricsson,United States
E1994,Kele Stote,France
E1995,Leisha Loader,Poland
E1996,Cherish Warlton,United States
E1997,Jereme Blenkin,Latvia
E1998,Mel Stockney,Philippines
E1999,Garv Ciccoloi,Colombia
E2000,Annadiana Desmond,Czech Republic
