codigo,descripcion,fecha
propuesta1,descripcion1,2/12/1999
propuesta2,descripcion2,2/13/1999
propuesta3,descripcion3,2/14/1999
propuesta4,descripcion4,2/15/1999
propuesta5,descripcion5,2/16/1999
propuesta6,descripcion6,2/17/1999
propuesta7,descripcion7,2/18/1999
propuesta8,descripcion8,2/19/1999
propuesta9,descripcion9,2/20/1999
propuesta10,descripcion10,2/21/1999
propuesta11,descripcion11,2/22/1999
propuesta12,descripcion12,2/23/1999
propuesta13,descripcion13,2/24/1999
propuesta14,descripcion14,2/25/1999
propuesta15,descripcion15,2/26/1999
propuesta16,descripcion16,2/27/1999
propuesta17,descripcion17,2/28/1999
propuesta18,descripcion18,3/1/1999
propuesta19,descripcion19,3/2/1999
propuesta20,descripcion20,3/3/1999
propuesta21,descripcion21,3/4/1999
propuesta22,descripcion22,3/5/1999
propuesta23,descripcion23,3/6/1999
propuesta24,descripcion24,3/7/1999
propuesta25,descripcion25,3/8/1999
propuesta26,descripcion26,3/9/1999
propuesta27,descripcion27,3/10/1999
propuesta28,descripcion28,3/11/1999
propuesta29,descripcion29,3/12/1999
propuesta30,descripcion30,3/13/1999
propuesta31,descripcion31,3/14/1999
propuesta32,descripcion32,3/15/1999
propuesta33,descripcion33,3/16/1999
propuesta34,descripcion34,3/17/1999
propuesta35,descripcion35,3/18/1999
propuesta36,descripcion36,3/19/1999
propuesta37,descripcion37,3/20/1999
propuesta38,descripcion38,3/21/1999
propuesta39,descripcion39,3/22/1999
propuesta40,descripcion40,3/23/1999
propuesta41,descripcion41,3/24/1999
propuesta42,descripcion42,3/25/1999
propuesta43,descripcion43,3/26/1999
propuesta44,descripcion44,3/27/1999
propuesta45,descripcion45,3/28/1999
propuesta46,descripcion46,3/29/1999
propuesta47,descripcion47,3/30/1999
propuesta48,descripcion48,3/31/1999
propuesta49,descripcion49,4/1/1999
propuesta50,descripcion50,4/2/1999
propuesta51,descripcion51,4/3/1999
propuesta52,descripcion52,4/4/1999
propuesta53,descripcion53,4/5/1999
propuesta54,descripcion54,4/6/1999
propuesta55,descripcion55,4/7/1999
propuesta56,descripcion56,4/8/1999
propuesta57,descripcion57,4/9/1999
propuesta58,descripcion58,4/10/1999
propuesta59,descripcion59,4/11/1999
propuesta60,descripcion60,4/12/1999
propuesta61,descripcion61,4/13/1999
propuesta62,descripcion62,4/14/1999
propuesta63,descripcion63,4/15/1999
propuesta64,descripcion64,4/16/1999
propuesta65,descripcion65,4/17/1999
propuesta66,descripcion66,4/18/1999
propuesta67,descripcion67,4/19/1999
propuesta68,descripcion68,4/20/1999
propuesta69,descripcion69,4/21/1999
propuesta70,descripcion70,4/22/1999
propuesta71,descripcion71,4/23/1999
propuesta72,descripcion72,4/24/1999
propuesta73,descripcion73,4/25/1999
propuesta74,descripcion74,4/26/1999
propuesta75,descripcion75,4/27/1999
propuesta76,descripcion76,4/28/1999
propuesta77,descripcion77,4/29/1999
propuesta78,descripcion78,4/30/1999
propuesta79,descripcion79,5/1/1999
propuesta80,descripcion80,5/2/1999
propuesta81,descripcion81,5/3/1999
propuesta82,descripcion82,5/4/1999
propuesta83,descripcion83,5/5/1999
propuesta84,descripcion84,5/6/1999
propuesta85,descripcion85,5/7/1999
propuesta86,descripcion86,5/8/1999
propuesta87,descripcion87,5/9/1999
propuesta88,descripcion88,5/10/1999
propuesta89,descripcion89,5/11/1999
propuesta90,descripcion90,5/12/1999
propuesta91,descripcion91,5/13/1999
propuesta92,descripcion92,5/14/1999
propuesta93,descripcion93,5/15/1999
propuesta94,descripcion94,5/16/1999
propuesta95,descripcion95,5/17/1999
propuesta96,descripcion96,5/18/1999
propuesta97,descripcion97,5/19/1999
propuesta98,descripcion98,5/20/1999
propuesta99,descripcion99,5/21/1999
propuesta100,descripcion100,5/22/1999
propuesta101,descripcion101,5/23/1999
propuesta102,descripcion102,5/24/1999
propuesta103,descripcion103,5/25/1999
propuesta104,descripcion104,5/26/1999
propuesta105,descripcion105,5/27/1999
propuesta106,descripcion106,5/28/1999
propuesta107,descripcion107,5/29/1999
propuesta108,descripcion108,5/30/1999
propuesta109,descripcion109,5/31/1999
propuesta110,descripcion110,6/1/1999
propuesta111,descripcion111,6/2/1999
propuesta112,descripcion112,6/3/1999
propuesta113,descripcion113,6/4/1999
propuesta114,descripcion114,6/5/1999
propuesta115,descripcion115,6/6/1999
propuesta116,descripcion116,6/7/1999
propuesta117,descripcion117,6/8/1999
propuesta118,descripcion118,6/9/1999
propuesta119,descripcion119,6/10/1999
propuesta120,descripcion120,6/11/1999
propuesta121,descripcion121,6/12/1999
propuesta122,descripcion122,6/13/1999
propuesta123,descripcion123,6/14/1999
propuesta124,descripcion124,6/15/1999
propuesta125,descripcion125,6/16/1999
propuesta126,descripcion126,6/17/1999
propuesta127,descripcion127,6/18/1999
propuesta128,descripcion128,6/19/1999
propuesta129,descripcion129,6/20/1999
propuesta130,descripcion130,6/21/1999
propuesta131,descripcion131,6/22/1999
propuesta132,descripcion132,6/23/1999
propuesta133,descripcion133,6/24/1999
propuesta134,descripcion134,6/25/1999
propuesta135,descripcion135,6/26/1999
propuesta136,descripcion136,6/27/1999
propuesta137,descripcion137,6/28/1999
propuesta138,descripcion138,6/29/1999
propuesta139,descripcion139,6/30/1999
propuesta140,descripcion140,7/1/1999
propuesta141,descripcion141,7/2/1999
propuesta142,descripcion142,7/3/1999
propuesta143,descripcion143,7/4/1999
propuesta144,descripcion144,7/5/1999
propuesta145,descripcion145,7/6/1999
propuesta146,descripcion146,7/7/1999
propuesta147,descripcion147,7/8/1999
propuesta148,descripcion148,7/9/1999
propuesta149,descripcion149,7/10/1999
propuesta150,descripcion150,7/11/1999
propuesta151,descripcion151,7/12/1999
propuesta152,descripcion152,7/13/1999
propuesta153,descripcion153,7/14/1999
propuesta154,descripcion154,7/15/1999
propuesta155,descripcion155,7/16/1999
propuesta156,descripcion156,7/17/1999
propuesta157,descripcion157,7/18/1999
propuesta158,descripcion158,7/19/1999
propuesta159,descripcion159,7/20/1999
propuesta160,descripcion160,7/21/1999
propuesta161,descripcion161,7/22/1999
propuesta162,descripcion162,7/23/1999
propuesta163,descripcion163,7/24/1999
propuesta164,descripcion164,7/25/1999
propuesta165,descripcion165,7/26/1999
propuesta166,descripcion166,7/27/1999
propuesta167,descripcion167,7/28/1999
propuesta168,descripcion168,7/29/1999
propuesta169,descripcion169,7/30/1999
propuesta170,descripcion170,7/31/1999
propuesta171,descripcion171,8/1/1999
propuesta172,descripcion172,8/2/1999
propuesta173,descripcion173,8/3/1999
propuesta174,descripcion174,8/4/1999
propuesta175,descripcion175,8/5/1999
propuesta176,descripcion176,8/6/1999
propuesta177,descripcion177,8/7/1999
propuesta178,descripcion178,8/8/1999
propuesta179,descripcion179,8/9/1999
propuesta180,descripcion180,8/10/1999
propuesta181,descripcion181,8/11/1999
propuesta182,descripcion182,8/12/1999
propuesta183,descripcion183,8/13/1999
propuesta184,descripcion184,8/14/1999
propuesta185,descripcion185,8/15/1999
propuesta186,descripcion186,8/16/1999
propuesta187,descripcion187,8/17/1999
propuesta188,descripcion188,8/18/1999
propuesta189,descripcion189,8/19/1999
propuesta190,descripcion190,8/20/1999
propuesta191,descripcion191,8/21/1999
propuesta192,descripcion192,8/22/1999
propuesta193,descripcion193,8/23/1999
propuesta194,descripcion194,8/24/1999
propuesta195,descripcion195,8/25/1999
propuesta196,descripcion196,8/26/1999
propuesta197,descripcion197,8/27/1999
propuesta198,descripcion198,8/28/1999
propuesta199,descripcion199,8/29/1999
propuesta200,descripcion200,8/30/1999
propuesta201,descripcion201,8/31/1999
propuesta202,descripcion202,9/1/1999
propuesta203,descripcion203,9/2/1999
propuesta204,descripcion204,9/3/1999
propuesta205,descripcion205,9/4/1999
propuesta206,descripcion206,9/5/1999
propuesta207,descripcion207,9/6/1999
propuesta208,descripcion208,9/7/1999
propuesta209,descripcion209,9/8/1999
propuesta210,descripcion210,9/9/1999
propuesta211,descripcion211,9/10/1999
propuesta212,descripcion212,9/11/1999
propuesta213,descripcion213,9/12/1999
propuesta214,descripcion214,9/13/1999
propuesta215,descripcion215,9/14/1999
propuesta216,descripcion216,9/15/1999
propuesta217,descripcion217,9/16/1999
propuesta218,descripcion218,9/17/1999
propuesta219,descripcion219,9/18/1999
propuesta220,descripcion220,9/19/1999
propuesta221,descripcion221,9/20/1999
propuesta222,descripcion222,9/21/1999
propuesta223,descripcion223,9/22/1999
propuesta224,descripcion224,9/23/1999
propuesta225,descripcion225,9/24/1999
propuesta226,descripcion226,9/25/1999
propuesta227,descripcion227,9/26/1999
propuesta228,descripcion228,9/27/1999
propuesta229,descripcion229,9/28/1999
propuesta230,descripcion230,9/29/1999
propuesta231,descripcion231,9/30/1999
propuesta232,descripcion232,10/1/1999
propuesta233,descripcion233,10/2/1999
propuesta234,descripcion234,10/3/1999
propuesta235,descripcion235,10/4/1999
propuesta236,descripcion236,10/5/1999
propuesta237,descripcion237,10/6/1999
propuesta238,descripcion238,10/7/1999
propuesta239,descripcion239,10/8/1999
propuesta240,descripcion240,10/9/1999
propuesta241,descripcion241,10/10/1999
propuesta242,descripcion242,10/11/1999
propuesta243,descripcion243,10/12/1999
propuesta244,descripcion244,10/13/1999
propuesta245,descripcion245,10/14/1999
propuesta246,descripcion246,10/15/1999
propuesta247,descripcion247,10/16/1999
propuesta248,descripcion248,10/17/1999
propuesta249,descripcion249,10/18/1999
propuesta250,descripcion250,10/19/1999
propuesta251,descripcion251,10/20/1999
propuesta252,descripcion252,10/21/1999
propuesta253,descripcion253,10/22/1999
propuesta254,descripcion254,10/23/1999
propuesta255,descripcion255,10/24/1999
propuesta256,descripcion256,10/25/1999
propuesta257,descripcion257,10/26/1999
propuesta258,descripcion258,10/27/1999
propuesta259,descripcion259,10/28/1999
propuesta260,descripcion260,10/29/1999
propuesta261,descripcion261,10/30/1999
propuesta262,descripcion262,10/31/1999
propuesta263,descripcion263,11/1/1999
propuesta264,descripcion264,11/2/1999
propuesta265,descripcion265,11/3/1999
propuesta266,descripcion266,11/4/1999
propuesta267,descripcion267,11/5/1999
propuesta268,descripcion268,11/6/1999
propuesta269,descripcion269,11/7/1999
propuesta270,descripcion270,11/8/1999
propuesta271,descripcion271,11/9/1999
propuesta272,descripcion272,11/10/1999
propuesta273,descripcion273,11/11/1999
propuesta274,descripcion274,11/12/1999
propuesta275,descripcion275,11/13/1999
propuesta276,descripcion276,11/14/1999
propuesta277,descripcion277,11/15/1999
propuesta278,descripcion278,11/16/1999
propuesta279,descripcion279,11/17/1999
propuesta280,descripcion280,11/18/1999
propuesta281,descripcion281,11/19/1999
propuesta282,descripcion282,11/20/1999
propuesta283,descripcion283,11/21/1999
propuesta284,descripcion284,11/22/1999
propuesta285,descripcion285,11/23/1999
propuesta286,descripcion286,11/24/1999
propuesta287,descripcion287,11/25/1999
propuesta288,descripcion288,11/26/1999
propuesta289,descripcion289,11/27/1999
propuesta290,descripcion290,11/28/1999
propuesta291,descripcion291,11/29/1999
propuesta292,descripcion292,11/30/1999
propuesta293,descripcion293,12/1/1999
propuesta294,descripcion294,12/2/1999
propuesta295,descripcion295,12/3/1999
propuesta296,descripcion296,12/4/1999
propuesta297,descripcion297,12/5/1999
propuesta298,descripcion298,12/6/1999
propuesta299,descripcion299,12/7/1999
propuesta300,descripcion300,12/8/1999
propuesta301,descripcion301,12/9/1999
propuesta302,descripcion302,12/10/1999
propuesta303,descripcion303,12/11/1999
propuesta304,descripcion304,12/12/1999
propuesta305,descripcion305,12/13/1999
propuesta306,descripcion306,12/14/1999
propuesta307,descripcion307,12/15/1999
propuesta308,descripcion308,12/16/1999
propuesta309,descripcion309,12/17/1999
propuesta310,descripcion310,12/18/1999
propuesta311,descripcion311,12/19/1999
propuesta312,descripcion312,12/20/1999
propuesta313,descripcion313,12/21/1999
propuesta314,descripcion314,12/22/1999
propuesta315,descripcion315,12/23/1999
propuesta316,descripcion316,12/24/1999
propuesta317,descripcion317,12/25/1999
propuesta318,descripcion318,12/26/1999
propuesta319,descripcion319,12/27/1999
propuesta320,descripcion320,12/28/1999
propuesta321,descripcion321,12/29/1999
propuesta322,descripcion322,12/30/1999
propuesta323,descripcion323,12/31/1999
propuesta324,descripcion324,1/1/2000
propuesta325,descripcion325,1/2/2000
propuesta326,descripcion326,1/3/2000
propuesta327,descripcion327,1/4/2000
propuesta328,descripcion328,1/5/2000
propuesta329,descripcion329,1/6/2000
propuesta330,descripcion330,1/7/2000
propuesta331,descripcion331,1/8/2000
propuesta332,descripcion332,1/9/2000
propuesta333,descripcion333,1/10/2000
propuesta334,descripcion334,1/11/2000
propuesta335,descripcion335,1/12/2000
propuesta336,descripcion336,1/13/2000
propuesta337,descripcion337,1/14/2000
propuesta338,descripcion338,1/15/2000
propuesta339,descripcion339,1/16/2000
propuesta340,descripcion340,1/17/2000
propuesta341,descripcion341,1/18/2000
propuesta342,descripcion342,1/19/2000
propuesta343,descripcion343,1/20/2000
propuesta344,descripcion344,1/21/2000
propuesta345,descripcion345,1/22/2000
propuesta346,descripcion346,1/23/2000
propuesta347,descripcion347,1/24/2000
propuesta348,descripcion348,1/25/2000
propuesta349,descripcion349,1/26/2000
propuesta350,descripcion350,1/27/2000
propuesta351,descripcion351,1/28/2000
propuesta352,descripcion352,1/29/2000
propuesta353,descripcion353,1/30/2000
propuesta354,descripcion354,1/31/2000
propuesta355,descripcion355,2/1/2000
propuesta356,descripcion356,2/2/2000
propuesta357,descripcion357,2/3/2000
propuesta358,descripcion358,2/4/2000
propuesta359,descripcion359,2/5/2000
propuesta360,descripcion360,2/6/2000
propuesta361,descripcion361,2/7/2000
propuesta362,descripcion362,2/8/2000
propuesta363,descripcion363,2/9/2000
propuesta364,descripcion364,2/10/2000
propuesta365,descripcion365,2/11/2000
propuesta366,descripcion366,2/12/2000
propuesta367,descripcion367,2/13/2000
propuesta368,descripcion368,2/14/2000
propuesta369,descripcion369,2/15/2000
propuesta370,descripcion370,2/16/2000
propuesta371,descripcion371,2/17/2000
propuesta372,descripcion372,2/18/2000
propuesta373,descripcion373,2/19/2000
propuesta374,descripcion374,2/20/2000
propuesta375,descripcion375,2/21/2000
propuesta376,descripcion376,2/22/2000
propuesta377,descripcion377,2/23/2000
propuesta378,descripcion378,2/24/2000
propuesta379,descripcion379,2/25/2000
propuesta380,descripcion380,2/26/2000
propuesta381,descripcion381,2/27/2000
propuesta382,descripcion382,2/28/2000
propuesta383,descripcion383,2/29/2000
propuesta384,descripcion384,3/1/2000
propuesta385,descripcion385,3/2/2000
propuesta386,descripcion386,3/3/2000
propuesta387,descripcion387,3/4/2000
propuesta388,descripcion388,3/5/2000
propuesta389,descripcion389,3/6/2000
propuesta390,descripcion390,3/7/2000
propuesta391,descripcion391,3/8/2000
propuesta392,descripcion392,3/9/2000
propuesta393,descripcion393,3/10/2000
propuesta394,descripcion394,3/11/2000
propuesta395,descripcion395,3/12/2000
propuesta396,descripcion396,3/13/2000
propuesta397,descripcion397,3/14/2000
propuesta398,descripcion398,3/15/2000
propuesta399,descripcion399,3/16/2000
propuesta400,descripcion400,3/17/2000
propuesta401,descripcion401,3/18/2000
propuesta402,descripcion402,3/19/2000
propuesta403,descripcion403,3/20/2000
propuesta404,descripcion404,3/21/2000
propuesta405,descripcion405,3/22/2000
propuesta406,descripcion406,3/23/2000
propuesta407,descripcion407,3/24/2000
propuesta408,descripcion408,3/25/2000
propuesta409,descripcion409,3/26/2000
propuesta410,descripcion410,3/27/2000
propuesta411,descripcion411,3/28/2000
propuesta412,descripcion412,3/29/2000
propuesta413,descripcion413,3/30/2000
propuesta414,descripcion414,3/31/2000
propuesta415,descripcion415,4/1/2000
propuesta416,descripcion416,4/2/2000
propuesta417,descripcion417,4/3/2000
propuesta418,descripcion418,4/4/2000
propuesta419,descripcion419,4/5/2000
propuesta420,descripcion420,4/6/2000
propuesta421,descripcion421,4/7/2000
propuesta422,descripcion422,4/8/2000
propuesta423,descripcion423,4/9/2000
propuesta424,descripcion424,4/10/2000
propuesta425,descripcion425,4/11/2000
propuesta426,descripcion426,4/12/2000
propuesta427,descripcion427,4/13/2000
propuesta428,descripcion428,4/14/2000
propuesta429,descripcion429,4/15/2000
propuesta430,descripcion430,4/16/2000
propuesta431,descripcion431,4/17/2000
propuesta432,descripcion432,4/18/2000
propuesta433,descripcion433,4/19/2000
propuesta434,descripcion434,4/20/2000
propuesta435,descripcion435,4/21/2000
propuesta436,descripcion436,4/22/2000
propuesta437,descripcion437,4/23/2000
propuesta438,descripcion438,4/24/2000
propuesta439,descripcion439,4/25/2000
propuesta440,descripcion440,4/26/2000
propuesta441,descripcion441,4/27/2000
propuesta442,descripcion442,4/28/2000
propuesta443,descripcion443,4/29/2000
propuesta444,descripcion444,4/30/2000
propuesta445,descripcion445,5/1/2000
propuesta446,descripcion446,5/2/2000
propuesta447,descripcion447,5/3/2000
propuesta448,descripcion448,5/4/2000
propuesta449,descripcion449,5/5/2000
propuesta450,descripcion450,5/6/2000
propuesta451,descripcion451,5/7/2000
propuesta452,descripcion452,5/8/2000
propuesta453,descripcion453,5/9/2000
propuesta454,descripcion454,5/10/2000
propuesta455,descripcion455,5/11/2000
propuesta456,descripcion456,5/12/2000
propuesta457,descripcion457,5/13/2000
propuesta458,descripcion458,5/14/2000
propuesta459,descripcion459,5/15/2000
propuesta460,descripcion460,5/16/2000
propuesta461,descripcion461,5/17/2000
propuesta462,descripcion462,5/18/2000
propuesta463,descripcion463,5/19/2000
propuesta464,descripcion464,5/20/2000
propuesta465,descripcion465,5/21/2000
propuesta466,descripcion466,5/22/2000
propuesta467,descripcion467,5/23/2000
propuesta468,descripcion468,5/24/2000
propuesta469,descripcion469,5/25/2000
propuesta470,descripcion470,5/26/2000
propuesta471,descripcion471,5/27/2000
propuesta472,descripcion472,5/28/2000
propuesta473,descripcion473,5/29/2000
propuesta474,descripcion474,5/30/2000
propuesta475,descripcion475,5/31/2000
propuesta476,descripcion476,6/1/2000
propuesta477,descripcion477,6/2/2000
propuesta478,descripcion478,6/3/2000
propuesta479,descripcion479,6/4/2000
propuesta480,descripcion480,6/5/2000
propuesta481,descripcion481,6/6/2000
propuesta482,descripcion482,6/7/2000
propuesta483,descripcion483,6/8/2000
propuesta484,descripcion484,6/9/2000
propuesta485,descripcion485,6/10/2000
propuesta486,descripcion486,6/11/2000
propuesta487,descripcion487,6/12/2000
propuesta488,descripcion488,6/13/2000
propuesta489,descripcion489,6/14/2000
propuesta490,descripcion490,6/15/2000
propuesta491,descripcion491,6/16/2000
propuesta492,descripcion492,6/17/2000
propuesta493,descripcion493,6/18/2000
propuesta494,descripcion494,6/19/2000
propuesta495,descripcion495,6/20/2000
propuesta496,descripcion496,6/21/2000
propuesta497,descripcion497,6/22/2000
propuesta498,descripcion498,6/23/2000
propuesta499,descripcion499,6/24/2000
propuesta500,descripcion500,6/25/2000
propuesta501,descripcion501,6/26/2000
propuesta502,descripcion502,6/27/2000
propuesta503,descripcion503,6/28/2000
propuesta504,descripcion504,6/29/2000
propuesta505,descripcion505,6/30/2000
propuesta506,descripcion506,7/1/2000
propuesta507,descripcion507,7/2/2000
propuesta508,descripcion508,7/3/2000
propuesta509,descripcion509,7/4/2000
propuesta510,descripcion510,7/5/2000
propuesta511,descripcion511,7/6/2000
propuesta512,descripcion512,7/7/2000
propuesta513,descripcion513,7/8/2000
propuesta514,descripcion514,7/9/2000
propuesta515,descripcion515,7/10/2000
propuesta516,descripcion516,7/11/2000
propuesta517,descripcion517,7/12/2000
propuesta518,descripcion518,7/13/2000
propuesta519,descripcion519,7/14/2000
propuesta520,descripcion520,7/15/2000
propuesta521,descripcion521,7/16/2000
propuesta522,descripcion522,7/17/2000
propuesta523,descripcion523,7/18/2000
propuesta524,descripcion524,7/19/2000
propuesta525,descripcion525,7/20/2000
propuesta526,descripcion526,7/21/2000
propuesta527,descripcion527,7/22/2000
propuesta528,descripcion528,7/23/2000
propuesta529,descripcion529,7/24/2000
propuesta530,descripcion530,7/25/2000
propuesta531,descripcion531,7/26/2000
propuesta532,descripcion532,7/27/2000
propuesta533,descripcion533,7/28/2000
propuesta534,descripcion534,7/29/2000
propuesta535,descripcion535,7/30/2000
propuesta536,descripcion536,7/31/2000
propuesta537,descripcion537,8/1/2000
propuesta538,descripcion538,8/2/2000
propuesta539,descripcion539,8/3/2000
propuesta540,descripcion540,8/4/2000
propuesta541,descripcion541,8/5/2000
propuesta542,descripcion542,8/6/2000
propuesta543,descripcion543,8/7/2000
propuesta544,descripcion544,8/8/2000
propuesta545,descripcion545,8/9/2000
propuesta546,descripcion546,8/10/2000
propuesta547,descripcion547,8/11/2000
propuesta548,descripcion548,8/12/2000
propuesta549,descripcion549,8/13/2000
propuesta550,descripcion550,8/14/2000
propuesta551,descripcion551,8/15/2000
propuesta552,descripcion552,8/16/2000
propuesta553,descripcion553,8/17/2000
propuesta554,descripcion554,8/18/2000
propuesta555,descripcion555,8/19/2000
propuesta556,descripcion556,8/20/2000
propuesta557,descripcion557,8/21/2000
propuesta558,descripcion558,8/22/2000
propuesta559,descripcion559,8/23/2000
propuesta560,descripcion560,8/24/2000
propuesta561,descripcion561,8/25/2000
propuesta562,descripcion562,8/26/2000
propuesta563,descripcion563,8/27/2000
propuesta564,descripcion564,8/28/2000
propuesta565,descripcion565,8/29/2000
propuesta566,descripcion566,8/30/2000
propuesta567,descripcion567,8/31/2000
propuesta568,descripcion568,9/1/2000
propuesta569,descripcion569,9/2/2000
propuesta570,descripcion570,9/3/2000
propuesta571,descripcion571,9/4/2000
propuesta572,descripcion572,9/5/2000
propuesta573,descripcion573,9/6/2000
propuesta574,descripcion574,9/7/2000
propuesta575,descripcion575,9/8/2000
propuesta576,descripcion576,9/9/2000
propuesta577,descripcion577,9/10/2000
propuesta578,descripcion578,9/11/2000
propuesta579,descripcion579,9/12/2000
propuesta580,descripcion580,9/13/2000
propuesta581,descripcion581,9/14/2000
propuesta582,descripcion582,9/15/2000
propuesta583,descripcion583,9/16/2000
propuesta584,descripcion584,9/17/2000
propuesta585,descripcion585,9/18/2000
propuesta586,descripcion586,9/19/2000
propuesta587,descripcion587,9/20/2000
propuesta588,descripcion588,9/21/2000
propuesta589,descripcion589,9/22/2000
propuesta590,descripcion590,9/23/2000
propuesta591,descripcion591,9/24/2000
propuesta592,descripcion592,9/25/2000
propuesta593,descripcion593,9/26/2000
propuesta594,descripcion594,9/27/2000
propuesta595,descripcion595,9/28/2000
propuesta596,descripcion596,9/29/2000
propuesta597,descripcion597,9/30/2000
propuesta598,descripcion598,10/1/2000
propuesta599,descripcion599,10/2/2000
propuesta600,descripcion600,10/3/2000
propuesta601,descripcion601,10/4/2000
propuesta602,descripcion602,10/5/2000
propuesta603,descripcion603,10/6/2000
propuesta604,descripcion604,10/7/2000
propuesta605,descripcion605,10/8/2000
propuesta606,descripcion606,10/9/2000
propuesta607,descripcion607,10/10/2000
propuesta608,descripcion608,10/11/2000
propuesta609,descripcion609,10/12/2000
propuesta610,descripcion610,10/13/2000
propuesta611,descripcion611,10/14/2000
propuesta612,descripcion612,10/15/2000
propuesta613,descripcion613,10/16/2000
propuesta614,descripcion614,10/17/2000
propuesta615,descripcion615,10/18/2000
propuesta616,descripcion616,10/19/2000
propuesta617,descripcion617,10/20/2000
propuesta618,descripcion618,10/21/2000
propuesta619,descripcion619,10/22/2000
propuesta620,descripcion620,10/23/2000
propuesta621,descripcion621,10/24/2000
propuesta622,descripcion622,10/25/2000
propuesta623,descripcion623,10/26/2000
propuesta624,descripcion624,10/27/2000
propuesta625,descripcion625,10/28/2000
propuesta626,descripcion626,10/29/2000
propuesta627,descripcion627,10/30/2000
propuesta628,descripcion628,10/31/2000
propuesta629,descripcion629,11/1/2000
propuesta630,descripcion630,11/2/2000
propuesta631,descripcion631,11/3/2000
propuesta632,descripcion632,11/4/2000
propuesta633,descripcion633,11/5/2000
propuesta634,descripcion634,11/6/2000
propuesta635,descripcion635,11/7/2000
propuesta636,descripcion636,11/8/2000
propuesta637,descripcion637,11/9/2000
propuesta638,descripcion638,11/10/2000
propuesta639,descripcion639,11/11/2000
propuesta640,descripcion640,11/12/2000
propuesta641,descripcion641,11/13/2000
propuesta642,descripcion642,11/14/2000
propuesta643,descripcion643,11/15/2000
propuesta644,descripcion644,11/16/2000
propuesta645,descripcion645,11/17/2000
propuesta646,descripcion646,11/18/2000
propuesta647,descripcion647,11/19/2000
propuesta648,descripcion648,11/20/2000
propuesta649,descripcion649,11/21/2000
propuesta650,descripcion650,11/22/2000
propuesta651,descripcion651,11/23/2000
propuesta652,descripcion652,11/24/2000
propuesta653,descripcion653,11/25/2000
propuesta654,descripcion654,11/26/2000
propuesta655,descripcion655,11/27/2000
propuesta656,descripcion656,11/28/2000
propuesta657,descripcion657,11/29/2000
propuesta658,descripcion658,11/30/2000
propuesta659,descripcion659,12/1/2000
propuesta660,descripcion660,12/2/2000
propuesta661,descripcion661,12/3/2000
propuesta662,descripcion662,12/4/2000
propuesta663,descripcion663,12/5/2000
propuesta664,descripcion664,12/6/2000
propuesta665,descripcion665,12/7/2000
propuesta666,descripcion666,12/8/2000
propuesta667,descripcion667,12/9/2000
propuesta668,descripcion668,12/10/2000
propuesta669,descripcion669,12/11/2000
propuesta670,descripcion670,12/12/2000
propuesta671,descripcion671,12/13/2000
propuesta672,descripcion672,12/14/2000
propuesta673,descripcion673,12/15/2000
propuesta674,descripcion674,12/16/2000
propuesta675,descripcion675,12/17/2000
propuesta676,descripcion676,12/18/2000
propuesta677,descripcion677,12/19/2000
propuesta678,descripcion678,12/20/2000
propuesta679,descripcion679,12/21/2000
propuesta680,descripcion680,12/22/2000
propuesta681,descripcion681,12/23/2000
propuesta682,descripcion682,12/24/2000
propuesta683,descripcion683,12/25/2000
propuesta684,descripcion684,12/26/2000
propuesta685,descripcion685,12/27/2000
propuesta686,descripcion686,12/28/2000
propuesta687,descripcion687,12/29/2000
propuesta688,descripcion688,12/30/2000
propuesta689,descripcion689,12/31/2000
propuesta690,descripcion690,1/1/2001
propuesta691,descripcion691,1/2/2001
propuesta692,descripcion692,1/3/2001
propuesta693,descripcion693,1/4/2001
propuesta694,descripcion694,1/5/2001
propuesta695,descripcion695,1/6/2001
propuesta696,descripcion696,1/7/2001
propuesta697,descripcion697,1/8/2001
propuesta698,descripcion698,1/9/2001
propuesta699,descripcion699,1/10/2001
propuesta700,descripcion700,1/11/2001
propuesta701,descripcion701,1/12/2001
propuesta702,descripcion702,1/13/2001
propuesta703,descripcion703,1/14/2001
propuesta704,descripcion704,1/15/2001
propuesta705,descripcion705,1/16/2001
propuesta706,descripcion706,1/17/2001
propuesta707,descripcion707,1/18/2001
propuesta708,descripcion708,1/19/2001
propuesta709,descripcion709,1/20/2001
propuesta710,descripcion710,1/21/2001
propuesta711,descripcion711,1/22/2001
propuesta712,descripcion712,1/23/2001
propuesta713,descripcion713,1/24/2001
propuesta714,descripcion714,1/25/2001
propuesta715,descripcion715,1/26/2001
propuesta716,descripcion716,1/27/2001
propuesta717,descripcion717,1/28/2001
propuesta718,descripcion718,1/29/2001
propuesta719,descripcion719,1/30/2001
propuesta720,descripcion720,1/31/2001
propuesta721,descripcion721,2/1/2001
propuesta722,descripcion722,2/2/2001
propuesta723,descripcion723,2/3/2001
propuesta724,descripcion724,2/4/2001
propuesta725,descripcion725,2/5/2001
propuesta726,descripcion726,2/6/2001
propuesta727,descripcion727,2/7/2001
propuesta728,descripcion728,2/8/2001
propuesta729,descripcion729,2/9/2001
propuesta730,descripcion730,2/10/2001
propuesta731,descripcion731,2/11/2001
propuesta732,descripcion732,2/12/2001
propuesta733,descripcion733,2/13/2001
propuesta734,descripcion734,2/14/2001
propuesta735,descripcion735,2/15/2001
propuesta736,descripcion736,2/16/2001
propuesta737,descripcion737,2/17/2001
propuesta738,descripcion738,2/18/2001
propuesta739,descripcion739,2/19/2001
propuesta740,descripcion740,2/20/2001
propuesta741,descripcion741,2/21/2001
propuesta742,descripcion742,2/22/2001
propuesta743,descripcion743,2/23/2001
propuesta744,descripcion744,2/24/2001
propuesta745,descripcion745,2/25/2001
propuesta746,descripcion746,2/26/2001
propuesta747,descripcion747,2/27/2001
propuesta748,descripcion748,2/28/2001
propuesta749,descripcion749,3/1/2001
propuesta750,descripcion750,3/2/2001
propuesta751,descripcion751,3/3/2001
propuesta752,descripcion752,3/4/2001
propuesta753,descripcion753,3/5/2001
propuesta754,descripcion754,3/6/2001
propuesta755,descripcion755,3/7/2001
propuesta756,descripcion756,3/8/2001
propuesta757,descripcion757,3/9/2001
propuesta758,descripcion758,3/10/2001
propuesta759,descripcion759,3/11/2001
propuesta760,descripcion760,3/12/2001
propuesta761,descripcion761,3/13/2001
propuesta762,descripcion762,3/14/2001
propuesta763,descripcion763,3/15/2001
propuesta764,descripcion764,3/16/2001
propuesta765,descripcion765,3/17/2001
propuesta766,descripcion766,3/18/2001
propuesta767,descripcion767,3/19/2001
propuesta768,descripcion768,3/20/2001
propuesta769,descripcion769,3/21/2001
propuesta770,descripcion770,3/22/2001
propuesta771,descripcion771,3/23/2001
propuesta772,descripcion772,3/24/2001
propuesta773,descripcion773,3/25/2001
propuesta774,descripcion774,3/26/2001
propuesta775,descripcion775,3/27/2001
propuesta776,descripcion776,3/28/2001
propuesta777,descripcion777,3/29/2001
propuesta778,descripcion778,3/30/2001
propuesta779,descripcion779,3/31/2001
propuesta780,descripcion780,4/1/2001
propuesta781,descripcion781,4/2/2001
propuesta782,descripcion782,4/3/2001
propuesta783,descripcion783,4/4/2001
propuesta784,descripcion784,4/5/2001
propuesta785,descripcion785,4/6/2001
propuesta786,descripcion786,4/7/2001
propuesta787,descripcion787,4/8/2001
propuesta788,descripcion788,4/9/2001
propuesta789,descripcion789,4/10/2001
propuesta790,descripcion790,4/11/2001
propuesta791,descripcion791,4/12/2001
propuesta792,descripcion792,4/13/2001
propuesta793,descripcion793,4/14/2001
propuesta794,descripcion794,4/15/2001
propuesta795,descripcion795,4/16/2001
propuesta796,descripcion796,4/17/2001
propuesta797,descripcion797,4/18/2001
propuesta798,descripcion798,4/19/2001
propuesta799,descripcion799,4/20/2001
propuesta800,descripcion800,4/21/2001
propuesta801,descripcion801,4/22/2001
propuesta802,descripcion802,4/23/2001
propuesta803,descripcion803,4/24/2001
propuesta804,descripcion804,4/25/2001
propuesta805,descripcion805,4/26/2001
propuesta806,descripcion806,4/27/2001
propuesta807,descripcion807,4/28/2001
propuesta808,descripcion808,4/29/2001
propuesta809,descripcion809,4/30/2001
propuesta810,descripcion810,5/1/2001
propuesta811,descripcion811,5/2/2001
propuesta812,descripcion812,5/3/2001
propuesta813,descripcion813,5/4/2001
propuesta814,descripcion814,5/5/2001
propuesta815,descripcion815,5/6/2001
propuesta816,descripcion816,5/7/2001
propuesta817,descripcion817,5/8/2001
propuesta818,descripcion818,5/9/2001
propuesta819,descripcion819,5/10/2001
propuesta820,descripcion820,5/11/2001
propuesta821,descripcion821,5/12/2001
propuesta822,descripcion822,5/13/2001
propuesta823,descripcion823,5/14/2001
propuesta824,descripcion824,5/15/2001
propuesta825,descripcion825,5/16/2001
propuesta826,descripcion826,5/17/2001
propuesta827,descripcion827,5/18/2001
propuesta828,descripcion828,5/19/2001
propuesta829,descripcion829,5/20/2001
propuesta830,descripcion830,5/21/2001
propuesta831,descripcion831,5/22/2001
propuesta832,descripcion832,5/23/2001
propuesta833,descripcion833,5/24/2001
propuesta834,descripcion834,5/25/2001
propuesta835,descripcion835,5/26/2001
propuesta836,descripcion836,5/27/2001
propuesta837,descripcion837,5/28/2001
propuesta838,descripcion838,5/29/2001
propuesta839,descripcion839,5/30/2001
propuesta840,descripcion840,5/31/2001
propuesta841,descripcion841,6/1/2001
propuesta842,descripcion842,6/2/2001
propuesta843,descripcion843,6/3/2001
propuesta844,descripcion844,6/4/2001
propuesta845,descripcion845,6/5/2001
propuesta846,descripcion846,6/6/2001
propuesta847,descripcion847,6/7/2001
propuesta848,descripcion848,6/8/2001
propuesta849,descripcion849,6/9/2001
propuesta850,descripcion850,6/10/2001
propuesta851,descripcion851,6/11/2001
propuesta852,descripcion852,6/12/2001
propuesta853,descripcion853,6/13/2001
propuesta854,descripcion854,6/14/2001
propuesta855,descripcion855,6/15/2001
propuesta856,descripcion856,6/16/2001
propuesta857,descripcion857,6/17/2001
propuesta858,descripcion858,6/18/2001
propuesta859,descripcion859,6/19/2001
propuesta860,descripcion860,6/20/2001
propuesta861,descripcion861,6/21/2001
propuesta862,descripcion862,6/22/2001
propuesta863,descripcion863,6/23/2001
propuesta864,descripcion864,6/24/2001
propuesta865,descripcion865,6/25/2001
propuesta866,descripcion866,6/26/2001
propuesta867,descripcion867,6/27/2001
propuesta868,descripcion868,6/28/2001
propuesta869,descripcion869,6/29/2001
propuesta870,descripcion870,6/30/2001
propuesta871,descripcion871,7/1/2001
propuesta872,descripcion872,7/2/2001
propuesta873,descripcion873,7/3/2001
propuesta874,descripcion874,7/4/2001
propuesta875,descripcion875,7/5/2001
propuesta876,descripcion876,7/6/2001
propuesta877,descripcion877,7/7/2001
propuesta878,descripcion878,7/8/2001
propuesta879,descripcion879,7/9/2001
propuesta880,descripcion880,7/10/2001
propuesta881,descripcion881,7/11/2001
propuesta882,descripcion882,7/12/2001
propuesta883,descripcion883,7/13/2001
propuesta884,descripcion884,7/14/2001
propuesta885,descripcion885,7/15/2001
propuesta886,descripcion886,7/16/2001
propuesta887,descripcion887,7/17/2001
propuesta888,descripcion888,7/18/2001
propuesta889,descripcion889,7/19/2001
propuesta890,descripcion890,7/20/2001
propuesta891,descripcion891,7/21/2001
propuesta892,descripcion892,7/22/2001
propuesta893,descripcion893,7/23/2001
propuesta894,descripcion894,7/24/2001
propuesta895,descripcion895,7/25/2001
propuesta896,descripcion896,7/26/2001
propuesta897,descripcion897,7/27/2001
propuesta898,descripcion898,7/28/2001
propuesta899,descripcion899,7/29/2001
propuesta900,descripcion900,7/30/2001
propuesta901,descripcion901,7/31/2001
propuesta902,descripcion902,8/1/2001
propuesta903,descripcion903,8/2/2001
propuesta904,descripcion904,8/3/2001
propuesta905,descripcion905,8/4/2001
propuesta906,descripcion906,8/5/2001
propuesta907,descripcion907,8/6/2001
propuesta908,descripcion908,8/7/2001
propuesta909,descripcion909,8/8/2001
propuesta910,descripcion910,8/9/2001
propuesta911,descripcion911,8/10/2001
propuesta912,descripcion912,8/11/2001
propuesta913,descripcion913,8/12/2001
propuesta914,descripcion914,8/13/2001
propuesta915,descripcion915,8/14/2001
propuesta916,descripcion916,8/15/2001
propuesta917,descripcion917,8/16/2001
propuesta918,descripcion918,8/17/2001
propuesta919,descripcion919,8/18/2001
propuesta920,descripcion920,8/19/2001
propuesta921,descripcion921,8/20/2001
propuesta922,descripcion922,8/21/2001
propuesta923,descripcion923,8/22/2001
propuesta924,descripcion924,8/23/2001
propuesta925,descripcion925,8/24/2001
propuesta926,descripcion926,8/25/2001
propuesta927,descripcion927,8/26/2001
propuesta928,descripcion928,8/27/2001
propuesta929,descripcion929,8/28/2001
propuesta930,descripcion930,8/29/2001
propuesta931,descripcion931,8/30/2001
propuesta932,descripcion932,8/31/2001
propuesta933,descripcion933,9/1/2001
propuesta934,descripcion934,9/2/2001
propuesta935,descripcion935,9/3/2001
propuesta936,descripcion936,9/4/2001
propuesta937,descripcion937,9/5/2001
propuesta938,descripcion938,9/6/2001
propuesta939,descripcion939,9/7/2001
propuesta940,descripcion940,9/8/2001
propuesta941,descripcion941,9/9/2001
propuesta942,descripcion942,9/10/2001
propuesta943,descripcion943,9/11/2001
propuesta944,descripcion944,9/12/2001
propuesta945,descripcion945,9/13/2001
propuesta946,descripcion946,9/14/2001
propuesta947,descripcion947,9/15/2001
propuesta948,descripcion948,9/16/2001
propuesta949,descripcion949,9/17/2001
propuesta950,descripcion950,9/18/2001
propuesta951,descripcion951,9/19/2001
propuesta952,descripcion952,9/20/2001
propuesta953,descripcion953,9/21/2001
propuesta954,descripcion954,9/22/2001
propuesta955,descripcion955,9/23/2001
propuesta956,descripcion956,9/24/2001
propuesta957,descripcion957,9/25/2001
propuesta958,descripcion958,9/26/2001
propuesta959,descripcion959,9/27/2001
propuesta960,descripcion960,9/28/2001
propuesta961,descripcion961,9/29/2001
propuesta962,descripcion962,9/30/2001
propuesta963,descripcion963,10/1/2001
propuesta964,descripcion964,10/2/2001
propuesta965,descripcion965,10/3/2001
propuesta966,descripcion966,10/4/2001
propuesta967,descripcion967,10/5/2001
propuesta968,descripcion968,10/6/2001
propuesta969,descripcion969,10/7/2001
propuesta970,descripcion970,10/8/2001
propuesta971,descripcion971,10/9/2001
propuesta972,descripcion972,10/10/2001
propuesta973,descripcion973,10/11/2001
propuesta974,descripcion974,10/12/2001
propuesta975,descripcion975,10/13/2001
propuesta976,descripcion976,10/14/2001
propuesta977,descripcion977,10/15/2001
propuesta978,descripcion978,10/16/2001
propuesta979,descripcion979,10/17/2001
propuesta980,descripcion980,10/18/2001
propuesta981,descripcion981,10/19/2001
propuesta982,descripcion982,10/20/2001
propuesta983,descripcion983,10/21/2001
propuesta984,descripcion984,10/22/2001
propuesta985,descripcion985,10/23/2001
propuesta986,descripcion986,10/24/2001
propuesta987,descripcion987,10/25/2001
propuesta988,descripcion988,10/26/2001
propuesta989,descripcion989,10/27/2001
propuesta990,descripcion990,10/28/2001
propuesta991,descripcion991,10/29/2001
propuesta992,descripcion992,10/30/2001
propuesta993,descripcion993,10/31/2001
propuesta994,descripcion994,11/1/2001
propuesta995,descripcion995,11/2/2001
propuesta996,descripcion996,11/3/2001
propuesta997,descripcion997,11/4/2001
propuesta998,descripcion998,11/5/2001
propuesta999,descripcion999,11/6/2001
propuesta1000,descripcion1000,11/7/2001
propuesta1001,descripcion1001,11/8/2001
propuesta1002,descripcion1002,11/9/2001
propuesta1003,descripcion1003,11/10/2001
propuesta1004,descripcion1004,11/11/2001
propuesta1005,descripcion1005,11/12/2001
propuesta1006,descripcion1006,11/13/2001
propuesta1007,descripcion1007,11/14/2001
propuesta1008,descripcion1008,11/15/2001
propuesta1009,descripcion1009,11/16/2001
propuesta1010,descripcion1010,11/17/2001
propuesta1011,descripcion1011,11/18/2001
propuesta1012,descripcion1012,11/19/2001
propuesta1013,descripcion1013,11/20/2001
propuesta1014,descripcion1014,11/21/2001
propuesta1015,descripcion1015,11/22/2001
propuesta1016,descripcion1016,11/23/2001
propuesta1017,descripcion1017,11/24/2001
propuesta1018,descripcion1018,11/25/2001
propuesta1019,descripcion1019,11/26/2001
propuesta1020,descripcion1020,11/27/2001
propuesta1021,descripcion1021,11/28/2001
propuesta1022,descripcion1022,11/29/2001
propuesta1023,descripcion1023,11/30/2001
propuesta1024,descripcion1024,12/1/2001
propuesta1025,descripcion1025,12/2/2001
propuesta1026,descripcion1026,12/3/2001
propuesta1027,descripcion1027,12/4/2001
propuesta1028,descripcion1028,12/5/2001
propuesta1029,descripcion1029,12/6/2001
propuesta1030,descripcion1030,12/7/2001
propuesta1031,descripcion1031,12/8/2001
propuesta1032,descripcion1032,12/9/2001
propuesta1033,descripcion1033,12/10/2001
propuesta1034,descripcion1034,12/11/2001
propuesta1035,descripcion1035,12/12/2001
propuesta1036,descripcion1036,12/13/2001
propuesta1037,descripcion1037,12/14/2001
propuesta1038,descripcion1038,12/15/2001
propuesta1039,descripcion1039,12/16/2001
propuesta1040,descripcion1040,12/17/2001
propuesta1041,descripcion1041,12/18/2001
propuesta1042,descripcion1042,12/19/2001
propuesta1043,descripcion1043,12/20/2001
propuesta1044,descripcion1044,12/21/2001
propuesta1045,descripcion1045,12/22/2001
propuesta1046,descripcion1046,12/23/2001
propuesta1047,descripcion1047,12/24/2001
propuesta1048,descripcion1048,12/25/2001
propuesta1049,descripcion1049,12/26/2001
propuesta1050,descripcion1050,12/27/2001
propuesta1051,descripcion1051,12/28/2001
propuesta1052,descripcion1052,12/29/2001
propuesta1053,descripcion1053,12/30/2001
propuesta1054,descripcion1054,12/31/2001
propuesta1055,descripcion1055,1/1/2002
propuesta1056,descripcion1056,1/2/2002
propuesta1057,descripcion1057,1/3/2002
propuesta1058,descripcion1058,1/4/2002
propuesta1059,descripcion1059,1/5/2002
propuesta1060,descripcion1060,1/6/2002
propuesta1061,descripcion1061,1/7/2002
propuesta1062,descripcion1062,1/8/2002
propuesta1063,descripcion1063,1/9/2002
propuesta1064,descripcion1064,1/10/2002
propuesta1065,descripcion1065,1/11/2002
propuesta1066,descripcion1066,1/12/2002
propuesta1067,descripcion1067,1/13/2002
propuesta1068,descripcion1068,1/14/2002
propuesta1069,descripcion1069,1/15/2002
propuesta1070,descripcion1070,1/16/2002
propuesta1071,descripcion1071,1/17/2002
propuesta1072,descripcion1072,1/18/2002
propuesta1073,descripcion1073,1/19/2002
propuesta1074,descripcion1074,1/20/2002
propuesta1075,descripcion1075,1/21/2002
propuesta1076,descripcion1076,1/22/2002
propuesta1077,descripcion1077,1/23/2002
propuesta1078,descripcion1078,1/24/2002
propuesta1079,descripcion1079,1/25/2002
propuesta1080,descripcion1080,1/26/2002
propuesta1081,descripcion1081,1/27/2002
propuesta1082,descripcion1082,1/28/2002
propuesta1083,descripcion1083,1/29/2002
propuesta1084,descripcion1084,1/30/2002
propuesta1085,descripcion1085,1/31/2002
propuesta1086,descripcion1086,2/1/2002
propuesta1087,descripcion1087,2/2/2002
propuesta1088,descripcion1088,2/3/2002
propuesta1089,descripcion1089,2/4/2002
propuesta1090,descripcion1090,2/5/2002
propuesta1091,descripcion1091,2/6/2002
propuesta1092,descripcion1092,2/7/2002
propuesta1093,descripcion1093,2/8/2002
propuesta1094,descripcion1094,2/9/2002
propuesta1095,descripcion1095,2/10/2002
propuesta1096,descripcion1096,2/11/2002
propuesta1097,descripcion1097,2/12/2002
propuesta1098,descripcion1098,2/13/2002
propuesta1099,descripcion1099,2/14/2002
propuesta1100,descripcion1100,2/15/2002
propuesta1101,descripcion1101,2/16/2002
propuesta1102,descripcion1102,2/17/2002
propuesta1103,descripcion1103,2/18/2002
propuesta1104,descripcion1104,2/19/2002
propuesta1105,descripcion1105,2/20/2002
propuesta1106,descripcion1106,2/21/2002
propuesta1107,descripcion1107,2/22/2002
propuesta1108,descripcion1108,2/23/2002
propuesta1109,descripcion1109,2/24/2002
propuesta1110,descripcion1110,2/25/2002
propuesta1111,descripcion1111,2/26/2002
propuesta1112,descripcion1112,2/27/2002
propuesta1113,descripcion1113,2/28/2002
propuesta1114,descripcion1114,3/1/2002
propuesta1115,descripcion1115,3/2/2002
propuesta1116,descripcion1116,3/3/2002
propuesta1117,descripcion1117,3/4/2002
propuesta1118,descripcion1118,3/5/2002
propuesta1119,descripcion1119,3/6/2002
propuesta1120,descripcion1120,3/7/2002
propuesta1121,descripcion1121,3/8/2002
propuesta1122,descripcion1122,3/9/2002
propuesta1123,descripcion1123,3/10/2002
propuesta1124,descripcion1124,3/11/2002
propuesta1125,descripcion1125,3/12/2002
propuesta1126,descripcion1126,3/13/2002
propuesta1127,descripcion1127,3/14/2002
propuesta1128,descripcion1128,3/15/2002
propuesta1129,descripcion1129,3/16/2002
propuesta1130,descripcion1130,3/17/2002
propuesta1131,descripcion1131,3/18/2002
propuesta1132,descripcion1132,3/19/2002
propuesta1133,descripcion1133,3/20/2002
propuesta1134,descripcion1134,3/21/2002
propuesta1135,descripcion1135,3/22/2002
propuesta1136,descripcion1136,3/23/2002
propuesta1137,descripcion1137,3/24/2002
propuesta1138,descripcion1138,3/25/2002
propuesta1139,descripcion1139,3/26/2002
propuesta1140,descripcion1140,3/27/2002
propuesta1141,descripcion1141,3/28/2002
propuesta1142,descripcion1142,3/29/2002
propuesta1143,descripcion1143,3/30/2002
propuesta1144,descripcion1144,3/31/2002
propuesta1145,descripcion1145,4/1/2002
propuesta1146,descripcion1146,4/2/2002
propuesta1147,descripcion1147,4/3/2002
propuesta1148,descripcion1148,4/4/2002
propuesta1149,descripcion1149,4/5/2002
propuesta1150,descripcion1150,4/6/2002
propuesta1151,descripcion1151,4/7/2002
propuesta1152,descripcion1152,4/8/2002
propuesta1153,descripcion1153,4/9/2002
propuesta1154,descripcion1154,4/10/2002
propuesta1155,descripcion1155,4/11/2002
propuesta1156,descripcion1156,4/12/2002
propuesta1157,descripcion1157,4/13/2002
propuesta1158,descripcion1158,4/14/2002
propuesta1159,descripcion1159,4/15/2002
propuesta1160,descripcion1160,4/16/2002
propuesta1161,descripcion1161,4/17/2002
propuesta1162,descripcion1162,4/18/2002
propuesta1163,descripcion1163,4/19/2002
propuesta1164,descripcion1164,4/20/2002
propuesta1165,descripcion1165,4/21/2002
propuesta1166,descripcion1166,4/22/2002
propuesta1167,descripcion1167,4/23/2002
propuesta1168,descripcion1168,4/24/2002
propuesta1169,descripcion1169,4/25/2002
propuesta1170,descripcion1170,4/26/2002
propuesta1171,descripcion1171,4/27/2002
propuesta1172,descripcion1172,4/28/2002
propuesta1173,descripcion1173,4/29/2002
propuesta1174,descripcion1174,4/30/2002
propuesta1175,descripcion1175,5/1/2002
propuesta1176,descripcion1176,5/2/2002
propuesta1177,descripcion1177,5/3/2002
propuesta1178,descripcion1178,5/4/2002
propuesta1179,descripcion1179,5/5/2002
propuesta1180,descripcion1180,5/6/2002
propuesta1181,descripcion1181,5/7/2002
propuesta1182,descripcion1182,5/8/2002
propuesta1183,descripcion1183,5/9/2002
propuesta1184,descripcion1184,5/10/2002
propuesta1185,descripcion1185,5/11/2002
propuesta1186,descripcion1186,5/12/2002
propuesta1187,descripcion1187,5/13/2002
propuesta1188,descripcion1188,5/14/2002
propuesta1189,descripcion1189,5/15/2002
propuesta1190,descripcion1190,5/16/2002
propuesta1191,descripcion1191,5/17/2002
propuesta1192,descripcion1192,5/18/2002
propuesta1193,descripcion1193,5/19/2002
propuesta1194,descripcion1194,5/20/2002
propuesta1195,descripcion1195,5/21/2002
propuesta1196,descripcion1196,5/22/2002
propuesta1197,descripcion1197,5/23/2002
propuesta1198,descripcion1198,5/24/2002
propuesta1199,descripcion1199,5/25/2002
propuesta1200,descripcion1200,5/26/2002
propuesta1201,descripcion1201,5/27/2002
propuesta1202,descripcion1202,5/28/2002
propuesta1203,descripcion1203,5/29/2002
propuesta1204,descripcion1204,5/30/2002
propuesta1205,descripcion1205,5/31/2002
propuesta1206,descripcion1206,6/1/2002
propuesta1207,descripcion1207,6/2/2002
propuesta1208,descripcion1208,6/3/2002
propuesta1209,descripcion1209,6/4/2002
propuesta1210,descripcion1210,6/5/2002
propuesta1211,descripcion1211,6/6/2002
propuesta1212,descripcion1212,6/7/2002
propuesta1213,descripcion1213,6/8/2002
propuesta1214,descripcion1214,6/9/2002
propuesta1215,descripcion1215,6/10/2002
propuesta1216,descripcion1216,6/11/2002
propuesta1217,descripcion1217,6/12/2002
propuesta1218,descripcion1218,6/13/2002
propuesta1219,descripcion1219,6/14/2002
propuesta1220,descripcion1220,6/15/2002
propuesta1221,descripcion1221,6/16/2002
propuesta1222,descripcion1222,6/17/2002
propuesta1223,descripcion1223,6/18/2002
propuesta1224,descripcion1224,6/19/2002
propuesta1225,descripcion1225,6/20/2002
propuesta1226,descripcion1226,6/21/2002
propuesta1227,descripcion1227,6/22/2002
propuesta1228,descripcion1228,6/23/2002
propuesta1229,descripcion1229,6/24/2002
propuesta1230,descripcion1230,6/25/2002
propuesta1231,descripcion1231,6/26/2002
propuesta1232,descripcion1232,6/27/2002
propuesta1233,descripcion1233,6/28/2002
propuesta1234,descripcion1234,6/29/2002
propuesta1235,descripcion1235,6/30/2002
propuesta1236,descripcion1236,7/1/2002
propuesta1237,descripcion1237,7/2/2002
propuesta1238,descripcion1238,7/3/2002
propuesta1239,descripcion1239,7/4/2002
propuesta1240,descripcion1240,7/5/2002
propuesta1241,descripcion1241,7/6/2002
propuesta1242,descripcion1242,7/7/2002
propuesta1243,descripcion1243,7/8/2002
propuesta1244,descripcion1244,7/9/2002
propuesta1245,descripcion1245,7/10/2002
propuesta1246,descripcion1246,7/11/2002
propuesta1247,descripcion1247,7/12/2002
propuesta1248,descripcion1248,7/13/2002
propuesta1249,descripcion1249,7/14/2002
propuesta1250,descripcion1250,7/15/2002
propuesta1251,descripcion1251,7/16/2002
propuesta1252,descripcion1252,7/17/2002
propuesta1253,descripcion1253,7/18/2002
propuesta1254,descripcion1254,7/19/2002
propuesta1255,descripcion1255,7/20/2002
propuesta1256,descripcion1256,7/21/2002
propuesta1257,descripcion1257,7/22/2002
propuesta1258,descripcion1258,7/23/2002
propuesta1259,descripcion1259,7/24/2002
propuesta1260,descripcion1260,7/25/2002
propuesta1261,descripcion1261,7/26/2002
propuesta1262,descripcion1262,7/27/2002
propuesta1263,descripcion1263,7/28/2002
propuesta1264,descripcion1264,7/29/2002
propuesta1265,descripcion1265,7/30/2002
propuesta1266,descripcion1266,7/31/2002
propuesta1267,descripcion1267,8/1/2002
propuesta1268,descripcion1268,8/2/2002
propuesta1269,descripcion1269,8/3/2002
propuesta1270,descripcion1270,8/4/2002
propuesta1271,descripcion1271,8/5/2002
propuesta1272,descripcion1272,8/6/2002
propuesta1273,descripcion1273,8/7/2002
propuesta1274,descripcion1274,8/8/2002
propuesta1275,descripcion1275,8/9/2002
propuesta1276,descripcion1276,8/10/2002
propuesta1277,descripcion1277,8/11/2002
propuesta1278,descripcion1278,8/12/2002
propuesta1279,descripcion1279,8/13/2002
propuesta1280,descripcion1280,8/14/2002
propuesta1281,descripcion1281,8/15/2002
propuesta1282,descripcion1282,8/16/2002
propuesta1283,descripcion1283,8/17/2002
propuesta1284,descripcion1284,8/18/2002
propuesta1285,descripcion1285,8/19/2002
propuesta1286,descripcion1286,8/20/2002
propuesta1287,descripcion1287,8/21/2002
propuesta1288,descripcion1288,8/22/2002
propuesta1289,descripcion1289,8/23/2002
propuesta1290,descripcion1290,8/24/2002
propuesta1291,descripcion1291,8/25/2002
propuesta1292,descripcion1292,8/26/2002
propuesta1293,descripcion1293,8/27/2002
propuesta1294,descripcion1294,8/28/2002
propuesta1295,descripcion1295,8/29/2002
propuesta1296,descripcion1296,8/30/2002
propuesta1297,descripcion1297,8/31/2002
propuesta1298,descripcion1298,9/1/2002
propuesta1299,descripcion1299,9/2/2002
propuesta1300,descripcion1300,9/3/2002
propuesta1301,descripcion1301,9/4/2002
propuesta1302,descripcion1302,9/5/2002
propuesta1303,descripcion1303,9/6/2002
propuesta1304,descripcion1304,9/7/2002
propuesta1305,descripcion1305,9/8/2002
propuesta1306,descripcion1306,9/9/2002
propuesta1307,descripcion1307,9/10/2002
propuesta1308,descripcion1308,9/11/2002
propuesta1309,descripcion1309,9/12/2002
propuesta1310,descripcion1310,9/13/2002
propuesta1311,descripcion1311,9/14/2002
propuesta1312,descripcion1312,9/15/2002
propuesta1313,descripcion1313,9/16/2002
propuesta1314,descripcion1314,9/17/2002
propuesta1315,descripcion1315,9/18/2002
propuesta1316,descripcion1316,9/19/2002
propuesta1317,descripcion1317,9/20/2002
propuesta1318,descripcion1318,9/21/2002
propuesta1319,descripcion1319,9/22/2002
propuesta1320,descripcion1320,9/23/2002
propuesta1321,descripcion1321,9/24/2002
propuesta1322,descripcion1322,9/25/2002
propuesta1323,descripcion1323,9/26/2002
propuesta1324,descripcion1324,9/27/2002
propuesta1325,descripcion1325,9/28/2002
propuesta1326,descripcion1326,9/29/2002
propuesta1327,descripcion1327,9/30/2002
propuesta1328,descripcion1328,10/1/2002
propuesta1329,descripcion1329,10/2/2002
propuesta1330,descripcion1330,10/3/2002
propuesta1331,descripcion1331,10/4/2002
propuesta1332,descripcion1332,10/5/2002
propuesta1333,descripcion1333,10/6/2002
propuesta1334,descripcion1334,10/7/2002
propuesta1335,descripcion1335,10/8/2002
propuesta1336,descripcion1336,10/9/2002
propuesta1337,descripcion1337,10/10/2002
propuesta1338,descripcion1338,10/11/2002
propuesta1339,descripcion1339,10/12/2002
propuesta1340,descripcion1340,10/13/2002
propuesta1341,descripcion1341,10/14/2002
propuesta1342,descripcion1342,10/15/2002
propuesta1343,descripcion1343,10/16/2002
propuesta1344,descripcion1344,10/17/2002
propuesta1345,descripcion1345,10/18/2002
propuesta1346,descripcion1346,10/19/2002
propuesta1347,descripcion1347,10/20/2002
propuesta1348,descripcion1348,10/21/2002
propuesta1349,descripcion1349,10/22/2002
propuesta1350,descripcion1350,10/23/2002
propuesta1351,descripcion1351,10/24/2002
propuesta1352,descripcion1352,10/25/2002
propuesta1353,descripcion1353,10/26/2002
propuesta1354,descripcion1354,10/27/2002
propuesta1355,descripcion1355,10/28/2002
propuesta1356,descripcion1356,10/29/2002
propuesta1357,descripcion1357,10/30/2002
propuesta1358,descripcion1358,10/31/2002
propuesta1359,descripcion1359,11/1/2002
propuesta1360,descripcion1360,11/2/2002
propuesta1361,descripcion1361,11/3/2002
propuesta1362,descripcion1362,11/4/2002
propuesta1363,descripcion1363,11/5/2002
propuesta1364,descripcion1364,11/6/2002
propuesta1365,descripcion1365,11/7/2002
propuesta1366,descripcion1366,11/8/2002
propuesta1367,descripcion1367,11/9/2002
propuesta1368,descripcion1368,11/10/2002
propuesta1369,descripcion1369,11/11/2002
propuesta1370,descripcion1370,11/12/2002
propuesta1371,descripcion1371,11/13/2002
propuesta1372,descripcion1372,11/14/2002
propuesta1373,descripcion1373,11/15/2002
propuesta1374,descripcion1374,11/16/2002
propuesta1375,descripcion1375,11/17/2002
propuesta1376,descripcion1376,11/18/2002
propuesta1377,descripcion1377,11/19/2002
propuesta1378,descripcion1378,11/20/2002
propuesta1379,descripcion1379,11/21/2002
propuesta1380,descripcion1380,11/22/2002
propuesta1381,descripcion1381,11/23/2002
propuesta1382,descripcion1382,11/24/2002
propuesta1383,descripcion1383,11/25/2002
propuesta1384,descripcion1384,11/26/2002
propuesta1385,descripcion1385,11/27/2002
propuesta1386,descripcion1386,11/28/2002
propuesta1387,descripcion1387,11/29/2002
propuesta1388,descripcion1388,11/30/2002
propuesta1389,descripcion1389,12/1/2002
propuesta1390,descripcion1390,12/2/2002
propuesta1391,descripcion1391,12/3/2002
propuesta1392,descripcion1392,12/4/2002
propuesta1393,descripcion1393,12/5/2002
propuesta1394,descripcion1394,12/6/2002
propuesta1395,descripcion1395,12/7/2002
propuesta1396,descripcion1396,12/8/2002
propuesta1397,descripcion1397,12/9/2002
propuesta1398,descripcion1398,12/10/2002
propuesta1399,descripcion1399,12/11/2002
propuesta1400,descripcion1400,12/12/2002
propuesta1401,descripcion1401,12/13/2002
propuesta1402,descripcion1402,12/14/2002
propuesta1403,descripcion1403,12/15/2002
propuesta1404,descripcion1404,12/16/2002
propuesta1405,descripcion1405,12/17/2002
propuesta1406,descripcion1406,12/18/2002
propuesta1407,descripcion1407,12/19/2002
propuesta1408,descripcion1408,12/20/2002
propuesta1409,descripcion1409,12/21/2002
propuesta1410,descripcion1410,12/22/2002
propuesta1411,descripcion1411,12/23/2002
propuesta1412,descripcion1412,12/24/2002
propuesta1413,descripcion1413,12/25/2002
propuesta1414,descripcion1414,12/26/2002
propuesta1415,descripcion1415,12/27/2002
propuesta1416,descripcion1416,12/28/2002
propuesta1417,descripcion1417,12/29/2002
propuesta1418,descripcion1418,12/30/2002
propuesta1419,descripcion1419,12/31/2002
propuesta1420,descripcion1420,1/1/2003
propuesta1421,descripcion1421,1/2/2003
propuesta1422,descripcion1422,1/3/2003
propuesta1423,descripcion1423,1/4/2003
propuesta1424,descripcion1424,1/5/2003
propuesta1425,descripcion1425,1/6/2003
propuesta1426,descripcion1426,1/7/2003
propuesta1427,descripcion1427,1/8/2003
propuesta1428,descripcion1428,1/9/2003
propuesta1429,descripcion1429,1/10/2003
propuesta1430,descripcion1430,1/11/2003
propuesta1431,descripcion1431,1/12/2003
propuesta1432,descripcion1432,1/13/2003
propuesta1433,descripcion1433,1/14/2003
propuesta1434,descripcion1434,1/15/2003
propuesta1435,descripcion1435,1/16/2003
propuesta1436,descripcion1436,1/17/2003
propuesta1437,descripcion1437,1/18/2003
propuesta1438,descripcion1438,1/19/2003
propuesta1439,descripcion1439,1/20/2003
propuesta1440,descripcion1440,1/21/2003
propuesta1441,descripcion1441,1/22/2003
propuesta1442,descripcion1442,1/23/2003
propuesta1443,descripcion1443,1/24/2003
propuesta1444,descripcion1444,1/25/2003
propuesta1445,descripcion1445,1/26/2003
propuesta1446,descripcion1446,1/27/2003
propuesta1447,descripcion1447,1/28/2003
propuesta1448,descripcion1448,1/29/2003
propuesta1449,descripcion1449,1/30/2003
propuesta1450,descripcion1450,1/31/2003
propuesta1451,descripcion1451,2/1/2003
propuesta1452,descripcion1452,2/2/2003
propuesta1453,descripcion1453,2/3/2003
propuesta1454,descripcion1454,2/4/2003
propuesta1455,descripcion1455,2/5/2003
propuesta1456,descripcion1456,2/6/2003
propuesta1457,descripcion1457,2/7/2003
propuesta1458,descripcion1458,2/8/2003
propuesta1459,descripcion1459,2/9/2003
propuesta1460,descripcion1460,2/10/2003
propuesta1461,descripcion1461,2/11/2003
propuesta1462,descripcion1462,2/12/2003
propuesta1463,descripcion1463,2/13/2003
propuesta1464,descripcion1464,2/14/2003
propuesta1465,descripcion1465,2/15/2003
propuesta1466,descripcion1466,2/16/2003
propuesta1467,descripcion1467,2/17/2003
propuesta1468,descripcion1468,2/18/2003
propuesta1469,descripcion1469,2/19/2003
propuesta1470,descripcion1470,2/20/2003
propuesta1471,descripcion1471,2/21/2003
propuesta1472,descripcion1472,2/22/2003
propuesta1473,descripcion1473,2/23/2003
propuesta1474,descripcion1474,2/24/2003
propuesta1475,descripcion1475,2/25/2003
propuesta1476,descripcion1476,2/26/2003
propuesta1477,descripcion1477,2/27/2003
propuesta1478,descripcion1478,2/28/2003
propuesta1479,descripcion1479,3/1/2003
propuesta1480,descripcion1480,3/2/2003
propuesta1481,descripcion1481,3/3/2003
propuesta1482,descripcion1482,3/4/2003
propuesta1483,descripcion1483,3/5/2003
propuesta1484,descripcion1484,3/6/2003
propuesta1485,descripcion1485,3/7/2003
propuesta1486,descripcion1486,3/8/2003
propuesta1487,descripcion1487,3/9/2003
propuesta1488,descripcion1488,3/10/2003
propuesta1489,descripcion1489,3/11/2003
propuesta1490,descripcion1490,3/12/2003
propuesta1491,descripcion1491,3/13/2003
propuesta1492,descripcion1492,3/14/2003
propuesta1493,descripcion1493,3/15/2003
propuesta1494,descripcion1494,3/16/2003
propuesta1495,descripcion1495,3/17/2003
propuesta1496,descripcion1496,3/18/2003
propuesta1497,descripcion1497,3/19/2003
propuesta1498,descripcion1498,3/20/2003
propuesta1499,descripcion1499,3/21/2003
propuesta1500,descripcion1500,3/22/2003
propuesta1501,descripcion1501,3/23/2003
propuesta1502,descripcion1502,3/24/2003
propuesta1503,descripcion1503,3/25/2003
propuesta1504,descripcion1504,3/26/2003
propuesta1505,descripcion1505,3/27/2003
propuesta1506,descripcion1506,3/28/2003
propuesta1507,descripcion1507,3/29/2003
propuesta1508,descripcion1508,3/30/2003
propuesta1509,descripcion1509,3/31/2003
propuesta1510,descripcion1510,4/1/2003
propuesta1511,descripcion1511,4/2/2003
propuesta1512,descripcion1512,4/3/2003
propuesta1513,descripcion1513,4/4/2003
propuesta1514,descripcion1514,4/5/2003
propuesta1515,descripcion1515,4/6/2003
propuesta1516,descripcion1516,4/7/2003
propuesta1517,descripcion1517,4/8/2003
propuesta1518,descripcion1518,4/9/2003
propuesta1519,descripcion1519,4/10/2003
propuesta1520,descripcion1520,4/11/2003
propuesta1521,descripcion1521,4/12/2003
propuesta1522,descripcion1522,4/13/2003
propuesta1523,descripcion1523,4/14/2003
propuesta1524,descripcion1524,4/15/2003
propuesta1525,descripcion1525,4/16/2003
propuesta1526,descripcion1526,4/17/2003
propuesta1527,descripcion1527,4/18/2003
propuesta1528,descripcion1528,4/19/2003
propuesta1529,descripcion1529,4/20/2003
propuesta1530,descripcion1530,4/21/2003
propuesta1531,descripcion1531,4/22/2003
propuesta1532,descripcion1532,4/23/2003
propuesta1533,descripcion1533,4/24/2003
propuesta1534,descripcion1534,4/25/2003
propuesta1535,descripcion1535,4/26/2003
propuesta1536,descripcion1536,4/27/2003
propuesta1537,descripcion1537,4/28/2003
propuesta1538,descripcion1538,4/29/2003
propuesta1539,descripcion1539,4/30/2003
propuesta1540,descripcion1540,5/1/2003
propuesta1541,descripcion1541,5/2/2003
propuesta1542,descripcion1542,5/3/2003
propuesta1543,descripcion1543,5/4/2003
propuesta1544,descripcion1544,5/5/2003
propuesta1545,descripcion1545,5/6/2003
propuesta1546,descripcion1546,5/7/2003
propuesta1547,descripcion1547,5/8/2003
propuesta1548,descripcion1548,5/9/2003
propuesta1549,descripcion1549,5/10/2003
propuesta1550,descripcion1550,5/11/2003
propuesta1551,descripcion1551,5/12/2003
propuesta1552,descripcion1552,5/13/2003
propuesta1553,descripcion1553,5/14/2003
propuesta1554,descripcion1554,5/15/2003
propuesta1555,descripcion1555,5/16/2003
propuesta1556,descripcion1556,5/17/2003
propuesta1557,descripcion1557,5/18/2003
propuesta1558,descripcion1558,5/19/2003
propuesta1559,descripcion1559,5/20/2003
propuesta1560,descripcion1560,5/21/2003
propuesta1561,descripcion1561,5/22/2003
propuesta1562,descripcion1562,5/23/2003
propuesta1563,descripcion1563,5/24/2003
propuesta1564,descripcion1564,5/25/2003
propuesta1565,descripcion1565,5/26/2003
propuesta1566,descripcion1566,5/27/2003
propuesta1567,descripcion1567,5/28/2003
propuesta1568,descripcion1568,5/29/2003
propuesta1569,descripcion1569,5/30/2003
propuesta1570,descripcion1570,5/31/2003
propuesta1571,descripcion1571,6/1/2003
propuesta1572,descripcion1572,6/2/2003
propuesta1573,descripcion1573,6/3/2003
propuesta1574,descripcion1574,6/4/2003
propuesta1575,descripcion1575,6/5/2003
propuesta1576,descripcion1576,6/6/2003
propuesta1577,descripcion1577,6/7/2003
propuesta1578,descripcion1578,6/8/2003
propuesta1579,descripcion1579,6/9/2003
propuesta1580,descripcion1580,6/10/2003
propuesta1581,descripcion1581,6/11/2003
propuesta1582,descripcion1582,6/12/2003
propuesta1583,descripcion1583,6/13/2003
propuesta1584,descripcion1584,6/14/2003
propuesta1585,descripcion1585,6/15/2003
propuesta1586,descripcion1586,6/16/2003
propuesta1587,descripcion1587,6/17/2003
propuesta1588,descripcion1588,6/18/2003
propuesta1589,descripcion1589,6/19/2003
propuesta1590,descripcion1590,6/20/2003
propuesta1591,descripcion1591,6/21/2003
propuesta1592,descripcion1592,6/22/2003
propuesta1593,descripcion1593,6/23/2003
propuesta1594,descripcion1594,6/24/2003
propuesta1595,descripcion1595,6/25/2003
propuesta1596,descripcion1596,6/26/2003
propuesta1597,descripcion1597,6/27/2003
propuesta1598,descripcion1598,6/28/2003
propuesta1599,descripcion1599,6/29/2003
propuesta1600,descripcion1600,6/30/2003
propuesta1601,descripcion1601,7/1/2003
propuesta1602,descripcion1602,7/2/2003
propuesta1603,descripcion1603,7/3/2003
propuesta1604,descripcion1604,7/4/2003
propuesta1605,descripcion1605,7/5/2003
propuesta1606,descripcion1606,7/6/2003
propuesta1607,descripcion1607,7/7/2003
propuesta1608,descripcion1608,7/8/2003
propuesta1609,descripcion1609,7/9/2003
propuesta1610,descripcion1610,7/10/2003
propuesta1611,descripcion1611,7/11/2003
propuesta1612,descripcion1612,7/12/2003
propuesta1613,descripcion1613,7/13/2003
propuesta1614,descripcion1614,7/14/2003
propuesta1615,descripcion1615,7/15/2003
propuesta1616,descripcion1616,7/16/2003
propuesta1617,descripcion1617,7/17/2003
propuesta1618,descripcion1618,7/18/2003
propuesta1619,descripcion1619,7/19/2003
propuesta1620,descripcion1620,7/20/2003
propuesta1621,descripcion1621,7/21/2003
propuesta1622,descripcion1622,7/22/2003
propuesta1623,descripcion1623,7/23/2003
propuesta1624,descripcion1624,7/24/2003
propuesta1625,descripcion1625,7/25/2003
propuesta1626,descripcion1626,7/26/2003
propuesta1627,descripcion1627,7/27/2003
propuesta1628,descripcion1628,7/28/2003
propuesta1629,descripcion1629,7/29/2003
propuesta1630,descripcion1630,7/30/2003
propuesta1631,descripcion1631,7/31/2003
propuesta1632,descripcion1632,8/1/2003
propuesta1633,descripcion1633,8/2/2003
propuesta1634,descripcion1634,8/3/2003
propuesta1635,descripcion1635,8/4/2003
propuesta1636,descripcion1636,8/5/2003
propuesta1637,descripcion1637,8/6/2003
propuesta1638,descripcion1638,8/7/2003
propuesta1639,descripcion1639,8/8/2003
propuesta1640,descripcion1640,8/9/2003
propuesta1641,descripcion1641,8/10/2003
propuesta1642,descripcion1642,8/11/2003
propuesta1643,descripcion1643,8/12/2003
propuesta1644,descripcion1644,8/13/2003
propuesta1645,descripcion1645,8/14/2003
propuesta1646,descripcion1646,8/15/2003
propuesta1647,descripcion1647,8/16/2003
propuesta1648,descripcion1648,8/17/2003
propuesta1649,descripcion1649,8/18/2003
propuesta1650,descripcion1650,8/19/2003
propuesta1651,descripcion1651,8/20/2003
propuesta1652,descripcion1652,8/21/2003
propuesta1653,descripcion1653,8/22/2003
propuesta1654,descripcion1654,8/23/2003
propuesta1655,descripcion1655,8/24/2003
propuesta1656,descripcion1656,8/25/2003
propuesta1657,descripcion1657,8/26/2003
propuesta1658,descripcion1658,8/27/2003
propuesta1659,descripcion1659,8/28/2003
propuesta1660,descripcion1660,8/29/2003
propuesta1661,descripcion1661,8/30/2003
propuesta1662,descripcion1662,8/31/2003
propuesta1663,descripcion1663,9/1/2003
propuesta1664,descripcion1664,9/2/2003
propuesta1665,descripcion1665,9/3/2003
propuesta1666,descripcion1666,9/4/2003
propuesta1667,descripcion1667,9/5/2003
propuesta1668,descripcion1668,9/6/2003
propuesta1669,descripcion1669,9/7/2003
propuesta1670,descripcion1670,9/8/2003
propuesta1671,descripcion1671,9/9/2003
propuesta1672,descripcion1672,9/10/2003
propuesta1673,descripcion1673,9/11/2003
propuesta1674,descripcion1674,9/12/2003
propuesta1675,descripcion1675,9/13/2003
propuesta1676,descripcion1676,9/14/2003
propuesta1677,descripcion1677,9/15/2003
propuesta1678,descripcion1678,9/16/2003
propuesta1679,descripcion1679,9/17/2003
propuesta1680,descripcion1680,9/18/2003
propuesta1681,descripcion1681,9/19/2003
propuesta1682,descripcion1682,9/20/2003
propuesta1683,descripcion1683,9/21/2003
propuesta1684,descripcion1684,9/22/2003
propuesta1685,descripcion1685,9/23/2003
propuesta1686,descripcion1686,9/24/2003
propuesta1687,descripcion1687,9/25/2003
propuesta1688,descripcion1688,9/26/2003
propuesta1689,descripcion1689,9/27/2003
propuesta1690,descripcion1690,9/28/2003
propuesta1691,descripcion1691,9/29/2003
propuesta1692,descripcion1692,9/30/2003
propuesta1693,descripcion1693,10/1/2003
propuesta1694,descripcion1694,10/2/2003
propuesta1695,descripcion1695,10/3/2003
propuesta1696,descripcion1696,10/4/2003
propuesta1697,descripcion1697,10/5/2003
propuesta1698,descripcion1698,10/6/2003
propuesta1699,descripcion1699,10/7/2003
propuesta1700,descripcion1700,10/8/2003
propuesta1701,descripcion1701,10/9/2003
propuesta1702,descripcion1702,10/10/2003
propuesta1703,descripcion1703,10/11/2003
propuesta1704,descripcion1704,10/12/2003
propuesta1705,descripcion1705,10/13/2003
propuesta1706,descripcion1706,10/14/2003
propuesta1707,descripcion1707,10/15/2003
propuesta1708,descripcion1708,10/16/2003
propuesta1709,descripcion1709,10/17/2003
propuesta1710,descripcion1710,10/18/2003
propuesta1711,descripcion1711,10/19/2003
propuesta1712,descripcion1712,10/20/2003
propuesta1713,descripcion1713,10/21/2003
propuesta1714,descripcion1714,10/22/2003
propuesta1715,descripcion1715,10/23/2003
propuesta1716,descripcion1716,10/24/2003
propuesta1717,descripcion1717,10/25/2003
propuesta1718,descripcion1718,10/26/2003
propuesta1719,descripcion1719,10/27/2003
propuesta1720,descripcion1720,10/28/2003
propuesta1721,descripcion1721,10/29/2003
propuesta1722,descripcion1722,10/30/2003
propuesta1723,descripcion1723,10/31/2003
propuesta1724,descripcion1724,11/1/2003
propuesta1725,descripcion1725,11/2/2003
propuesta1726,descripcion1726,11/3/2003
propuesta1727,descripcion1727,11/4/2003
propuesta1728,descripcion1728,11/5/2003
propuesta1729,descripcion1729,11/6/2003
propuesta1730,descripcion1730,11/7/2003
propuesta1731,descripcion1731,11/8/2003
propuesta1732,descripcion1732,11/9/2003
propuesta1733,descripcion1733,11/10/2003
propuesta1734,descripcion1734,11/11/2003
propuesta1735,descripcion1735,11/12/2003
propuesta1736,descripcion1736,11/13/2003
propuesta1737,descripcion1737,11/14/2003
propuesta1738,descripcion1738,11/15/2003
propuesta1739,descripcion1739,11/16/2003
propuesta1740,descripcion1740,11/17/2003
propuesta1741,descripcion1741,11/18/2003
propuesta1742,descripcion1742,11/19/2003
propuesta1743,descripcion1743,11/20/2003
propuesta1744,descripcion1744,11/21/2003
propuesta1745,descripcion1745,11/22/2003
propuesta1746,descripcion1746,11/23/2003
propuesta1747,descripcion1747,11/24/2003
propuesta1748,descripcion1748,11/25/2003
propuesta1749,descripcion1749,11/26/2003
propuesta1750,descripcion1750,11/27/2003
propuesta1751,descripcion1751,11/28/2003
propuesta1752,descripcion1752,11/29/2003
propuesta1753,descripcion1753,11/30/2003
propuesta1754,descripcion1754,12/1/2003
propuesta1755,descripcion1755,12/2/2003
propuesta1756,descripcion1756,12/3/2003
propuesta1757,descripcion1757,12/4/2003
propuesta1758,descripcion1758,12/5/2003
propuesta1759,descripcion1759,12/6/2003
propuesta1760,descripcion1760,12/7/2003
propuesta1761,descripcion1761,12/8/2003
propuesta1762,descripcion1762,12/9/2003
propuesta1763,descripcion1763,12/10/2003
propuesta1764,descripcion1764,12/11/2003
propuesta1765,descripcion1765,12/12/2003
propuesta1766,descripcion1766,12/13/2003
propuesta1767,descripcion1767,12/14/2003
propuesta1768,descripcion1768,12/15/2003
propuesta1769,descripcion1769,12/16/2003
propuesta1770,descripcion1770,12/17/2003
propuesta1771,descripcion1771,12/18/2003
propuesta1772,descripcion1772,12/19/2003
propuesta1773,descripcion1773,12/20/2003
propuesta1774,descripcion1774,12/21/2003
propuesta1775,descripcion1775,12/22/2003
propuesta1776,descripcion1776,12/23/2003
propuesta1777,descripcion1777,12/24/2003
propuesta1778,descripcion1778,12/25/2003
propuesta1779,descripcion1779,12/26/2003
propuesta1780,descripcion1780,12/27/2003
propuesta1781,descripcion1781,12/28/2003
propuesta1782,descripcion1782,12/29/2003
propuesta1783,descripcion1783,12/30/2003
propuesta1784,descripcion1784,12/31/2003
propuesta1785,descripcion1785,1/1/2004
propuesta1786,descripcion1786,1/2/2004
propuesta1787,descripcion1787,1/3/2004
propuesta1788,descripcion1788,1/4/2004
propuesta1789,descripcion1789,1/5/2004
propuesta1790,descripcion1790,1/6/2004
propuesta1791,descripcion1791,1/7/2004
propuesta1792,descripcion1792,1/8/2004
propuesta1793,descripcion1793,1/9/2004
propuesta1794,descripcion1794,1/10/2004
propuesta1795,descripcion1795,1/11/2004
propuesta1796,descripcion1796,1/12/2004
propuesta1797,descripcion1797,1/13/2004
propuesta1798,descripcion1798,1/14/2004
propuesta1799,descripcion1799,1/15/2004
propuesta1800,descripcion1800,1/16/2004
propuesta1801,descripcion1801,1/17/2004
propuesta1802,descripcion1802,1/18/2004
propuesta1803,descripcion1803,1/19/2004
propuesta1804,descripcion1804,1/20/2004
propuesta1805,descripcion1805,1/21/2004
propuesta1806,descripcion1806,1/22/2004
propuesta1807,descripcion1807,1/23/2004
propuesta1808,descripcion1808,1/24/2004
propuesta1809,descripcion1809,1/25/2004
propuesta1810,descripcion1810,1/26/2004
propuesta1811,descripcion1811,1/27/2004
propuesta1812,descripcion1812,1/28/2004
propuesta1813,descripcion1813,1/29/2004
propuesta1814,descripcion1814,1/30/2004
propuesta1815,descripcion1815,1/31/2004
propuesta1816,descripcion1816,2/1/2004
propuesta1817,descripcion1817,2/2/2004
propuesta1818,descripcion1818,2/3/2004
propuesta1819,descripcion1819,2/4/2004
propuesta1820,descripcion1820,2/5/2004
propuesta1821,descripcion1821,2/6/2004
propuesta1822,descripcion1822,2/7/2004
propuesta1823,descripcion1823,2/8/2004
propuesta1824,descripcion1824,2/9/2004
propuesta1825,descripcion1825,2/10/2004
propuesta1826,descripcion1826,2/11/2004
propuesta1827,descripcion1827,2/12/2004
propuesta1828,descripcion1828,2/13/2004
propuesta1829,descripcion1829,2/14/2004
propuesta1830,descripcion1830,2/15/2004
propuesta1831,descripcion1831,2/16/2004
propuesta1832,descripcion1832,2/17/2004
propuesta1833,descripcion1833,2/18/2004
propuesta1834,descripcion1834,2/19/2004
propuesta1835,descripcion1835,2/20/2004
propuesta1836,descripcion1836,2/21/2004
propuesta1837,descripcion1837,2/22/2004
propuesta1838,descripcion1838,2/23/2004
propuesta1839,descripcion1839,2/24/2004
propuesta1840,descripcion1840,2/25/2004
propuesta1841,descripcion1841,2/26/2004
propuesta1842,descripcion1842,2/27/2004
propuesta1843,descripcion1843,2/28/2004
propuesta1844,descripcion1844,2/29/2004
propuesta1845,descripcion1845,3/1/2004
propuesta1846,descripcion1846,3/2/2004
propuesta1847,descripcion1847,3/3/2004
propuesta1848,descripcion1848,3/4/2004
propuesta1849,descripcion1849,3/5/2004
propuesta1850,descripcion1850,3/6/2004
propuesta1851,descripcion1851,3/7/2004
propuesta1852,descripcion1852,3/8/2004
propuesta1853,descripcion1853,3/9/2004
propuesta1854,descripcion1854,3/10/2004
propuesta1855,descripcion1855,3/11/2004
propuesta1856,descripcion1856,3/12/2004
propuesta1857,descripcion1857,3/13/2004
propuesta1858,descripcion1858,3/14/2004
propuesta1859,descripcion1859,3/15/2004
propuesta1860,descripcion1860,3/16/2004
propuesta1861,descripcion1861,3/17/2004
propuesta1862,descripcion1862,3/18/2004
propuesta1863,descripcion1863,3/19/2004
propuesta1864,descripcion1864,3/20/2004
propuesta1865,descripcion1865,3/21/2004
propuesta1866,descripcion1866,3/22/2004
propuesta1867,descripcion1867,3/23/2004
propuesta1868,descripcion1868,3/24/2004
propuesta1869,descripcion1869,3/25/2004
propuesta1870,descripcion1870,3/26/2004
propuesta1871,descripcion1871,3/27/2004
propuesta1872,descripcion1872,3/28/2004
propuesta1873,descripcion1873,3/29/2004
propuesta1874,descripcion1874,3/30/2004
propuesta1875,descripcion1875,3/31/2004
propuesta1876,descripcion1876,4/1/2004
propuesta1877,descripcion1877,4/2/2004
propuesta1878,descripcion1878,4/3/2004
propuesta1879,descripcion1879,4/4/2004
propuesta1880,descripcion1880,4/5/2004
propuesta1881,descripcion1881,4/6/2004
propuesta1882,descripcion1882,4/7/2004
propuesta1883,descripcion1883,4/8/2004
propuesta1884,descripcion1884,4/9/2004
propuesta1885,descripcion1885,4/10/2004
propuesta1886,descripcion1886,4/11/2004
propuesta1887,descripcion1887,4/12/2004
propuesta1888,descripcion1888,4/13/2004
propuesta1889,descripcion1889,4/14/2004
propuesta1890,descripcion1890,4/15/2004
propuesta1891,descripcion1891,4/16/2004
propuesta1892,descripcion1892,4/17/2004
propuesta1893,descripcion1893,4/18/2004
propuesta1894,descripcion1894,4/19/2004
propuesta1895,descripcion1895,4/20/2004
propuesta1896,descripcion1896,4/21/2004
propuesta1897,descripcion1897,4/22/2004
propuesta1898,descripcion1898,4/23/2004
propuesta1899,descripcion1899,4/24/2004
propuesta1900,descripcion1900,4/25/2004
propuesta1901,descripcion1901,4/26/2004
propuesta1902,descripcion1902,4/27/2004
propuesta1903,descripcion1903,4/28/2004
propuesta1904,descripcion1904,4/29/2004
propuesta1905,descripcion1905,4/30/2004
propuesta1906,descripcion1906,5/1/2004
propuesta1907,descripcion1907,5/2/2004
propuesta1908,descripcion1908,5/3/2004
propuesta1909,descripcion1909,5/4/2004
propuesta1910,descripcion1910,5/5/2004
propuesta1911,descripcion1911,5/6/2004
propuesta1912,descripcion1912,5/7/2004
propuesta1913,descripcion1913,5/8/2004
propuesta1914,descripcion1914,5/9/2004
propuesta1915,descripcion1915,5/10/2004
propuesta1916,descripcion1916,5/11/2004
propuesta1917,descripcion1917,5/12/2004
propuesta1918,descripcion1918,5/13/2004
propuesta1919,descripcion1919,5/14/2004
propuesta1920,descripcion1920,5/15/2004
propuesta1921,descripcion1921,5/16/2004
propuesta1922,descripcion1922,5/17/2004
propuesta1923,descripcion1923,5/18/2004
propuesta1924,descripcion1924,5/19/2004
propuesta1925,descripcion1925,5/20/2004
propuesta1926,descripcion1926,5/21/2004
propuesta1927,descripcion1927,5/22/2004
propuesta1928,descripcion1928,5/23/2004
propuesta1929,descripcion1929,5/24/2004
propuesta1930,descripcion1930,5/25/2004
propuesta1931,descripcion1931,5/26/2004
propuesta1932,descripcion1932,5/27/2004
propuesta1933,descripcion1933,5/28/2004
propuesta1934,descripcion1934,5/29/2004
propuesta1935,descripcion1935,5/30/2004
propuesta1936,descripcion1936,5/31/2004
propuesta1937,descripcion1937,6/1/2004
propuesta1938,descripcion1938,6/2/2004
propuesta1939,descripcion1939,6/3/2004
propuesta1940,descripcion1940,6/4/2004
propuesta1941,descripcion1941,6/5/2004
propuesta1942,descripcion1942,6/6/2004
propuesta1943,descripcion1943,6/7/2004
propuesta1944,descripcion1944,6/8/2004
propuesta1945,descripcion1945,6/9/2004
propuesta1946,descripcion1946,6/10/2004
propuesta1947,descripcion1947,6/11/2004
propuesta1948,descripcion1948,6/12/2004
propuesta1949,descripcion1949,6/13/2004
propuesta1950,descripcion1950,6/14/2004
propuesta1951,descripcion1951,6/15/2004
propuesta1952,descripcion1952,6/16/2004
propuesta1953,descripcion1953,6/17/2004
propuesta1954,descripcion1954,6/18/2004
propuesta1955,descripcion1955,6/19/2004
propuesta1956,descripcion1956,6/20/2004
propuesta1957,descripcion1957,6/21/2004
propuesta1958,descripcion1958,6/22/2004
propuesta1959,descripcion1959,6/23/2004
propuesta1960,descripcion1960,6/24/2004
propuesta1961,descripcion1961,6/25/2004
propuesta1962,descripcion1962,6/26/2004
propuesta1963,descripcion1963,6/27/2004
propuesta1964,descripcion1964,6/28/2004
propuesta1965,descripcion1965,6/29/2004
propuesta1966,descripcion1966,6/30/2004
propuesta1967,descripcion1967,7/1/2004
propuesta1968,descripcion1968,7/2/2004
propuesta1969,descripcion1969,7/3/2004
propuesta1970,descripcion1970,7/4/2004
propuesta1971,descripcion1971,7/5/2004
propuesta1972,descripcion1972,7/6/2004
propuesta1973,descripcion1973,7/7/2004
propuesta1974,descripcion1974,7/8/2004
propuesta1975,descripcion1975,7/9/2004
propuesta1976,descripcion1976,7/10/2004
propuesta1977,descripcion1977,7/11/2004
propuesta1978,descripcion1978,7/12/2004
propuesta1979,descripcion1979,7/13/2004
propuesta1980,descripcion1980,7/14/2004
propuesta1981,descripcion1981,7/15/2004
propuesta1982,descripcion1982,7/16/2004
propuesta1983,descripcion1983,7/17/2004
propuesta1984,descripcion1984,7/18/2004
propuesta1985,descripcion1985,7/19/2004
propuesta1986,descripcion1986,7/20/2004
propuesta1987,descripcion1987,7/21/2004
propuesta1988,descripcion1988,7/22/2004
propuesta1989,descripcion1989,7/23/2004
propuesta1990,descripcion1990,7/24/2004
propuesta1991,descripcion1991,7/25/2004
propuesta1992,descripcion1992,7/26/2004
propuesta1993,descripcion1993,7/27/2004
propuesta1994,descripcion1994,7/28/2004
propuesta1995,descripcion1995,7/29/2004
propuesta1996,descripcion1996,7/30/2004
propuesta1997,descripcion1997,7/31/2004
propuesta1998,descripcion1998,8/1/2004
propuesta1999,descripcion1999,8/2/2004
propuesta2000,descripcion2000,8/3/2004
