juego,codigo
juego1001,propuesta1
juego1002,propuesta2
juego1003,propuesta3
juego1004,propuesta4
juego1005,propuesta5
juego1006,propuesta6
juego1007,propuesta7
juego1008,propuesta8
juego1009,propuesta9
juego1010,propuesta10
juego1011,propuesta11
juego1012,propuesta12
juego1013,propuesta13
juego1014,propuesta14
juego1015,propuesta15
juego1016,propuesta16
juego1017,propuesta17
juego1018,propuesta18
juego1019,propuesta19
juego1020,propuesta20
juego1021,propuesta21
juego1022,propuesta22
juego1023,propuesta23
juego1024,propuesta24
juego1025,propuesta25
juego1026,propuesta26
juego1027,propuesta27
juego1028,propuesta28
juego1029,propuesta29
juego1030,propuesta30
juego1031,propuesta31
juego1032,propuesta32
juego1033,propuesta33
juego1034,propuesta34
juego1035,propuesta35
juego1036,propuesta36
juego1037,propuesta37
juego1038,propuesta38
juego1039,propuesta39
juego1040,propuesta40
juego1041,propuesta41
juego1042,propuesta42
juego1043,propuesta43
juego1044,propuesta44
juego1045,propuesta45
juego1046,propuesta46
juego1047,propuesta47
juego1048,propuesta48
juego1049,propuesta49
juego1050,propuesta50
juego1051,propuesta51
juego1052,propuesta52
juego1053,propuesta53
juego1054,propuesta54
juego1055,propuesta55
juego1056,propuesta56
juego1057,propuesta57
juego1058,propuesta58
juego1059,propuesta59
juego1060,propuesta60
juego1061,propuesta61
juego1062,propuesta62
juego1063,propuesta63
juego1064,propuesta64
juego1065,propuesta65
juego1066,propuesta66
juego1067,propuesta67
juego1068,propuesta68
juego1069,propuesta69
juego1070,propuesta70
juego1071,propuesta71
juego1072,propuesta72
juego1073,propuesta73
juego1074,propuesta74
juego1075,propuesta75
juego1076,propuesta76
juego1077,propuesta77
juego1078,propuesta78
juego1079,propuesta79
juego1080,propuesta80
juego1081,propuesta81
juego1082,propuesta82
juego1083,propuesta83
juego1084,propuesta84
juego1085,propuesta85
juego1086,propuesta86
juego1087,propuesta87
juego1088,propuesta88
juego1089,propuesta89
juego1090,propuesta90
juego1091,propuesta91
juego1092,propuesta92
juego1093,propuesta93
juego1094,propuesta94
juego1095,propuesta95
juego1096,propuesta96
juego1097,propuesta97
juego1098,propuesta98
juego1099,propuesta99
juego1100,propuesta100
juego1101,propuesta101
juego1102,propuesta102
juego1103,propuesta103
juego1104,propuesta104
juego1105,propuesta105
juego1106,propuesta106
juego1107,propuesta107
juego1108,propuesta108
juego1109,propuesta109
juego1110,propuesta110
juego1111,propuesta111
juego1112,propuesta112
juego1113,propuesta113
juego1114,propuesta114
juego1115,propuesta115
juego1116,propuesta116
juego1117,propuesta117
juego1118,propuesta118
juego1119,propuesta119
juego1120,propuesta120
juego1121,propuesta121
juego1122,propuesta122
juego1123,propuesta123
juego1124,propuesta124
juego1125,propuesta125
juego1126,propuesta126
juego1127,propuesta127
juego1128,propuesta128
juego1129,propuesta129
juego1130,propuesta130
juego1131,propuesta131
juego1132,propuesta132
juego1133,propuesta133
juego1134,propuesta134
juego1135,propuesta135
juego1136,propuesta136
juego1137,propuesta137
juego1138,propuesta138
juego1139,propuesta139
juego1140,propuesta140
juego1141,propuesta141
juego1142,propuesta142
juego1143,propuesta143
juego1144,propuesta144
juego1145,propuesta145
juego1146,propuesta146
juego1147,propuesta147
juego1148,propuesta148
juego1149,propuesta149
juego1150,propuesta150
juego1151,propuesta151
juego1152,propuesta152
juego1153,propuesta153
juego1154,propuesta154
juego1155,propuesta155
juego1156,propuesta156
juego1157,propuesta157
juego1158,propuesta158
juego1159,propuesta159
juego1160,propuesta160
juego1161,propuesta161
juego1162,propuesta162
juego1163,propuesta163
juego1164,propuesta164
juego1165,propuesta165
juego1166,propuesta166
juego1167,propuesta167
juego1168,propuesta168
juego1169,propuesta169
juego1170,propuesta170
juego1171,propuesta171
juego1172,propuesta172
juego1173,propuesta173
juego1174,propuesta174
juego1175,propuesta175
juego1176,propuesta176
juego1177,propuesta177
juego1178,propuesta178
juego1179,propuesta179
juego1180,propuesta180
juego1181,propuesta181
juego1182,propuesta182
juego1183,propuesta183
juego1184,propuesta184
juego1185,propuesta185
juego1186,propuesta186
juego1187,propuesta187
juego1188,propuesta188
juego1189,propuesta189
juego1190,propuesta190
juego1191,propuesta191
juego1192,propuesta192
juego1193,propuesta193
juego1194,propuesta194
juego1195,propuesta195
juego1196,propuesta196
juego1197,propuesta197
juego1198,propuesta198
juego1199,propuesta199
juego1200,propuesta200
juego1201,propuesta201
juego1202,propuesta202
juego1203,propuesta203
juego1204,propuesta204
juego1205,propuesta205
juego1206,propuesta206
juego1207,propuesta207
juego1208,propuesta208
juego1209,propuesta209
juego1210,propuesta210
juego1211,propuesta211
juego1212,propuesta212
juego1213,propuesta213
juego1214,propuesta214
juego1215,propuesta215
juego1216,propuesta216
juego1217,propuesta217
juego1218,propuesta218
juego1219,propuesta219
juego1220,propuesta220
juego1221,propuesta221
juego1222,propuesta222
juego1223,propuesta223
juego1224,propuesta224
juego1225,propuesta225
juego1226,propuesta226
juego1227,propuesta227
juego1228,propuesta228
juego1229,propuesta229
juego1230,propuesta230
juego1231,propuesta231
juego1232,propuesta232
juego1233,propuesta233
juego1234,propuesta234
juego1235,propuesta235
juego1236,propuesta236
juego1237,propuesta237
juego1238,propuesta238
juego1239,propuesta239
juego1240,propuesta240
juego1241,propuesta241
juego1242,propuesta242
juego1243,propuesta243
juego1244,propuesta244
juego1245,propuesta245
juego1246,propuesta246
juego1247,propuesta247
juego1248,propuesta248
juego1249,propuesta249
juego1250,propuesta250
juego1251,propuesta251
juego1252,propuesta252
juego1253,propuesta253
juego1254,propuesta254
juego1255,propuesta255
juego1256,propuesta256
juego1257,propuesta257
juego1258,propuesta258
juego1259,propuesta259
juego1260,propuesta260
juego1261,propuesta261
juego1262,propuesta262
juego1263,propuesta263
juego1264,propuesta264
juego1265,propuesta265
juego1266,propuesta266
juego1267,propuesta267
juego1268,propuesta268
juego1269,propuesta269
juego1270,propuesta270
juego1271,propuesta271
juego1272,propuesta272
juego1273,propuesta273
juego1274,propuesta274
juego1275,propuesta275
juego1276,propuesta276
juego1277,propuesta277
juego1278,propuesta278
juego1279,propuesta279
juego1280,propuesta280
juego1281,propuesta281
juego1282,propuesta282
juego1283,propuesta283
juego1284,propuesta284
juego1285,propuesta285
juego1286,propuesta286
juego1287,propuesta287
juego1288,propuesta288
juego1289,propuesta289
juego1290,propuesta290
juego1291,propuesta291
juego1292,propuesta292
juego1293,propuesta293
juego1294,propuesta294
juego1295,propuesta295
juego1296,propuesta296
juego1297,propuesta297
juego1298,propuesta298
juego1299,propuesta299
juego1300,propuesta300
juego1301,propuesta301
juego1302,propuesta302
juego1303,propuesta303
juego1304,propuesta304
juego1305,propuesta305
juego1306,propuesta306
juego1307,propuesta307
juego1308,propuesta308
juego1309,propuesta309
juego1310,propuesta310
juego1311,propuesta311
juego1312,propuesta312
juego1313,propuesta313
juego1314,propuesta314
juego1315,propuesta315
juego1316,propuesta316
juego1317,propuesta317
juego1318,propuesta318
juego1319,propuesta319
juego1320,propuesta320
juego1321,propuesta321
juego1322,propuesta322
juego1323,propuesta323
juego1324,propuesta324
juego1325,propuesta325
juego1326,propuesta326
juego1327,propuesta327
juego1328,propuesta328
juego1329,propuesta329
juego1330,propuesta330
juego1331,propuesta331
juego1332,propuesta332
juego1333,propuesta333
juego1334,propuesta334
juego1335,propuesta335
juego1336,propuesta336
juego1337,propuesta337
juego1338,propuesta338
juego1339,propuesta339
juego1340,propuesta340
juego1341,propuesta341
juego1342,propuesta342
juego1343,propuesta343
juego1344,propuesta344
juego1345,propuesta345
juego1346,propuesta346
juego1347,propuesta347
juego1348,propuesta348
juego1349,propuesta349
juego1350,propuesta350
juego1351,propuesta351
juego1352,propuesta352
juego1353,propuesta353
juego1354,propuesta354
juego1355,propuesta355
juego1356,propuesta356
juego1357,propuesta357
juego1358,propuesta358
juego1359,propuesta359
juego1360,propuesta360
juego1361,propuesta361
juego1362,propuesta362
juego1363,propuesta363
juego1364,propuesta364
juego1365,propuesta365
juego1366,propuesta366
juego1367,propuesta367
juego1368,propuesta368
juego1369,propuesta369
juego1370,propuesta370
juego1371,propuesta371
juego1372,propuesta372
juego1373,propuesta373
juego1374,propuesta374
juego1375,propuesta375
juego1376,propuesta376
juego1377,propuesta377
juego1378,propuesta378
juego1379,propuesta379
juego1380,propuesta380
juego1381,propuesta381
juego1382,propuesta382
juego1383,propuesta383
juego1384,propuesta384
juego1385,propuesta385
juego1386,propuesta386
juego1387,propuesta387
juego1388,propuesta388
juego1389,propuesta389
juego1390,propuesta390
juego1391,propuesta391
juego1392,propuesta392
juego1393,propuesta393
juego1394,propuesta394
juego1395,propuesta395
juego1396,propuesta396
juego1397,propuesta397
juego1398,propuesta398
juego1399,propuesta399
juego1400,propuesta400
juego1401,propuesta401
juego1402,propuesta402
juego1403,propuesta403
juego1404,propuesta404
juego1405,propuesta405
juego1406,propuesta406
juego1407,propuesta407
juego1408,propuesta408
juego1409,propuesta409
juego1410,propuesta410
juego1411,propuesta411
juego1412,propuesta412
juego1413,propuesta413
juego1414,propuesta414
juego1415,propuesta415
juego1416,propuesta416
juego1417,propuesta417
juego1418,propuesta418
juego1419,propuesta419
juego1420,propuesta420
juego1421,propuesta421
juego1422,propuesta422
juego1423,propuesta423
juego1424,propuesta424
juego1425,propuesta425
juego1426,propuesta426
juego1427,propuesta427
juego1428,propuesta428
juego1429,propuesta429
juego1430,propuesta430
juego1431,propuesta431
juego1432,propuesta432
juego1433,propuesta433
juego1434,propuesta434
juego1435,propuesta435
juego1436,propuesta436
juego1437,propuesta437
juego1438,propuesta438
juego1439,propuesta439
juego1440,propuesta440
juego1441,propuesta441
juego1442,propuesta442
juego1443,propuesta443
juego1444,propuesta444
juego1445,propuesta445
juego1446,propuesta446
juego1447,propuesta447
juego1448,propuesta448
juego1449,propuesta449
juego1450,propuesta450
juego1451,propuesta451
juego1452,propuesta452
juego1453,propuesta453
juego1454,propuesta454
juego1455,propuesta455
juego1456,propuesta456
juego1457,propuesta457
juego1458,propuesta458
juego1459,propuesta459
juego1460,propuesta460
juego1461,propuesta461
juego1462,propuesta462
juego1463,propuesta463
juego1464,propuesta464
juego1465,propuesta465
juego1466,propuesta466
juego1467,propuesta467
juego1468,propuesta468
juego1469,propuesta469
juego1470,propuesta470
juego1471,propuesta471
juego1472,propuesta472
juego1473,propuesta473
juego1474,propuesta474
juego1475,propuesta475
juego1476,propuesta476
juego1477,propuesta477
juego1478,propuesta478
juego1479,propuesta479
juego1480,propuesta480
juego1481,propuesta481
juego1482,propuesta482
juego1483,propuesta483
juego1484,propuesta484
juego1485,propuesta485
juego1486,propuesta486
juego1487,propuesta487
juego1488,propuesta488
juego1489,propuesta489
juego1490,propuesta490
juego1491,propuesta491
juego1492,propuesta492
juego1493,propuesta493
juego1494,propuesta494
juego1495,propuesta495
juego1496,propuesta496
juego1497,propuesta497
juego1498,propuesta498
juego1499,propuesta499
juego1500,propuesta500
juego1501,propuesta501
juego1502,propuesta502
juego1503,propuesta503
juego1504,propuesta504
juego1505,propuesta505
juego1506,propuesta506
juego1507,propuesta507
juego1508,propuesta508
juego1509,propuesta509
juego1510,propuesta510
juego1511,propuesta511
juego1512,propuesta512
juego1513,propuesta513
juego1514,propuesta514
juego1515,propuesta515
juego1516,propuesta516
juego1517,propuesta517
juego1518,propuesta518
juego1519,propuesta519
juego1520,propuesta520
juego1521,propuesta521
juego1522,propuesta522
juego1523,propuesta523
juego1524,propuesta524
juego1525,propuesta525
juego1526,propuesta526
juego1527,propuesta527
juego1528,propuesta528
juego1529,propuesta529
juego1530,propuesta530
juego1531,propuesta531
juego1532,propuesta532
juego1533,propuesta533
juego1534,propuesta534
juego1535,propuesta535
juego1536,propuesta536
juego1537,propuesta537
juego1538,propuesta538
juego1539,propuesta539
juego1540,propuesta540
juego1541,propuesta541
juego1542,propuesta542
juego1543,propuesta543
juego1544,propuesta544
juego1545,propuesta545
juego1546,propuesta546
juego1547,propuesta547
juego1548,propuesta548
juego1549,propuesta549
juego1550,propuesta550
juego1551,propuesta551
juego1552,propuesta552
juego1553,propuesta553
juego1554,propuesta554
juego1555,propuesta555
juego1556,propuesta556
juego1557,propuesta557
juego1558,propuesta558
juego1559,propuesta559
juego1560,propuesta560
juego1561,propuesta561
juego1562,propuesta562
juego1563,propuesta563
juego1564,propuesta564
juego1565,propuesta565
juego1566,propuesta566
juego1567,propuesta567
juego1568,propuesta568
juego1569,propuesta569
juego1570,propuesta570
juego1571,propuesta571
juego1572,propuesta572
juego1573,propuesta573
juego1574,propuesta574
juego1575,propuesta575
juego1576,propuesta576
juego1577,propuesta577
juego1578,propuesta578
juego1579,propuesta579
juego1580,propuesta580
juego1581,propuesta581
juego1582,propuesta582
juego1583,propuesta583
juego1584,propuesta584
juego1585,propuesta585
juego1586,propuesta586
juego1587,propuesta587
juego1588,propuesta588
juego1589,propuesta589
juego1590,propuesta590
juego1591,propuesta591
juego1592,propuesta592
juego1593,propuesta593
juego1594,propuesta594
juego1595,propuesta595
juego1596,propuesta596
juego1597,propuesta597
juego1598,propuesta598
juego1599,propuesta599
juego1600,propuesta600
juego1601,propuesta601
juego1602,propuesta602
juego1603,propuesta603
juego1604,propuesta604
juego1605,propuesta605
juego1606,propuesta606
juego1607,propuesta607
juego1608,propuesta608
juego1609,propuesta609
juego1610,propuesta610
juego1611,propuesta611
juego1612,propuesta612
juego1613,propuesta613
juego1614,propuesta614
juego1615,propuesta615
juego1616,propuesta616
juego1617,propuesta617
juego1618,propuesta618
juego1619,propuesta619
juego1620,propuesta620
juego1621,propuesta621
juego1622,propuesta622
juego1623,propuesta623
juego1624,propuesta624
juego1625,propuesta625
juego1626,propuesta626
juego1627,propuesta627
juego1628,propuesta628
juego1629,propuesta629
juego1630,propuesta630
juego1631,propuesta631
juego1632,propuesta632
juego1633,propuesta633
juego1634,propuesta634
juego1635,propuesta635
juego1636,propuesta636
juego1637,propuesta637
juego1638,propuesta638
juego1639,propuesta639
juego1640,propuesta640
juego1641,propuesta641
juego1642,propuesta642
juego1643,propuesta643
juego1644,propuesta644
juego1645,propuesta645
juego1646,propuesta646
juego1647,propuesta647
juego1648,propuesta648
juego1649,propuesta649
juego1650,propuesta650
juego1651,propuesta651
juego1652,propuesta652
juego1653,propuesta653
juego1654,propuesta654
juego1655,propuesta655
juego1656,propuesta656
juego1657,propuesta657
juego1658,propuesta658
juego1659,propuesta659
juego1660,propuesta660
juego1661,propuesta661
juego1662,propuesta662
juego1663,propuesta663
juego1664,propuesta664
juego1665,propuesta665
juego1666,propuesta666
juego1667,propuesta667
juego1668,propuesta668
juego1669,propuesta669
juego1670,propuesta670
juego1671,propuesta671
juego1672,propuesta672
juego1673,propuesta673
juego1674,propuesta674
juego1675,propuesta675
juego1676,propuesta676
juego1677,propuesta677
juego1678,propuesta678
juego1679,propuesta679
juego1680,propuesta680
juego1681,propuesta681
juego1682,propuesta682
juego1683,propuesta683
juego1684,propuesta684
juego1685,propuesta685
juego1686,propuesta686
juego1687,propuesta687
juego1688,propuesta688
juego1689,propuesta689
juego1690,propuesta690
juego1691,propuesta691
juego1692,propuesta692
juego1693,propuesta693
juego1694,propuesta694
juego1695,propuesta695
juego1696,propuesta696
juego1697,propuesta697
juego1698,propuesta698
juego1699,propuesta699
juego1700,propuesta700
juego1701,propuesta701
juego1702,propuesta702
juego1703,propuesta703
juego1704,propuesta704
juego1705,propuesta705
juego1706,propuesta706
juego1707,propuesta707
juego1708,propuesta708
juego1709,propuesta709
juego1710,propuesta710
juego1711,propuesta711
juego1712,propuesta712
juego1713,propuesta713
juego1714,propuesta714
juego1715,propuesta715
juego1716,propuesta716
juego1717,propuesta717
juego1718,propuesta718
juego1719,propuesta719
juego1720,propuesta720
juego1721,propuesta721
juego1722,propuesta722
juego1723,propuesta723
juego1724,propuesta724
juego1725,propuesta725
juego1726,propuesta726
juego1727,propuesta727
juego1728,propuesta728
juego1729,propuesta729
juego1730,propuesta730
juego1731,propuesta731
juego1732,propuesta732
juego1733,propuesta733
juego1734,propuesta734
juego1735,propuesta735
juego1736,propuesta736
juego1737,propuesta737
juego1738,propuesta738
juego1739,propuesta739
juego1740,propuesta740
juego1741,propuesta741
juego1742,propuesta742
juego1743,propuesta743
juego1744,propuesta744
juego1745,propuesta745
juego1746,propuesta746
juego1747,propuesta747
juego1748,propuesta748
juego1749,propuesta749
juego1750,propuesta750
juego1751,propuesta751
juego1752,propuesta752
juego1753,propuesta753
juego1754,propuesta754
juego1755,propuesta755
juego1756,propuesta756
juego1757,propuesta757
juego1758,propuesta758
juego1759,propuesta759
juego1760,propuesta760
juego1761,propuesta761
juego1762,propuesta762
juego1763,propuesta763
juego1764,propuesta764
juego1765,propuesta765
juego1766,propuesta766
juego1767,propuesta767
juego1768,propuesta768
juego1769,propuesta769
juego1770,propuesta770
juego1771,propuesta771
juego1772,propuesta772
juego1773,propuesta773
juego1774,propuesta774
juego1775,propuesta775
juego1776,propuesta776
juego1777,propuesta777
juego1778,propuesta778
juego1779,propuesta779
juego1780,propuesta780
juego1781,propuesta781
juego1782,propuesta782
juego1783,propuesta783
juego1784,propuesta784
juego1785,propuesta785
juego1786,propuesta786
juego1787,propuesta787
juego1788,propuesta788
juego1789,propuesta789
juego1790,propuesta790
juego1791,propuesta791
juego1792,propuesta792
juego1793,propuesta793
juego1794,propuesta794
juego1795,propuesta795
juego1796,propuesta796
juego1797,propuesta797
juego1798,propuesta798
juego1799,propuesta799
juego1800,propuesta800
juego1801,propuesta801
juego1802,propuesta802
juego1803,propuesta803
juego1804,propuesta804
juego1805,propuesta805
juego1806,propuesta806
juego1807,propuesta807
juego1808,propuesta808
juego1809,propuesta809
juego1810,propuesta810
juego1811,propuesta811
juego1812,propuesta812
juego1813,propuesta813
juego1814,propuesta814
juego1815,propuesta815
juego1816,propuesta816
juego1817,propuesta817
juego1818,propuesta818
juego1819,propuesta819
juego1820,propuesta820
juego1821,propuesta821
juego1822,propuesta822
juego1823,propuesta823
juego1824,propuesta824
juego1825,propuesta825
juego1826,propuesta826
juego1827,propuesta827
juego1828,propuesta828
juego1829,propuesta829
juego1830,propuesta830
juego1831,propuesta831
juego1832,propuesta832
juego1833,propuesta833
juego1834,propuesta834
juego1835,propuesta835
juego1836,propuesta836
juego1837,propuesta837
juego1838,propuesta838
juego1839,propuesta839
juego1840,propuesta840
juego1841,propuesta841
juego1842,propuesta842
juego1843,propuesta843
juego1844,propuesta844
juego1845,propuesta845
juego1846,propuesta846
juego1847,propuesta847
juego1848,propuesta848
juego1849,propuesta849
juego1850,propuesta850
juego1851,propuesta851
juego1852,propuesta852
juego1853,propuesta853
juego1854,propuesta854
juego1855,propuesta855
juego1856,propuesta856
juego1857,propuesta857
juego1858,propuesta858
juego1859,propuesta859
juego1860,propuesta860
juego1861,propuesta861
juego1862,propuesta862
juego1863,propuesta863
juego1864,propuesta864
juego1865,propuesta865
juego1866,propuesta866
juego1867,propuesta867
juego1868,propuesta868
juego1869,propuesta869
juego1870,propuesta870
juego1871,propuesta871
juego1872,propuesta872
juego1873,propuesta873
juego1874,propuesta874
juego1875,propuesta875
juego1876,propuesta876
juego1877,propuesta877
juego1878,propuesta878
juego1879,propuesta879
juego1880,propuesta880
juego1881,propuesta881
juego1882,propuesta882
juego1883,propuesta883
juego1884,propuesta884
juego1885,propuesta885
juego1886,propuesta886
juego1887,propuesta887
juego1888,propuesta888
juego1889,propuesta889
juego1890,propuesta890
juego1891,propuesta891
juego1892,propuesta892
juego1893,propuesta893
juego1894,propuesta894
juego1895,propuesta895
juego1896,propuesta896
juego1897,propuesta897
juego1898,propuesta898
juego1899,propuesta899
juego1900,propuesta900
juego1901,propuesta901
juego1902,propuesta902
juego1903,propuesta903
juego1904,propuesta904
juego1905,propuesta905
juego1906,propuesta906
juego1907,propuesta907
juego1908,propuesta908
juego1909,propuesta909
juego1910,propuesta910
juego1911,propuesta911
juego1912,propuesta912
juego1913,propuesta913
juego1914,propuesta914
juego1915,propuesta915
juego1916,propuesta916
juego1917,propuesta917
juego1918,propuesta918
juego1919,propuesta919
juego1920,propuesta920
juego1921,propuesta921
juego1922,propuesta922
juego1923,propuesta923
juego1924,propuesta924
juego1925,propuesta925
juego1926,propuesta926
juego1927,propuesta927
juego1928,propuesta928
juego1929,propuesta929
juego1930,propuesta930
juego1931,propuesta931
juego1932,propuesta932
juego1933,propuesta933
juego1934,propuesta934
juego1935,propuesta935
juego1936,propuesta936
juego1937,propuesta937
juego1938,propuesta938
juego1939,propuesta939
juego1940,propuesta940
juego1941,propuesta941
juego1942,propuesta942
juego1943,propuesta943
juego1944,propuesta944
juego1945,propuesta945
juego1946,propuesta946
juego1947,propuesta947
juego1948,propuesta948
juego1949,propuesta949
juego1950,propuesta950
juego1951,propuesta951
juego1952,propuesta952
juego1953,propuesta953
juego1954,propuesta954
juego1955,propuesta955
juego1956,propuesta956
juego1957,propuesta957
juego1958,propuesta958
juego1959,propuesta959
juego1960,propuesta960
juego1961,propuesta961
juego1962,propuesta962
juego1963,propuesta963
juego1964,propuesta964
juego1965,propuesta965
juego1966,propuesta966
juego1967,propuesta967
juego1968,propuesta968
juego1969,propuesta969
juego1970,propuesta970
juego1971,propuesta971
juego1972,propuesta972
juego1973,propuesta973
juego1974,propuesta974
juego1975,propuesta975
juego1976,propuesta976
juego1977,propuesta977
juego1978,propuesta978
juego1979,propuesta979
juego1980,propuesta980
juego1981,propuesta981
juego1982,propuesta982
juego1983,propuesta983
juego1984,propuesta984
juego1985,propuesta985
juego1986,propuesta986
juego1987,propuesta987
juego1988,propuesta988
juego1989,propuesta989
juego1990,propuesta990
juego1991,propuesta991
juego1992,propuesta992
juego1993,propuesta993
juego1994,propuesta994
juego1995,propuesta995
juego1996,propuesta996
juego1997,propuesta997
juego1998,propuesta998
juego1999,propuesta999
juego2000,propuesta1000
juego1001,propuesta1001
juego1002,propuesta1002
juego1003,propuesta1003
juego1004,propuesta1004
juego1005,propuesta1005
juego1006,propuesta1006
juego1007,propuesta1007
juego1008,propuesta1008
juego1009,propuesta1009
juego1010,propuesta1010
juego1011,propuesta1011
juego1012,propuesta1012
juego1013,propuesta1013
juego1014,propuesta1014
juego1015,propuesta1015
juego1016,propuesta1016
juego1017,propuesta1017
juego1018,propuesta1018
juego1019,propuesta1019
juego1020,propuesta1020
juego1021,propuesta1021
juego1022,propuesta1022
juego1023,propuesta1023
juego1024,propuesta1024
juego1025,propuesta1025
juego1026,propuesta1026
juego1027,propuesta1027
juego1028,propuesta1028
juego1029,propuesta1029
juego1030,propuesta1030
juego1031,propuesta1031
juego1032,propuesta1032
juego1033,propuesta1033
juego1034,propuesta1034
juego1035,propuesta1035
juego1036,propuesta1036
juego1037,propuesta1037
juego1038,propuesta1038
juego1039,propuesta1039
juego1040,propuesta1040
juego1041,propuesta1041
juego1042,propuesta1042
juego1043,propuesta1043
juego1044,propuesta1044
juego1045,propuesta1045
juego1046,propuesta1046
juego1047,propuesta1047
juego1048,propuesta1048
juego1049,propuesta1049
juego1050,propuesta1050
juego1051,propuesta1051
juego1052,propuesta1052
juego1053,propuesta1053
juego1054,propuesta1054
juego1055,propuesta1055
juego1056,propuesta1056
juego1057,propuesta1057
juego1058,propuesta1058
juego1059,propuesta1059
juego1060,propuesta1060
juego1061,propuesta1061
juego1062,propuesta1062
juego1063,propuesta1063
juego1064,propuesta1064
juego1065,propuesta1065
juego1066,propuesta1066
juego1067,propuesta1067
juego1068,propuesta1068
juego1069,propuesta1069
juego1070,propuesta1070
juego1071,propuesta1071
juego1072,propuesta1072
juego1073,propuesta1073
juego1074,propuesta1074
juego1075,propuesta1075
juego1076,propuesta1076
juego1077,propuesta1077
juego1078,propuesta1078
juego1079,propuesta1079
juego1080,propuesta1080
juego1081,propuesta1081
juego1082,propuesta1082
juego1083,propuesta1083
juego1084,propuesta1084
juego1085,propuesta1085
juego1086,propuesta1086
juego1087,propuesta1087
juego1088,propuesta1088
juego1089,propuesta1089
juego1090,propuesta1090
juego1091,propuesta1091
juego1092,propuesta1092
juego1093,propuesta1093
juego1094,propuesta1094
juego1095,propuesta1095
juego1096,propuesta1096
juego1097,propuesta1097
juego1098,propuesta1098
juego1099,propuesta1099
juego1100,propuesta1100
juego1101,propuesta1101
juego1102,propuesta1102
juego1103,propuesta1103
juego1104,propuesta1104
juego1105,propuesta1105
juego1106,propuesta1106
juego1107,propuesta1107
juego1108,propuesta1108
juego1109,propuesta1109
juego1110,propuesta1110
juego1111,propuesta1111
juego1112,propuesta1112
juego1113,propuesta1113
juego1114,propuesta1114
juego1115,propuesta1115
juego1116,propuesta1116
juego1117,propuesta1117
juego1118,propuesta1118
juego1119,propuesta1119
juego1120,propuesta1120
juego1121,propuesta1121
juego1122,propuesta1122
juego1123,propuesta1123
juego1124,propuesta1124
juego1125,propuesta1125
juego1126,propuesta1126
juego1127,propuesta1127
juego1128,propuesta1128
juego1129,propuesta1129
juego1130,propuesta1130
juego1131,propuesta1131
juego1132,propuesta1132
juego1133,propuesta1133
juego1134,propuesta1134
juego1135,propuesta1135
juego1136,propuesta1136
juego1137,propuesta1137
juego1138,propuesta1138
juego1139,propuesta1139
juego1140,propuesta1140
juego1141,propuesta1141
juego1142,propuesta1142
juego1143,propuesta1143
juego1144,propuesta1144
juego1145,propuesta1145
juego1146,propuesta1146
juego1147,propuesta1147
juego1148,propuesta1148
juego1149,propuesta1149
juego1150,propuesta1150
juego1151,propuesta1151
juego1152,propuesta1152
juego1153,propuesta1153
juego1154,propuesta1154
juego1155,propuesta1155
juego1156,propuesta1156
juego1157,propuesta1157
juego1158,propuesta1158
juego1159,propuesta1159
juego1160,propuesta1160
juego1161,propuesta1161
juego1162,propuesta1162
juego1163,propuesta1163
juego1164,propuesta1164
juego1165,propuesta1165
juego1166,propuesta1166
juego1167,propuesta1167
juego1168,propuesta1168
juego1169,propuesta1169
juego1170,propuesta1170
juego1171,propuesta1171
juego1172,propuesta1172
juego1173,propuesta1173
juego1174,propuesta1174
juego1175,propuesta1175
juego1176,propuesta1176
juego1177,propuesta1177
juego1178,propuesta1178
juego1179,propuesta1179
juego1180,propuesta1180
juego1181,propuesta1181
juego1182,propuesta1182
juego1183,propuesta1183
juego1184,propuesta1184
juego1185,propuesta1185
juego1186,propuesta1186
juego1187,propuesta1187
juego1188,propuesta1188
juego1189,propuesta1189
juego1190,propuesta1190
juego1191,propuesta1191
juego1192,propuesta1192
juego1193,propuesta1193
juego1194,propuesta1194
juego1195,propuesta1195
juego1196,propuesta1196
juego1197,propuesta1197
juego1198,propuesta1198
juego1199,propuesta1199
juego1200,propuesta1200
juego1201,propuesta1201
juego1202,propuesta1202
juego1203,propuesta1203
juego1204,propuesta1204
juego1205,propuesta1205
juego1206,propuesta1206
juego1207,propuesta1207
juego1208,propuesta1208
juego1209,propuesta1209
juego1210,propuesta1210
juego1211,propuesta1211
juego1212,propuesta1212
juego1213,propuesta1213
juego1214,propuesta1214
juego1215,propuesta1215
juego1216,propuesta1216
juego1217,propuesta1217
juego1218,propuesta1218
juego1219,propuesta1219
juego1220,propuesta1220
juego1221,propuesta1221
juego1222,propuesta1222
juego1223,propuesta1223
juego1224,propuesta1224
juego1225,propuesta1225
juego1226,propuesta1226
juego1227,propuesta1227
juego1228,propuesta1228
juego1229,propuesta1229
juego1230,propuesta1230
juego1231,propuesta1231
juego1232,propuesta1232
juego1233,propuesta1233
juego1234,propuesta1234
juego1235,propuesta1235
juego1236,propuesta1236
juego1237,propuesta1237
juego1238,propuesta1238
juego1239,propuesta1239
juego1240,propuesta1240
juego1241,propuesta1241
juego1242,propuesta1242
juego1243,propuesta1243
juego1244,propuesta1244
juego1245,propuesta1245
juego1246,propuesta1246
juego1247,propuesta1247
juego1248,propuesta1248
juego1249,propuesta1249
juego1250,propuesta1250
juego1251,propuesta1251
juego1252,propuesta1252
juego1253,propuesta1253
juego1254,propuesta1254
juego1255,propuesta1255
juego1256,propuesta1256
juego1257,propuesta1257
juego1258,propuesta1258
juego1259,propuesta1259
juego1260,propuesta1260
juego1261,propuesta1261
juego1262,propuesta1262
juego1263,propuesta1263
juego1264,propuesta1264
juego1265,propuesta1265
juego1266,propuesta1266
juego1267,propuesta1267
juego1268,propuesta1268
juego1269,propuesta1269
juego1270,propuesta1270
juego1271,propuesta1271
juego1272,propuesta1272
juego1273,propuesta1273
juego1274,propuesta1274
juego1275,propuesta1275
juego1276,propuesta1276
juego1277,propuesta1277
juego1278,propuesta1278
juego1279,propuesta1279
juego1280,propuesta1280
juego1281,propuesta1281
juego1282,propuesta1282
juego1283,propuesta1283
juego1284,propuesta1284
juego1285,propuesta1285
juego1286,propuesta1286
juego1287,propuesta1287
juego1288,propuesta1288
juego1289,propuesta1289
juego1290,propuesta1290
juego1291,propuesta1291
juego1292,propuesta1292
juego1293,propuesta1293
juego1294,propuesta1294
juego1295,propuesta1295
juego1296,propuesta1296
juego1297,propuesta1297
juego1298,propuesta1298
juego1299,propuesta1299
juego1300,propuesta1300
juego1301,propuesta1301
juego1302,propuesta1302
juego1303,propuesta1303
juego1304,propuesta1304
juego1305,propuesta1305
juego1306,propuesta1306
juego1307,propuesta1307
juego1308,propuesta1308
juego1309,propuesta1309
juego1310,propuesta1310
juego1311,propuesta1311
juego1312,propuesta1312
juego1313,propuesta1313
juego1314,propuesta1314
juego1315,propuesta1315
juego1316,propuesta1316
juego1317,propuesta1317
juego1318,propuesta1318
juego1319,propuesta1319
juego1320,propuesta1320
juego1321,propuesta1321
juego1322,propuesta1322
juego1323,propuesta1323
juego1324,propuesta1324
juego1325,propuesta1325
juego1326,propuesta1326
juego1327,propuesta1327
juego1328,propuesta1328
juego1329,propuesta1329
juego1330,propuesta1330
juego1331,propuesta1331
juego1332,propuesta1332
juego1333,propuesta1333
juego1334,propuesta1334
juego1335,propuesta1335
juego1336,propuesta1336
juego1337,propuesta1337
juego1338,propuesta1338
juego1339,propuesta1339
juego1340,propuesta1340
juego1341,propuesta1341
juego1342,propuesta1342
juego1343,propuesta1343
juego1344,propuesta1344
juego1345,propuesta1345
juego1346,propuesta1346
juego1347,propuesta1347
juego1348,propuesta1348
juego1349,propuesta1349
juego1350,propuesta1350
juego1351,propuesta1351
juego1352,propuesta1352
juego1353,propuesta1353
juego1354,propuesta1354
juego1355,propuesta1355
juego1356,propuesta1356
juego1357,propuesta1357
juego1358,propuesta1358
juego1359,propuesta1359
juego1360,propuesta1360
juego1361,propuesta1361
juego1362,propuesta1362
juego1363,propuesta1363
juego1364,propuesta1364
juego1365,propuesta1365
juego1366,propuesta1366
juego1367,propuesta1367
juego1368,propuesta1368
juego1369,propuesta1369
juego1370,propuesta1370
juego1371,propuesta1371
juego1372,propuesta1372
juego1373,propuesta1373
juego1374,propuesta1374
juego1375,propuesta1375
juego1376,propuesta1376
juego1377,propuesta1377
juego1378,propuesta1378
juego1379,propuesta1379
juego1380,propuesta1380
juego1381,propuesta1381
juego1382,propuesta1382
juego1383,propuesta1383
juego1384,propuesta1384
juego1385,propuesta1385
juego1386,propuesta1386
juego1387,propuesta1387
juego1388,propuesta1388
juego1389,propuesta1389
juego1390,propuesta1390
juego1391,propuesta1391
juego1392,propuesta1392
juego1393,propuesta1393
juego1394,propuesta1394
juego1395,propuesta1395
juego1396,propuesta1396
juego1397,propuesta1397
juego1398,propuesta1398
juego1399,propuesta1399
juego1400,propuesta1400
juego1401,propuesta1401
juego1402,propuesta1402
juego1403,propuesta1403
juego1404,propuesta1404
juego1405,propuesta1405
juego1406,propuesta1406
juego1407,propuesta1407
juego1408,propuesta1408
juego1409,propuesta1409
juego1410,propuesta1410
juego1411,propuesta1411
juego1412,propuesta1412
juego1413,propuesta1413
juego1414,propuesta1414
juego1415,propuesta1415
juego1416,propuesta1416
juego1417,propuesta1417
juego1418,propuesta1418
juego1419,propuesta1419
juego1420,propuesta1420
juego1421,propuesta1421
juego1422,propuesta1422
juego1423,propuesta1423
juego1424,propuesta1424
juego1425,propuesta1425
juego1426,propuesta1426
juego1427,propuesta1427
juego1428,propuesta1428
juego1429,propuesta1429
juego1430,propuesta1430
juego1431,propuesta1431
juego1432,propuesta1432
juego1433,propuesta1433
juego1434,propuesta1434
juego1435,propuesta1435
juego1436,propuesta1436
juego1437,propuesta1437
juego1438,propuesta1438
juego1439,propuesta1439
juego1440,propuesta1440
juego1441,propuesta1441
juego1442,propuesta1442
juego1443,propuesta1443
juego1444,propuesta1444
juego1445,propuesta1445
juego1446,propuesta1446
juego1447,propuesta1447
juego1448,propuesta1448
juego1449,propuesta1449
juego1450,propuesta1450
juego1451,propuesta1451
juego1452,propuesta1452
juego1453,propuesta1453
juego1454,propuesta1454
juego1455,propuesta1455
juego1456,propuesta1456
juego1457,propuesta1457
juego1458,propuesta1458
juego1459,propuesta1459
juego1460,propuesta1460
juego1461,propuesta1461
juego1462,propuesta1462
juego1463,propuesta1463
juego1464,propuesta1464
juego1465,propuesta1465
juego1466,propuesta1466
juego1467,propuesta1467
juego1468,propuesta1468
juego1469,propuesta1469
juego1470,propuesta1470
juego1471,propuesta1471
juego1472,propuesta1472
juego1473,propuesta1473
juego1474,propuesta1474
juego1475,propuesta1475
juego1476,propuesta1476
juego1477,propuesta1477
juego1478,propuesta1478
juego1479,propuesta1479
juego1480,propuesta1480
juego1481,propuesta1481
juego1482,propuesta1482
juego1483,propuesta1483
juego1484,propuesta1484
juego1485,propuesta1485
juego1486,propuesta1486
juego1487,propuesta1487
juego1488,propuesta1488
juego1489,propuesta1489
juego1490,propuesta1490
juego1491,propuesta1491
juego1492,propuesta1492
juego1493,propuesta1493
juego1494,propuesta1494
juego1495,propuesta1495
juego1496,propuesta1496
juego1497,propuesta1497
juego1498,propuesta1498
juego1499,propuesta1499
juego1500,propuesta1500
juego1501,propuesta1501
juego1502,propuesta1502
juego1503,propuesta1503
juego1504,propuesta1504
juego1505,propuesta1505
juego1506,propuesta1506
juego1507,propuesta1507
juego1508,propuesta1508
juego1509,propuesta1509
juego1510,propuesta1510
juego1511,propuesta1511
juego1512,propuesta1512
juego1513,propuesta1513
juego1514,propuesta1514
juego1515,propuesta1515
juego1516,propuesta1516
juego1517,propuesta1517
juego1518,propuesta1518
juego1519,propuesta1519
juego1520,propuesta1520
juego1521,propuesta1521
juego1522,propuesta1522
juego1523,propuesta1523
juego1524,propuesta1524
juego1525,propuesta1525
juego1526,propuesta1526
juego1527,propuesta1527
juego1528,propuesta1528
juego1529,propuesta1529
juego1530,propuesta1530
juego1531,propuesta1531
juego1532,propuesta1532
juego1533,propuesta1533
juego1534,propuesta1534
juego1535,propuesta1535
juego1536,propuesta1536
juego1537,propuesta1537
juego1538,propuesta1538
juego1539,propuesta1539
juego1540,propuesta1540
juego1541,propuesta1541
juego1542,propuesta1542
juego1543,propuesta1543
juego1544,propuesta1544
juego1545,propuesta1545
juego1546,propuesta1546
juego1547,propuesta1547
juego1548,propuesta1548
juego1549,propuesta1549
juego1550,propuesta1550
juego1551,propuesta1551
juego1552,propuesta1552
juego1553,propuesta1553
juego1554,propuesta1554
juego1555,propuesta1555
juego1556,propuesta1556
juego1557,propuesta1557
juego1558,propuesta1558
juego1559,propuesta1559
juego1560,propuesta1560
juego1561,propuesta1561
juego1562,propuesta1562
juego1563,propuesta1563
juego1564,propuesta1564
juego1565,propuesta1565
juego1566,propuesta1566
juego1567,propuesta1567
juego1568,propuesta1568
juego1569,propuesta1569
juego1570,propuesta1570
juego1571,propuesta1571
juego1572,propuesta1572
juego1573,propuesta1573
juego1574,propuesta1574
juego1575,propuesta1575
juego1576,propuesta1576
juego1577,propuesta1577
juego1578,propuesta1578
juego1579,propuesta1579
juego1580,propuesta1580
juego1581,propuesta1581
juego1582,propuesta1582
juego1583,propuesta1583
juego1584,propuesta1584
juego1585,propuesta1585
juego1586,propuesta1586
juego1587,propuesta1587
juego1588,propuesta1588
juego1589,propuesta1589
juego1590,propuesta1590
juego1591,propuesta1591
juego1592,propuesta1592
juego1593,propuesta1593
juego1594,propuesta1594
juego1595,propuesta1595
juego1596,propuesta1596
juego1597,propuesta1597
juego1598,propuesta1598
juego1599,propuesta1599
juego1600,propuesta1600
juego1601,propuesta1601
juego1602,propuesta1602
juego1603,propuesta1603
juego1604,propuesta1604
juego1605,propuesta1605
juego1606,propuesta1606
juego1607,propuesta1607
juego1608,propuesta1608
juego1609,propuesta1609
juego1610,propuesta1610
juego1611,propuesta1611
juego1612,propuesta1612
juego1613,propuesta1613
juego1614,propuesta1614
juego1615,propuesta1615
juego1616,propuesta1616
juego1617,propuesta1617
juego1618,propuesta1618
juego1619,propuesta1619
juego1620,propuesta1620
juego1621,propuesta1621
juego1622,propuesta1622
juego1623,propuesta1623
juego1624,propuesta1624
juego1625,propuesta1625
juego1626,propuesta1626
juego1627,propuesta1627
juego1628,propuesta1628
juego1629,propuesta1629
juego1630,propuesta1630
juego1631,propuesta1631
juego1632,propuesta1632
juego1633,propuesta1633
juego1634,propuesta1634
juego1635,propuesta1635
juego1636,propuesta1636
juego1637,propuesta1637
juego1638,propuesta1638
juego1639,propuesta1639
juego1640,propuesta1640
juego1641,propuesta1641
juego1642,propuesta1642
juego1643,propuesta1643
juego1644,propuesta1644
juego1645,propuesta1645
juego1646,propuesta1646
juego1647,propuesta1647
juego1648,propuesta1648
juego1649,propuesta1649
juego1650,propuesta1650
juego1651,propuesta1651
juego1652,propuesta1652
juego1653,propuesta1653
juego1654,propuesta1654
juego1655,propuesta1655
juego1656,propuesta1656
juego1657,propuesta1657
juego1658,propuesta1658
juego1659,propuesta1659
juego1660,propuesta1660
juego1661,propuesta1661
juego1662,propuesta1662
juego1663,propuesta1663
juego1664,propuesta1664
juego1665,propuesta1665
juego1666,propuesta1666
juego1667,propuesta1667
juego1668,propuesta1668
juego1669,propuesta1669
juego1670,propuesta1670
juego1671,propuesta1671
juego1672,propuesta1672
juego1673,propuesta1673
juego1674,propuesta1674
juego1675,propuesta1675
juego1676,propuesta1676
juego1677,propuesta1677
juego1678,propuesta1678
juego1679,propuesta1679
juego1680,propuesta1680
juego1681,propuesta1681
juego1682,propuesta1682
juego1683,propuesta1683
juego1684,propuesta1684
juego1685,propuesta1685
juego1686,propuesta1686
juego1687,propuesta1687
juego1688,propuesta1688
juego1689,propuesta1689
juego1690,propuesta1690
juego1691,propuesta1691
juego1692,propuesta1692
juego1693,propuesta1693
juego1694,propuesta1694
juego1695,propuesta1695
juego1696,propuesta1696
juego1697,propuesta1697
juego1698,propuesta1698
juego1699,propuesta1699
juego1700,propuesta1700
juego1701,propuesta1701
juego1702,propuesta1702
juego1703,propuesta1703
juego1704,propuesta1704
juego1705,propuesta1705
juego1706,propuesta1706
juego1707,propuesta1707
juego1708,propuesta1708
juego1709,propuesta1709
juego1710,propuesta1710
juego1711,propuesta1711
juego1712,propuesta1712
juego1713,propuesta1713
juego1714,propuesta1714
juego1715,propuesta1715
juego1716,propuesta1716
juego1717,propuesta1717
juego1718,propuesta1718
juego1719,propuesta1719
juego1720,propuesta1720
juego1721,propuesta1721
juego1722,propuesta1722
juego1723,propuesta1723
juego1724,propuesta1724
juego1725,propuesta1725
juego1726,propuesta1726
juego1727,propuesta1727
juego1728,propuesta1728
juego1729,propuesta1729
juego1730,propuesta1730
juego1731,propuesta1731
juego1732,propuesta1732
juego1733,propuesta1733
juego1734,propuesta1734
juego1735,propuesta1735
juego1736,propuesta1736
juego1737,propuesta1737
juego1738,propuesta1738
juego1739,propuesta1739
juego1740,propuesta1740
juego1741,propuesta1741
juego1742,propuesta1742
juego1743,propuesta1743
juego1744,propuesta1744
juego1745,propuesta1745
juego1746,propuesta1746
juego1747,propuesta1747
juego1748,propuesta1748
juego1749,propuesta1749
juego1750,propuesta1750
juego1751,propuesta1751
juego1752,propuesta1752
juego1753,propuesta1753
juego1754,propuesta1754
juego1755,propuesta1755
juego1756,propuesta1756
juego1757,propuesta1757
juego1758,propuesta1758
juego1759,propuesta1759
juego1760,propuesta1760
juego1761,propuesta1761
juego1762,propuesta1762
juego1763,propuesta1763
juego1764,propuesta1764
juego1765,propuesta1765
juego1766,propuesta1766
juego1767,propuesta1767
juego1768,propuesta1768
juego1769,propuesta1769
juego1770,propuesta1770
juego1771,propuesta1771
juego1772,propuesta1772
juego1773,propuesta1773
juego1774,propuesta1774
juego1775,propuesta1775
juego1776,propuesta1776
juego1777,propuesta1777
juego1778,propuesta1778
juego1779,propuesta1779
juego1780,propuesta1780
juego1781,propuesta1781
juego1782,propuesta1782
juego1783,propuesta1783
juego1784,propuesta1784
juego1785,propuesta1785
juego1786,propuesta1786
juego1787,propuesta1787
juego1788,propuesta1788
juego1789,propuesta1789
juego1790,propuesta1790
juego1791,propuesta1791
juego1792,propuesta1792
juego1793,propuesta1793
juego1794,propuesta1794
juego1795,propuesta1795
juego1796,propuesta1796
juego1797,propuesta1797
juego1798,propuesta1798
juego1799,propuesta1799
juego1800,propuesta1800
juego1801,propuesta1801
juego1802,propuesta1802
juego1803,propuesta1803
juego1804,propuesta1804
juego1805,propuesta1805
juego1806,propuesta1806
juego1807,propuesta1807
juego1808,propuesta1808
juego1809,propuesta1809
juego1810,propuesta1810
juego1811,propuesta1811
juego1812,propuesta1812
juego1813,propuesta1813
juego1814,propuesta1814
juego1815,propuesta1815
juego1816,propuesta1816
juego1817,propuesta1817
juego1818,propuesta1818
juego1819,propuesta1819
juego1820,propuesta1820
juego1821,propuesta1821
juego1822,propuesta1822
juego1823,propuesta1823
juego1824,propuesta1824
juego1825,propuesta1825
juego1826,propuesta1826
juego1827,propuesta1827
juego1828,propuesta1828
juego1829,propuesta1829
juego1830,propuesta1830
juego1831,propuesta1831
juego1832,propuesta1832
juego1833,propuesta1833
juego1834,propuesta1834
juego1835,propuesta1835
juego1836,propuesta1836
juego1837,propuesta1837
juego1838,propuesta1838
juego1839,propuesta1839
juego1840,propuesta1840
juego1841,propuesta1841
juego1842,propuesta1842
juego1843,propuesta1843
juego1844,propuesta1844
juego1845,propuesta1845
juego1846,propuesta1846
juego1847,propuesta1847
juego1848,propuesta1848
juego1849,propuesta1849
juego1850,propuesta1850
juego1851,propuesta1851
juego1852,propuesta1852
juego1853,propuesta1853
juego1854,propuesta1854
juego1855,propuesta1855
juego1856,propuesta1856
juego1857,propuesta1857
juego1858,propuesta1858
juego1859,propuesta1859
juego1860,propuesta1860
juego1861,propuesta1861
juego1862,propuesta1862
juego1863,propuesta1863
juego1864,propuesta1864
juego1865,propuesta1865
juego1866,propuesta1866
juego1867,propuesta1867
juego1868,propuesta1868
juego1869,propuesta1869
juego1870,propuesta1870
juego1871,propuesta1871
juego1872,propuesta1872
juego1873,propuesta1873
juego1874,propuesta1874
juego1875,propuesta1875
juego1876,propuesta1876
juego1877,propuesta1877
juego1878,propuesta1878
juego1879,propuesta1879
juego1880,propuesta1880
juego1881,propuesta1881
juego1882,propuesta1882
juego1883,propuesta1883
juego1884,propuesta1884
juego1885,propuesta1885
juego1886,propuesta1886
juego1887,propuesta1887
juego1888,propuesta1888
juego1889,propuesta1889
juego1890,propuesta1890
juego1891,propuesta1891
juego1892,propuesta1892
juego1893,propuesta1893
juego1894,propuesta1894
juego1895,propuesta1895
juego1896,propuesta1896
juego1897,propuesta1897
juego1898,propuesta1898
juego1899,propuesta1899
juego1900,propuesta1900
juego1901,propuesta1901
juego1902,propuesta1902
juego1903,propuesta1903
juego1904,propuesta1904
juego1905,propuesta1905
juego1906,propuesta1906
juego1907,propuesta1907
juego1908,propuesta1908
juego1909,propuesta1909
juego1910,propuesta1910
juego1911,propuesta1911
juego1912,propuesta1912
juego1913,propuesta1913
juego1914,propuesta1914
juego1915,propuesta1915
juego1916,propuesta1916
juego1917,propuesta1917
juego1918,propuesta1918
juego1919,propuesta1919
juego1920,propuesta1920
juego1921,propuesta1921
juego1922,propuesta1922
juego1923,propuesta1923
juego1924,propuesta1924
juego1925,propuesta1925
juego1926,propuesta1926
juego1927,propuesta1927
juego1928,propuesta1928
juego1929,propuesta1929
juego1930,propuesta1930
juego1931,propuesta1931
juego1932,propuesta1932
juego1933,propuesta1933
juego1934,propuesta1934
juego1935,propuesta1935
juego1936,propuesta1936
juego1937,propuesta1937
juego1938,propuesta1938
juego1939,propuesta1939
juego1940,propuesta1940
juego1941,propuesta1941
juego1942,propuesta1942
juego1943,propuesta1943
juego1944,propuesta1944
juego1945,propuesta1945
juego1946,propuesta1946
juego1947,propuesta1947
juego1948,propuesta1948
juego1949,propuesta1949
juego1950,propuesta1950
juego1951,propuesta1951
juego1952,propuesta1952
juego1953,propuesta1953
juego1954,propuesta1954
juego1955,propuesta1955
juego1956,propuesta1956
juego1957,propuesta1957
juego1958,propuesta1958
juego1959,propuesta1959
juego1960,propuesta1960
juego1961,propuesta1961
juego1962,propuesta1962
juego1963,propuesta1963
juego1964,propuesta1964
juego1965,propuesta1965
juego1966,propuesta1966
juego1967,propuesta1967
juego1968,propuesta1968
juego1969,propuesta1969
juego1970,propuesta1970
juego1971,propuesta1971
juego1972,propuesta1972
juego1973,propuesta1973
juego1974,propuesta1974
juego1975,propuesta1975
juego1976,propuesta1976
juego1977,propuesta1977
juego1978,propuesta1978
juego1979,propuesta1979
juego1980,propuesta1980
juego1981,propuesta1981
juego1982,propuesta1982
juego1983,propuesta1983
juego1984,propuesta1984
juego1985,propuesta1985
juego1986,propuesta1986
juego1987,propuesta1987
juego1988,propuesta1988
juego1989,propuesta1989
juego1990,propuesta1990
juego1991,propuesta1991
juego1992,propuesta1992
juego1993,propuesta1993
juego1994,propuesta1994
juego1995,propuesta1995
juego1996,propuesta1996
juego1997,propuesta1997
juego1998,propuesta1998
juego1999,propuesta1999
juego2000,propuesta2000
